regno,acadyear,semester,studyyear,progid,item_code,item,amount,session,regstatus,status
MRU2019000570,2019/2020,1,1,BAED,1,Tuition,630000,DAY,UNREGISTERED,PLANNED
MRU2019000570,2019/2020,1,1,BAED,52,Functional,767000,DAY,UNREGISTERED,PLANNED
MRU2019000570,2019/2020,2,1,BAED,1,Tuition,630000,DAY,UNREGISTERED,PLANNED
MRU2019000570,2019/2020,2,1,BAED,52,Functional,677000,DAY,UNREGISTERED,PLANNED
MRU2019000570,2021/2022,2,3,BAED,1,Tuition,630000,DAY,UNREGISTERED,PLANNED
MRU2019000570,2021/2022,2,3,BAED,52,Functional,933000,DAY,UNREGISTERED,PLANNED
MRU2019000873,2019/2020,1,2,BVS,1,Tuition,730000,DAY,UNREGISTERED,PLANNED
MRU2019000873,2019/2020,1,2,BVS,52,Functional,905250,DAY,UNREGISTERED,PLANNED
MRU2019000873,2019/2020,2,1,BVS,1,Tuition,730000,DAY,UNREGISTERED,PLANNED
MRU2019000873,2019/2020,2,1,BVS,52,Functional,895250,DAY,UNREGISTERED,PLANNED
MRU2019000873,2020/2021,1,2,BVS,1,Tuition,730000,DAY,UNREGISTERED,PLANNED
MRU2019000873,2020/2021,1,2,BVS,52,Functional,905250,DAY,UNREGISTERED,PLANNED
MRU2019000939,2019/2020,1,1,BAED,1,Tuition,630000,DAY,UNREGISTERED,PLANNED
MRU2019000939,2019/2020,1,1,BAED,52,Functional,767000,DAY,UNREGISTERED,PLANNED
MRU2019000939,2019/2020,2,1,BAED,1,Tuition,630000,DAY,UNREGISTERED,PLANNED
MRU2019000939,2019/2020,2,1,BAED,52,Functional,677000,DAY,UNREGISTERED,PLANNED
MRU2019000939,2020/2021,1,2,BAED,1,Tuition,630000,DAY,REGISTERED,PLANNED
MRU2019000939,2020/2021,1,2,BAED,52,Functional,687000,DAY,REGISTERED,PLANNED
MRU2019001556,2019/2020,1,1,DPE,1,Tuition,230000,INSERVICE,REGISTERED,PLANNED
MRU2019001556,2019/2020,1,1,DPE,52,Functional,184000,INSERVICE,REGISTERED,PLANNED
MRU2019001556,2019/2020,2,1,DPE,1,Tuition,230000,INSERVICE,REGISTERED,PLANNED
MRU2019001556,2019/2020,2,1,DPE,52,Functional,154000,INSERVICE,REGISTERED,PLANNED
MRU2019001556,2019/2020,3,1,DPE,1,Tuition,230000,INSERVICE,REGISTERED,PLANNED
MRU2019001556,2019/2020,3,1,DPE,52,Functional,264000,INSERVICE,REGISTERED,PLANNED
MRU2019001556,2020/2021,1,2,DPE,1,Tuition,230000,INSERVICE,REGISTERED,PLANNED
MRU2019001556,2020/2021,1,2,DPE,52,Functional,154000,INSERVICE,REGISTERED,PLANNED
MRU2019001556,2020/2021,2,2,DPE,1,Tuition,230000,INSERVICE,REGISTERED,PLANNED
MRU2019001556,2020/2021,2,2,DPE,52,Functional,154000,INSERVICE,REGISTERED,PLANNED
MRU2019001556,2020/2021,3,2,DPE,1,Tuition,230000,INSERVICE,REGISTERED,PLANNED
MRU2019001556,2020/2021,3,2,DPE,52,Functional,344000,INSERVICE,REGISTERED,PLANNED
MRU2020000246,2021/2022,1,2,BEICT,1,Tuition,680000,DAY,UNREGISTERED,PLANNED
MRU2020000246,2021/2022,1,2,BEICT,52,Functional,687000,DAY,UNREGISTERED,PLANNED
MRU2020000246,2022/2023,1,3,BEICT,1,Tuition,680000,DAY,UNREGISTERED,PLANNED
MRU2020000246,2022/2023,1,3,BEICT,52,Functional,663000,DAY,UNREGISTERED,PLANNED
MRU2020000404,2020/2021,1,1,BIFA,1,Tuition,730000,DAY,UNREGISTERED,PLANNED
MRU2020000404,2020/2021,1,1,BIFA,52,Functional,985250,DAY,UNREGISTERED,PLANNED
MRU2020000404,2020/2021,2,1,BIFA,1,Tuition,730000,DAY,REGISTERED,PLANNED
MRU2020000404,2020/2021,2,1,BIFA,52,Functional,895250,DAY,REGISTERED,PLANNED
MRU2020000404,2021/2022,1,2,BIFA,1,Tuition,730000,DAY,UNREGISTERED,PLANNED
MRU2020000404,2021/2022,1,2,BIFA,52,Functional,905250,DAY,UNREGISTERED,PLANNED
MRU2020000404,2021/2022,2,2,BIFA,1,Tuition,730000,DAY,UNREGISTERED,PLANNED
MRU2020000404,2021/2022,2,2,BIFA,52,Functional,1071250,DAY,UNREGISTERED,PLANNED
MRU2020000404,2022/2023,1,3,BIFA,1,Tuition,730000,DAY,UNREGISTERED,PLANNED
MRU2020000404,2022/2023,1,3,BIFA,52,Functional,881250,DAY,UNREGISTERED,PLANNED
MRU2020000404,2022/2023,2,3,BIFA,1,Tuition,730000,DAY,UNREGISTERED,PLANNED
MRU2020000404,2022/2023,2,3,BIFA,52,Functional,951250,DAY,UNREGISTERED,PLANNED
MRU2020000604,2020/2021,1,1,BEICT,1,Tuition,680000,DAY,UNREGISTERED,PLANNED
MRU2020000604,2020/2021,1,1,BEICT,52,Functional,767000,DAY,UNREGISTERED,PLANNED
MRU2020000604,2020/2021,2,1,BEICT,1,Tuition,680000,DAY,UNREGISTERED,PLANNED
MRU2020000604,2020/2021,2,1,BEICT,52,Functional,677000,DAY,UNREGISTERED,PLANNED
MRU2020000604,2021/2022,1,2,BEICT,1,Tuition,680000,DAY,UNREGISTERED,PLANNED
MRU2020000604,2021/2022,1,2,BEICT,52,Functional,687000,DAY,UNREGISTERED,PLANNED
MRU2020000604,2021/2022,2,2,BEICT,1,Tuition,680000,DAY,REGISTERED,PLANNED
MRU2020000604,2021/2022,2,2,BEICT,52,Functional,853000,DAY,REGISTERED,PLANNED
MRU2020000604,2022/2023,1,3,BEICT,1,Tuition,680000,DAY,UNREGISTERED,PLANNED
MRU2020000604,2022/2023,1,3,BEICT,52,Functional,663000,DAY,UNREGISTERED,PLANNED
MRU2020000604,2022/2023,2,3,BEICT,1,Tuition,680000,DAY,REGISTERED,PLANNED
MRU2020000604,2022/2023,2,3,BEICT,52,Functional,933000,DAY,REGISTERED,PLANNED
MRU2020000717,2020/2021,1,1,BIFA,1,Tuition,730000,DAY,UNREGISTERED,PLANNED
MRU2020000717,2020/2021,1,1,BIFA,52,Functional,985250,DAY,UNREGISTERED,PLANNED
MRU2020000717,2020/2021,2,1,BIFA,1,Tuition,730000,DAY,UNREGISTERED,PLANNED
MRU2020000717,2020/2021,2,1,BIFA,52,Functional,895250,DAY,UNREGISTERED,PLANNED
MRU2020000717,2021/2022,1,2,BIFA,1,Tuition,730000,DAY,UNREGISTERED,PLANNED
MRU2020000717,2021/2022,1,2,BIFA,52,Functional,905250,DAY,UNREGISTERED,PLANNED
MRU2020000717,2021/2022,2,2,BIFA,1,Tuition,730000,DAY,UNREGISTERED,PLANNED
MRU2020000717,2021/2022,2,2,BIFA,52,Functional,1071250,DAY,UNREGISTERED,PLANNED
MRU2020000717,2022/2023,1,3,BIFA,1,Tuition,730000,DAY,UNREGISTERED,PLANNED
MRU2020000717,2022/2023,1,3,BIFA,52,Functional,881250,DAY,UNREGISTERED,PLANNED
MRU2020000717,2022/2023,2,3,BIFA,1,Tuition,730000,DAY,UNREGISTERED,PLANNED
MRU2020000717,2022/2023,2,3,BIFA,52,Functional,951250,DAY,UNREGISTERED,PLANNED
MRU2021000077,2021/2022,1,2,BCE,1,Tuition,1455000,WEEKEND,UNREGISTERED,PLANNED
MRU2021000077,2021/2022,1,2,BCE,52,Functional,1322000,WEEKEND,UNREGISTERED,PLANNED
MRU2021000077,2021/2022,2,2,BCE,1,Tuition,1455000,WEEKEND,UNREGISTERED,PLANNED
MRU2021000077,2021/2022,2,2,BCE,52,Functional,1488000,WEEKEND,UNREGISTERED,PLANNED
MRU2021000077,2022/2023,1,3,BCE,1,Tuition,1455000,WEEKEND,UNREGISTERED,PLANNED
MRU2021000077,2022/2023,1,3,BCE,52,Functional,1298000,WEEKEND,UNREGISTERED,PLANNED
MRU2021000077,2022/2023,2,3,BCE,1,Tuition,1455000,WEEKEND,UNREGISTERED,PLANNED
MRU2021000077,2022/2023,2,3,BCE,52,Functional,1488000,WEEKEND,UNREGISTERED,PLANNED
MRU2021000084,2021/2022,1,1,BBA,1,Tuition,630000,DAY,UNREGISTERED,PLANNED
MRU2021000084,2021/2022,1,1,BBA,52,Functional,767000,DAY,UNREGISTERED,PLANNED
MRU2021000084,2021/2022,2,1,BBA,1,Tuition,630000,DAY,UNREGISTERED,PLANNED
MRU2021000084,2021/2022,2,1,BBA,52,Functional,677000,DAY,UNREGISTERED,PLANNED
MRU2021000084,2022/2023,1,2,BBA,1,Tuition,630000,DAY,UNREGISTERED,PLANNED
MRU2021000084,2022/2023,1,2,BBA,52,Functional,687000,DAY,UNREGISTERED,PLANNED
MRU2021000084,2022/2023,2,2,BBA,1,Tuition,630000,DAY,UNREGISTERED,PLANNED
MRU2021000084,2022/2023,2,2,BBA,52,Functional,653000,DAY,UNREGISTERED,PLANNED
MRU2021000084,2023/2024,2,3,BBA,1,Tuition,630000,DAY,UNREGISTERED,PLANNED
MRU2021000084,2023/2024,2,3,BBA,52,Functional,933000,DAY,UNREGISTERED,PLANNED
MRU2021000091,2021/2022,1,1,BBA,1,Tuition,630000,DAY,UNREGISTERED,PLANNED
MRU2021000091,2021/2022,1,1,BBA,52,Functional,767000,DAY,UNREGISTERED,PLANNED
MRU2021000091,2021/2022,2,1,BBA,1,Tuition,630000,DAY,UNREGISTERED,PLANNED
MRU2021000091,2021/2022,2,1,BBA,52,Functional,677000,DAY,UNREGISTERED,PLANNED
MRU2021000091,2022/2023,1,2,BBA,1,Tuition,630000,DAY,UNREGISTERED,PLANNED
MRU2021000091,2022/2023,1,2,BBA,52,Functional,687000,DAY,UNREGISTERED,PLANNED
MRU2021000091,2022/2023,2,1,BBA,1,Tuition,630000,DAY,UNREGISTERED,PLANNED
MRU2021000091,2022/2023,2,1,BBA,52,Functional,677000,DAY,UNREGISTERED,PLANNED
MRU2021000091,2023/2024,1,3,BBA,1,Tuition,630000,DAY,UNREGISTERED,PLANNED
MRU2021000091,2023/2024,1,3,BBA,52,Functional,663000,DAY,UNREGISTERED,PLANNED
MRU2021000091,2023/2024,2,3,BBA,1,Tuition,630000,DAY,UNREGISTERED,PLANNED
MRU2021000091,2023/2024,2,3,BBA,52,Functional,933000,DAY,UNREGISTERED,PLANNED
MRU2021000091,2024/2025,2,3,BBA,1,Tuition,630000,DAY,REGISTERED,PLANNED
MRU2021000091,2024/2025,2,3,BBA,52,Functional,933000,DAY,REGISTERED,PLANNED
MRU2021000137,2021/2022,1,1,BAED,1,Tuition,630000,DAY,UNREGISTERED,PLANNED
MRU2021000137,2021/2022,1,1,BAED,52,Functional,767000,DAY,UNREGISTERED,PLANNED
MRU2021000137,2021/2022,2,1,BAED,1,Tuition,630000,DAY,UNREGISTERED,PLANNED
MRU2021000137,2021/2022,2,1,BAED,52,Functional,677000,DAY,UNREGISTERED,PLANNED
MRU2021000137,2022/2023,1,2,BAED,1,Tuition,630000,DAY,UNREGISTERED,PLANNED
MRU2021000137,2022/2023,1,2,BAED,52,Functional,687000,DAY,UNREGISTERED,PLANNED
MRU2021000137,2022/2023,2,2,BAED,1,Tuition,630000,DAY,UNREGISTERED,PLANNED
MRU2021000137,2022/2023,2,2,BAED,52,Functional,853000,DAY,UNREGISTERED,PLANNED
MRU2021000137,2023/2024,1,3,BAED,1,Tuition,630000,DAY,UNREGISTERED,PLANNED
MRU2021000137,2023/2024,1,3,BAED,52,Functional,663000,DAY,UNREGISTERED,PLANNED
MRU2021000137,2023/2024,2,3,BAED,1,Tuition,630000,DAY,REGISTERED,PLANNED
MRU2021000137,2023/2024,2,3,BAED,52,Functional,933000,DAY,REGISTERED,PLANNED
MRU2021000163,2021/2022,1,1,BMC,1,Tuition,780000,DAY,UNREGISTERED,PLANNED
MRU2021000163,2021/2022,1,1,BMC,52,Functional,887000,DAY,UNREGISTERED,PLANNED
MRU2021000163,2021/2022,2,1,BMC,1,Tuition,780000,DAY,UNREGISTERED,PLANNED
MRU2021000163,2021/2022,2,1,BMC,52,Functional,797000,DAY,UNREGISTERED,PLANNED
MRU2021000163,2022/2023,1,2,BMC,1,Tuition,780000,DAY,UNREGISTERED,PLANNED
MRU2021000163,2022/2023,1,2,BMC,52,Functional,807000,DAY,UNREGISTERED,PLANNED
MRU2021000163,2022/2023,2,2,BMC,1,Tuition,780000,DAY,UNREGISTERED,PLANNED
MRU2021000163,2022/2023,2,2,BMC,52,Functional,973000,DAY,UNREGISTERED,PLANNED
MRU2021000163,2023/2024,1,3,BMC,1,Tuition,780000,DAY,UNREGISTERED,PLANNED
MRU2021000163,2023/2024,1,3,BMC,52,Functional,783000,DAY,UNREGISTERED,PLANNED
MRU2021000163,2023/2024,2,3,BMC,1,Tuition,780000,DAY,UNREGISTERED,PLANNED
MRU2021000163,2023/2024,2,3,BMC,52,Functional,1053000,DAY,UNREGISTERED,PLANNED
MRU2021000307,2021/2022,1,1,BEICT,1,Tuition,680000,DAY,UNREGISTERED,PLANNED
MRU2021000307,2021/2022,1,1,BEICT,52,Functional,767000,DAY,UNREGISTERED,PLANNED
MRU2021000307,2021/2022,2,1,BEICT,1,Tuition,680000,DAY,UNREGISTERED,PLANNED
MRU2021000307,2021/2022,2,1,BEICT,52,Functional,677000,DAY,UNREGISTERED,PLANNED
MRU2021000307,2022/2023,1,2,BEICT,1,Tuition,680000,DAY,UNREGISTERED,PLANNED
MRU2021000307,2022/2023,1,2,BEICT,52,Functional,687000,DAY,UNREGISTERED,PLANNED
MRU2021000307,2022/2023,2,2,BEICT,1,Tuition,680000,DAY,UNREGISTERED,PLANNED
MRU2021000307,2022/2023,2,2,BEICT,52,Functional,853000,DAY,UNREGISTERED,PLANNED
MRU2021000307,2023/2024,1,3,BEICT,1,Tuition,680000,DAY,UNREGISTERED,PLANNED
MRU2021000307,2023/2024,1,3,BEICT,52,Functional,663000,DAY,UNREGISTERED,PLANNED
MRU2021000307,2023/2024,2,3,BEICT,1,Tuition,680000,DAY,UNREGISTERED,PLANNED
MRU2021000307,2023/2024,2,3,BEICT,52,Functional,933000,DAY,UNREGISTERED,PLANNED
MRU2021000363,2021/2022,1,1,DTHM,1,Tuition,530000,DAY,UNREGISTERED,PLANNED
MRU2021000363,2021/2022,1,1,DTHM,52,Functional,1033700,DAY,UNREGISTERED,PLANNED
MRU2021000363,2021/2022,2,1,DTHM,1,Tuition,530000,DAY,UNREGISTERED,PLANNED
MRU2021000363,2021/2022,2,1,DTHM,52,Functional,943700,DAY,UNREGISTERED,PLANNED
MRU2021000363,2022/2023,1,2,DTHM,1,Tuition,530000,DAY,UNREGISTERED,PLANNED
MRU2021000363,2022/2023,1,2,DTHM,52,Functional,953700,DAY,UNREGISTERED,PLANNED
MRU2021000398,2021/2022,1,1,BCOM,1,Tuition,630000,DAY,UNREGISTERED,PLANNED
MRU2021000398,2021/2022,1,1,BCOM,52,Functional,767000,DAY,UNREGISTERED,PLANNED
MRU2021000398,2021/2022,2,1,BCOM,1,Tuition,630000,DAY,UNREGISTERED,PLANNED
MRU2021000398,2021/2022,2,1,BCOM,52,Functional,677000,DAY,UNREGISTERED,PLANNED
MRU2021000398,2022/2023,1,2,BCOM,1,Tuition,630000,DAY,UNREGISTERED,PLANNED
MRU2021000398,2022/2023,1,2,BCOM,52,Functional,687000,DAY,UNREGISTERED,PLANNED
MRU2021000398,2022/2023,2,2,BCOM,1,Tuition,630000,DAY,UNREGISTERED,PLANNED
MRU2021000398,2022/2023,2,2,BCOM,52,Functional,653000,DAY,UNREGISTERED,PLANNED
MRU2021000398,2023/2024,1,3,BCOM,1,Tuition,630000,DAY,UNREGISTERED,PLANNED
MRU2021000398,2023/2024,1,3,BCOM,52,Functional,663000,DAY,UNREGISTERED,PLANNED
MRU2021000398,2023/2024,2,3,BCOM,1,Tuition,630000,DAY,UNREGISTERED,PLANNED
MRU2021000398,2023/2024,2,3,BCOM,52,Functional,933000,DAY,UNREGISTERED,PLANNED
MRU2021000413,2021/2022,1,1,BIT,1,Tuition,780000,DAY,UNREGISTERED,PLANNED
MRU2021000413,2021/2022,1,1,BIT,52,Functional,867000,DAY,UNREGISTERED,PLANNED
MRU2021000413,2021/2022,2,1,BIT,1,Tuition,780000,DAY,UNREGISTERED,PLANNED
MRU2021000413,2021/2022,2,1,BIT,52,Functional,677000,DAY,UNREGISTERED,PLANNED
MRU2021000413,2022/2023,1,2,BIT,1,Tuition,780000,DAY,UNREGISTERED,PLANNED
MRU2021000413,2022/2023,1,2,BIT,52,Functional,787000,DAY,UNREGISTERED,PLANNED
MRU2021000413,2022/2023,2,2,BIT,1,Tuition,780000,DAY,UNREGISTERED,PLANNED
MRU2021000413,2022/2023,2,2,BIT,52,Functional,853000,DAY,UNREGISTERED,PLANNED
MRU2021000413,2023/2024,1,3,BIT,1,Tuition,780000,DAY,CLEARED,PLANNED
MRU2021000413,2023/2024,1,3,BIT,52,Functional,763000,DAY,CLEARED,PLANNED
MRU2021000456,2021/2022,1,1,BIT,1,Tuition,780000,DAY,UNREGISTERED,PLANNED
MRU2021000456,2021/2022,1,1,BIT,52,Functional,867000,DAY,UNREGISTERED,PLANNED
MRU2021000456,2021/2022,2,1,BIT,1,Tuition,780000,DAY,UNREGISTERED,PLANNED
MRU2021000456,2021/2022,2,1,BIT,52,Functional,677000,DAY,UNREGISTERED,PLANNED
MRU2021000456,2022/2023,2,2,BIT,1,Tuition,780000,DAY,UNREGISTERED,PLANNED
MRU2021000456,2022/2023,2,2,BIT,52,Functional,853000,DAY,UNREGISTERED,PLANNED
MRU2021000456,2023/2024,1,3,BIT,1,Tuition,780000,DAY,UNREGISTERED,PLANNED
MRU2021000456,2023/2024,1,3,BIT,52,Functional,763000,DAY,UNREGISTERED,PLANNED
MRU2021000464,2021/2022,1,1,BBA,1,Tuition,630000,DAY,UNREGISTERED,PLANNED
MRU2021000464,2021/2022,1,1,BBA,52,Functional,767000,DAY,UNREGISTERED,PLANNED
MRU2021000464,2021/2022,2,1,BBA,1,Tuition,630000,DAY,UNREGISTERED,PLANNED
MRU2021000464,2021/2022,2,1,BBA,52,Functional,677000,DAY,UNREGISTERED,PLANNED
MRU2021000464,2022/2023,1,2,BBA,1,Tuition,630000,DAY,UNREGISTERED,PLANNED
MRU2021000464,2022/2023,1,2,BBA,52,Functional,687000,DAY,UNREGISTERED,PLANNED
MRU2021000464,2022/2023,2,2,BBA,1,Tuition,630000,DAY,UNREGISTERED,PLANNED
MRU2021000464,2022/2023,2,2,BBA,52,Functional,653000,DAY,UNREGISTERED,PLANNED
MRU2021000464,2023/2024,1,3,BBA,1,Tuition,630000,DAY,UNREGISTERED,PLANNED
MRU2021000464,2023/2024,1,3,BBA,52,Functional,663000,DAY,UNREGISTERED,PLANNED
MRU2021000464,2023/2024,2,3,BBA,1,Tuition,630000,DAY,UNREGISTERED,PLANNED
MRU2021000464,2023/2024,2,3,BBA,52,Functional,933000,DAY,UNREGISTERED,PLANNED
MRU2021000614,2021/2022,1,1,SWSA,1,Tuition,630000,DAY,UNREGISTERED,PLANNED
MRU2021000614,2021/2022,1,1,SWSA,52,Functional,767000,DAY,UNREGISTERED,PLANNED
MRU2021000614,2021/2022,2,1,SWSA,1,Tuition,630000,DAY,UNREGISTERED,PLANNED
MRU2021000614,2021/2022,2,1,SWSA,52,Functional,877000,DAY,UNREGISTERED,PLANNED
MRU2021000614,2022/2023,1,2,SWSA,1,Tuition,630000,DAY,REGISTERED,PLANNED
MRU2021000614,2022/2023,1,2,SWSA,52,Functional,687000,DAY,REGISTERED,PLANNED
MRU2021000614,2022/2023,2,2,SWSA,1,Tuition,630000,DAY,REGISTERED,PLANNED
MRU2021000614,2022/2023,2,2,SWSA,52,Functional,853000,DAY,REGISTERED,PLANNED
MRU2021000614,2023/2024,1,3,SWSA,1,Tuition,630000,DAY,UNREGISTERED,PLANNED
MRU2021000614,2023/2024,1,3,SWSA,52,Functional,663000,DAY,UNREGISTERED,PLANNED
MRU2021000614,2023/2024,2,3,SWSA,1,Tuition,630000,DAY,UNREGISTERED,PLANNED
MRU2021000614,2023/2024,2,3,SWSA,52,Functional,733000,DAY,UNREGISTERED,PLANNED
MRU2021000667,2021/2022,1,1,BCE,1,Tuition,1455000,DAY,UNREGISTERED,PLANNED
MRU2021000667,2021/2022,1,1,BCE,52,Functional,1402000,DAY,UNREGISTERED,PLANNED
MRU2021000667,2021/2022,2,1,BCE,1,Tuition,1455000,DAY,UNREGISTERED,PLANNED
MRU2021000667,2021/2022,2,1,BCE,52,Functional,1312000,DAY,UNREGISTERED,PLANNED
MRU2021000667,2022/2023,1,2,BCE,1,Tuition,1455000,DAY,UNREGISTERED,PLANNED
MRU2021000667,2022/2023,1,2,BCE,52,Functional,1322000,DAY,UNREGISTERED,PLANNED
MRU2021000667,2022/2023,2,2,BCE,1,Tuition,1455000,DAY,UNREGISTERED,PLANNED
MRU2021000667,2022/2023,2,2,BCE,52,Functional,1488000,DAY,UNREGISTERED,PLANNED
MRU2021000667,2023/2024,1,3,BCE,1,Tuition,1455000,DAY,UNREGISTERED,PLANNED
MRU2021000667,2023/2024,1,3,BCE,52,Functional,1298000,DAY,UNREGISTERED,PLANNED
MRU2021000667,2023/2024,2,3,BCE,52,Functional,1488000,DAY,REGISTERED,PLANNED
MRU2021000669,2021/2022,1,1,BEICT,1,Tuition,680000,DAY,UNREGISTERED,PLANNED
MRU2021000669,2021/2022,1,1,BEICT,52,Functional,767000,DAY,UNREGISTERED,PLANNED
MRU2021000669,2021/2022,2,1,BEICT,1,Tuition,680000,DAY,UNREGISTERED,PLANNED
MRU2021000669,2021/2022,2,1,BEICT,52,Functional,677000,DAY,UNREGISTERED,PLANNED
MRU2021000669,2022/2023,1,2,BEICT,1,Tuition,680000,DAY,UNREGISTERED,PLANNED
MRU2021000669,2022/2023,1,2,BEICT,52,Functional,687000,DAY,UNREGISTERED,PLANNED
MRU2021000669,2022/2023,2,2,BEICT,1,Tuition,680000,DAY,UNREGISTERED,PLANNED
MRU2021000669,2022/2023,2,2,BEICT,52,Functional,853000,DAY,UNREGISTERED,PLANNED
MRU2021000669,2023/2024,2,3,BEICT,1,Tuition,680000,DAY,UNREGISTERED,PLANNED
MRU2021000669,2023/2024,2,3,BEICT,52,Functional,933000,DAY,UNREGISTERED,PLANNED
MRU2021000681,2021/2022,1,1,BMC,1,Tuition,780000,DAY,UNREGISTERED,PLANNED
MRU2021000681,2021/2022,1,1,BMC,52,Functional,887000,DAY,UNREGISTERED,PLANNED
MRU2021000681,2021/2022,2,1,BMC,1,Tuition,780000,DAY,UNREGISTERED,PLANNED
MRU2021000681,2021/2022,2,1,BMC,52,Functional,797000,DAY,UNREGISTERED,PLANNED
MRU2021000681,2022/2023,1,2,BMC,1,Tuition,780000,DAY,UNREGISTERED,PLANNED
MRU2021000681,2022/2023,1,2,BMC,52,Functional,807000,DAY,UNREGISTERED,PLANNED
MRU2021000681,2023/2024,1,3,BMC,1,Tuition,780000,DAY,UNREGISTERED,PLANNED
MRU2021000681,2023/2024,1,3,BMC,52,Functional,783000,DAY,UNREGISTERED,PLANNED
MRU2021000681,2023/2024,2,3,BMC,1,Tuition,780000,DAY,CLEARED,PLANNED
MRU2021000681,2023/2024,2,3,BMC,52,Functional,1053000,DAY,CLEARED,PLANNED
MRU2021000694,2021/2022,1,1,BSAF,1,Tuition,630000,DAY,UNREGISTERED,PLANNED
MRU2021000694,2021/2022,1,1,BSAF,52,Functional,767000,DAY,UNREGISTERED,PLANNED
MRU2021000694,2021/2022,2,1,BSAF,1,Tuition,630000,DAY,UNREGISTERED,PLANNED
MRU2021000694,2021/2022,2,1,BSAF,52,Functional,677000,DAY,UNREGISTERED,PLANNED
MRU2021000694,2022/2023,1,2,BSAF,1,Tuition,630000,DAY,UNREGISTERED,PLANNED
MRU2021000694,2022/2023,1,2,BSAF,52,Functional,687000,DAY,UNREGISTERED,PLANNED
MRU2021000694,2022/2023,2,2,BSAF,1,Tuition,630000,DAY,UNREGISTERED,PLANNED
MRU2021000694,2022/2023,2,2,BSAF,52,Functional,653000,DAY,UNREGISTERED,PLANNED
MRU2021000694,2023/2024,1,3,BSAF,1,Tuition,630000,DAY,UNREGISTERED,PLANNED
MRU2021000694,2023/2024,1,3,BSAF,52,Functional,663000,DAY,UNREGISTERED,PLANNED
MRU2021000694,2023/2024,2,3,BSAF,1,Tuition,630000,DAY,UNREGISTERED,PLANNED
MRU2021000694,2023/2024,2,3,BSAF,52,Functional,933000,DAY,UNREGISTERED,PLANNED
MRU2021000734,2021/2022,1,1,BBA,1,Tuition,630000,DAY,REGISTERED,PLANNED
MRU2021000734,2021/2022,1,1,BBA,52,Functional,767000,DAY,REGISTERED,PLANNED
MRU2021000734,2022/2023,1,2,BBA,1,Tuition,630000,DAY,REGISTERED,PLANNED
MRU2021000734,2022/2023,1,2,BBA,52,Functional,687000,DAY,REGISTERED,PLANNED
MRU2021000734,2022/2023,2,2,BBA,1,Tuition,630000,DAY,UNREGISTERED,PLANNED
MRU2021000734,2022/2023,2,2,BBA,52,Functional,653000,DAY,UNREGISTERED,PLANNED
MRU2021000734,2023/2024,1,3,BBA,1,Tuition,630000,DAY,UNREGISTERED,PLANNED
MRU2021000734,2023/2024,1,3,BBA,52,Functional,663000,DAY,UNREGISTERED,PLANNED
MRU2021000734,2023/2024,2,3,BBA,1,Tuition,630000,DAY,UNREGISTERED,PLANNED
MRU2021000734,2023/2024,2,3,BBA,52,Functional,933000,DAY,UNREGISTERED,PLANNED
MRU2021000832,2021/2022,1,1,BBA,1,Tuition,630000,DAY,UNREGISTERED,PLANNED
MRU2021000832,2021/2022,1,1,BBA,52,Functional,767000,DAY,UNREGISTERED,PLANNED
MRU2021000832,2021/2022,2,1,BBA,1,Tuition,630000,DAY,UNREGISTERED,PLANNED
MRU2021000832,2021/2022,2,1,BBA,52,Functional,677000,DAY,UNREGISTERED,PLANNED
MRU2021000832,2022/2023,1,2,BBA,1,Tuition,630000,DAY,UNREGISTERED,PLANNED
MRU2021000832,2022/2023,1,2,BBA,52,Functional,687000,DAY,UNREGISTERED,PLANNED
MRU2021000832,2022/2023,2,2,BBA,1,Tuition,630000,DAY,UNREGISTERED,PLANNED
MRU2021000832,2022/2023,2,2,BBA,52,Functional,653000,DAY,UNREGISTERED,PLANNED
MRU2021000832,2023/2024,1,3,BBA,1,Tuition,630000,DAY,UNREGISTERED,PLANNED
MRU2021000832,2023/2024,1,3,BBA,52,Functional,663000,DAY,UNREGISTERED,PLANNED
MRU2021000832,2023/2024,2,3,BBA,1,Tuition,630000,DAY,UNREGISTERED,PLANNED
MRU2021000832,2023/2024,2,3,BBA,52,Functional,933000,DAY,UNREGISTERED,PLANNED
MRU2021001087,2021/2022,1,1,DAD,1,Tuition,530000,DAY,UNREGISTERED,PLANNED
MRU2021001087,2021/2022,1,1,DAD,52,Functional,985250,DAY,UNREGISTERED,PLANNED
MRU2021001087,2021/2022,2,1,DAD,1,Tuition,530000,DAY,UNREGISTERED,PLANNED
MRU2021001087,2021/2022,2,1,DAD,52,Functional,895250,DAY,UNREGISTERED,PLANNED
MRU2021001087,2022/2023,1,2,DAD,1,Tuition,530000,DAY,UNREGISTERED,PLANNED
MRU2021001087,2022/2023,1,2,DAD,52,Functional,905250,DAY,UNREGISTERED,PLANNED
MRU2021001087,2022/2023,2,2,DAD,1,Tuition,530000,DAY,UNREGISTERED,PLANNED
MRU2021001087,2022/2023,2,2,DAD,52,Functional,1151250,DAY,UNREGISTERED,PLANNED
MRU2021001213,2021/2022,1,2,BCE,1,Tuition,1455000,DAY,UNREGISTERED,PLANNED
MRU2021001213,2021/2022,1,2,BCE,52,Functional,1322000,DAY,UNREGISTERED,PLANNED
MRU2021001213,2021/2022,2,2,BCE,1,Tuition,1455000,DAY,UNREGISTERED,PLANNED
MRU2021001213,2021/2022,2,2,BCE,52,Functional,1488000,DAY,UNREGISTERED,PLANNED
MRU2021001213,2022/2023,1,3,BCE,1,Tuition,1455000,DAY,UNREGISTERED,PLANNED
MRU2021001213,2022/2023,1,3,BCE,52,Functional,1298000,DAY,UNREGISTERED,PLANNED
MRU2022000063,2022/2023,1,1,BAED,1,Tuition,630000,DAY,UNREGISTERED,PLANNED
MRU2022000063,2022/2023,1,1,BAED,52,Functional,767000,DAY,UNREGISTERED,PLANNED
MRU2022000063,2022/2023,2,1,BAED,1,Tuition,630000,DAY,UNREGISTERED,PLANNED
MRU2022000063,2022/2023,2,1,BAED,52,Functional,677000,DAY,UNREGISTERED,PLANNED
MRU2022000063,2023/2024,1,2,BAED,1,Tuition,630000,DAY,UNREGISTERED,PLANNED
MRU2022000063,2023/2024,1,2,BAED,52,Functional,687000,DAY,UNREGISTERED,PLANNED
MRU2022000063,2023/2024,2,2,BAED,1,Tuition,630000,DAY,UNREGISTERED,PLANNED
MRU2022000063,2023/2024,2,2,BAED,52,Functional,853000,DAY,UNREGISTERED,PLANNED
MRU2022000070,2022/2023,1,1,BEICT,1,Tuition,680000,DAY,REGISTERED,PLANNED
MRU2022000070,2022/2023,1,1,BEICT,52,Functional,767000,DAY,REGISTERED,PLANNED
MRU2022000070,2022/2023,2,1,BEICT,1,Tuition,680000,DAY,REGISTERED,PLANNED
MRU2022000070,2022/2023,2,1,BEICT,52,Functional,677000,DAY,REGISTERED,PLANNED
MRU2022000070,2023/2024,1,2,BEICT,1,Tuition,680000,DAY,REGISTERED,PLANNED
MRU2022000070,2023/2024,1,2,BEICT,52,Functional,687000,DAY,REGISTERED,PLANNED
MRU2022000070,2023/2024,2,2,BEICT,1,Tuition,680000,DAY,REGISTERED,PLANNED
MRU2022000070,2023/2024,2,2,BEICT,52,Functional,853000,DAY,REGISTERED,PLANNED
MRU2022000075,2022/2023,1,1,BAED,1,Tuition,630000,DAY,UNREGISTERED,PLANNED
MRU2022000075,2022/2023,1,1,BAED,52,Functional,767000,DAY,UNREGISTERED,PLANNED
MRU2022000075,2022/2023,2,1,BAED,1,Tuition,630000,DAY,UNREGISTERED,PLANNED
MRU2022000075,2022/2023,2,1,BAED,52,Functional,677000,DAY,UNREGISTERED,PLANNED
MRU2022000075,2023/2024,1,2,BAED,1,Tuition,630000,DAY,UNREGISTERED,PLANNED
MRU2022000075,2023/2024,1,2,BAED,52,Functional,687000,DAY,UNREGISTERED,PLANNED
MRU2022000075,2023/2024,2,2,BAED,1,Tuition,630000,DAY,UNREGISTERED,PLANNED
MRU2022000075,2023/2024,2,2,BAED,52,Functional,853000,DAY,UNREGISTERED,PLANNED
MRU2022000077,2022/2023,1,1,BIT,1,Tuition,780000,DAY,UNREGISTERED,PLANNED
MRU2022000077,2022/2023,1,1,BIT,52,Functional,867000,DAY,UNREGISTERED,PLANNED
MRU2022000077,2023/2024,1,2,BIT,1,Tuition,780000,DAY,UNREGISTERED,PLANNED
MRU2022000077,2023/2024,1,2,BIT,52,Functional,787000,DAY,UNREGISTERED,PLANNED
MRU2022000082,2022/2023,1,1,BAED,1,Tuition,630000,DAY,UNREGISTERED,PLANNED
MRU2022000082,2022/2023,1,1,BAED,52,Functional,767000,DAY,UNREGISTERED,PLANNED
MRU2022000082,2022/2023,2,1,BAED,1,Tuition,630000,DAY,UNREGISTERED,PLANNED
MRU2022000082,2022/2023,2,1,BAED,52,Functional,677000,DAY,UNREGISTERED,PLANNED
MRU2022000082,2023/2024,1,2,BAED,1,Tuition,630000,DAY,UNREGISTERED,PLANNED
MRU2022000082,2023/2024,1,2,BAED,52,Functional,687000,DAY,UNREGISTERED,PLANNED
MRU2022000082,2023/2024,2,2,BAED,1,Tuition,630000,DAY,UNREGISTERED,PLANNED
MRU2022000082,2023/2024,2,2,BAED,52,Functional,853000,DAY,UNREGISTERED,PLANNED
MRU2022000083,2022/2023,2,1,BTHM,1,Tuition,780000,DAY,UNREGISTERED,PLANNED
MRU2022000083,2022/2023,2,1,BTHM,52,Functional,943700,DAY,UNREGISTERED,PLANNED
MRU2022000083,2023/2024,1,2,BTHM,1,Tuition,780000,DAY,UNREGISTERED,PLANNED
MRU2022000083,2023/2024,1,2,BTHM,52,Functional,953700,DAY,UNREGISTERED,PLANNED
MRU2022000083,2023/2024,2,2,BTHM,1,Tuition,780000,DAY,UNREGISTERED,PLANNED
MRU2022000083,2023/2024,2,2,BTHM,52,Functional,1119700,DAY,UNREGISTERED,PLANNED
MRU2022000100,2022/2023,1,1,BCE,1,Tuition,1455000,DAY,UNREGISTERED,PLANNED
MRU2022000100,2022/2023,1,1,BCE,52,Functional,1402000,DAY,UNREGISTERED,PLANNED
MRU2022000100,2022/2023,2,1,BCE,1,Tuition,1455000,DAY,UNREGISTERED,PLANNED
MRU2022000100,2022/2023,2,1,BCE,52,Functional,1312000,DAY,UNREGISTERED,PLANNED
MRU2022000100,2023/2024,1,2,BCE,1,Tuition,1455000,DAY,UNREGISTERED,PLANNED
MRU2022000100,2023/2024,1,2,BCE,52,Functional,1322000,DAY,UNREGISTERED,PLANNED
MRU2022000100,2023/2024,2,2,BCE,1,Tuition,1455000,DAY,UNREGISTERED,PLANNED
MRU2022000100,2023/2024,2,2,BCE,52,Functional,1488000,DAY,UNREGISTERED,PLANNED
MRU2022000109,2022/2023,2,1,BMC,1,Tuition,780000,DAY,UNREGISTERED,PLANNED
MRU2022000109,2022/2023,2,1,BMC,52,Functional,797000,DAY,UNREGISTERED,PLANNED
MRU2022000109,2023/2024,1,2,BMC,1,Tuition,780000,DAY,UNREGISTERED,PLANNED
MRU2022000109,2023/2024,1,2,BMC,52,Functional,807000,DAY,UNREGISTERED,PLANNED
MRU2022000109,2023/2024,2,2,BMC,1,Tuition,780000,DAY,UNREGISTERED,PLANNED
MRU2022000109,2023/2024,2,2,BMC,52,Functional,973000,DAY,UNREGISTERED,PLANNED
MRU2022000109,2024/2025,1,2,BMC,1,Tuition,780000,DAY,UNREGISTERED,PLANNED
MRU2022000109,2024/2025,1,2,BMC,52,Functional,807000,DAY,UNREGISTERED,PLANNED
MRU2022000112,2022/2023,1,1,BBA,1,Tuition,630000,DAY,UNREGISTERED,PLANNED
MRU2022000112,2022/2023,1,1,BBA,52,Functional,767000,DAY,UNREGISTERED,PLANNED
MRU2022000112,2022/2023,2,1,BBA,1,Tuition,630000,DAY,UNREGISTERED,PLANNED
MRU2022000112,2022/2023,2,1,BBA,52,Functional,677000,DAY,UNREGISTERED,PLANNED
MRU2022000112,2023/2024,1,2,BBA,1,Tuition,630000,DAY,UNREGISTERED,PLANNED
MRU2022000112,2023/2024,1,2,BBA,52,Functional,687000,DAY,UNREGISTERED,PLANNED
MRU2022000112,2023/2024,2,2,BBA,1,Tuition,630000,DAY,UNREGISTERED,PLANNED
MRU2022000112,2023/2024,2,2,BBA,52,Functional,653000,DAY,UNREGISTERED,PLANNED
MRU2022000112,2024/2025,1,3,BBA,1,Tuition,630000,DAY,UNREGISTERED,PLANNED
MRU2022000112,2024/2025,1,3,BBA,52,Functional,663000,DAY,UNREGISTERED,PLANNED
MRU2022000118,2022/2023,1,1,BAED,1,Tuition,630000,DAY,UNREGISTERED,PLANNED
MRU2022000118,2022/2023,1,1,BAED,52,Functional,767000,DAY,UNREGISTERED,PLANNED
MRU2022000118,2022/2023,2,1,BAED,1,Tuition,630000,DAY,UNREGISTERED,PLANNED
MRU2022000118,2022/2023,2,1,BAED,52,Functional,677000,DAY,UNREGISTERED,PLANNED
MRU2022000118,2023/2024,1,2,BAED,1,Tuition,630000,DAY,UNREGISTERED,PLANNED
MRU2022000118,2023/2024,1,2,BAED,52,Functional,687000,DAY,UNREGISTERED,PLANNED
MRU2022000119,2022/2023,1,1,BEICT,1,Tuition,680000,DAY,UNREGISTERED,PLANNED
MRU2022000119,2022/2023,1,1,BEICT,52,Functional,767000,DAY,UNREGISTERED,PLANNED
MRU2022000119,2022/2023,2,1,BEICT,1,Tuition,680000,DAY,UNREGISTERED,PLANNED
MRU2022000119,2022/2023,2,1,BEICT,52,Functional,677000,DAY,UNREGISTERED,PLANNED
MRU2022000119,2023/2024,2,2,BEICT,1,Tuition,680000,DAY,UNREGISTERED,PLANNED
MRU2022000119,2023/2024,2,2,BEICT,52,Functional,853000,DAY,UNREGISTERED,PLANNED
MRU2022000135,2022/2023,1,1,BEICT,1,Tuition,680000,DAY,UNREGISTERED,PLANNED
MRU2022000135,2022/2023,1,1,BEICT,52,Functional,767000,DAY,UNREGISTERED,PLANNED
MRU2022000135,2022/2023,2,1,BEICT,1,Tuition,680000,DAY,UNREGISTERED,PLANNED
MRU2022000135,2022/2023,2,1,BEICT,52,Functional,677000,DAY,UNREGISTERED,PLANNED
MRU2022000135,2023/2024,1,2,BEICT,1,Tuition,680000,DAY,UNREGISTERED,PLANNED
MRU2022000135,2023/2024,1,2,BEICT,52,Functional,687000,DAY,UNREGISTERED,PLANNED
MRU2022000135,2023/2024,2,2,BEICT,1,Tuition,680000,DAY,UNREGISTERED,PLANNED
MRU2022000135,2023/2024,2,2,BEICT,52,Functional,853000,DAY,UNREGISTERED,PLANNED
MRU2022000141,2022/2023,1,1,BAED,1,Tuition,630000,DAY,UNREGISTERED,PLANNED
MRU2022000141,2022/2023,1,1,BAED,52,Functional,767000,DAY,UNREGISTERED,PLANNED
MRU2022000141,2022/2023,2,1,BAED,1,Tuition,630000,DAY,UNREGISTERED,PLANNED
MRU2022000141,2022/2023,2,1,BAED,52,Functional,677000,DAY,UNREGISTERED,PLANNED
MRU2022000141,2023/2024,1,2,BAED,1,Tuition,630000,DAY,UNREGISTERED,PLANNED
MRU2022000141,2023/2024,1,2,BAED,52,Functional,687000,DAY,UNREGISTERED,PLANNED
MRU2022000141,2023/2024,2,2,BAED,1,Tuition,630000,DAY,UNREGISTERED,PLANNED
MRU2022000141,2023/2024,2,2,BAED,52,Functional,853000,DAY,UNREGISTERED,PLANNED
MRU2022000142,2022/2023,1,1,BED(S),1,Tuition,280000,INSERVICE,UNREGISTERED,PLANNED
MRU2022000142,2022/2023,1,1,BED(S),52,Functional,184000,INSERVICE,UNREGISTERED,PLANNED
MRU2022000142,2022/2023,2,1,BED(S),1,Tuition,280000,INSERVICE,UNREGISTERED,PLANNED
MRU2022000142,2022/2023,2,1,BED(S),52,Functional,154000,INSERVICE,UNREGISTERED,PLANNED
MRU2022000142,2022/2023,3,1,BED(S),1,Tuition,280000,INSERVICE,UNREGISTERED,PLANNED
MRU2022000142,2022/2023,3,1,BED(S),52,Functional,154000,INSERVICE,UNREGISTERED,PLANNED
MRU2022000142,2023/2024,2,2,BED(S),1,Tuition,280000,INSERVICE,UNREGISTERED,PLANNED
MRU2022000142,2023/2024,2,2,BED(S),52,Functional,154000,INSERVICE,UNREGISTERED,PLANNED
MRU2022000142,2023/2024,3,2,BED(S),1,Tuition,280000,INSERVICE,UNREGISTERED,PLANNED
MRU2022000142,2023/2024,3,2,BED(S),52,Functional,154000,INSERVICE,UNREGISTERED,PLANNED
MRU2022000142,2024/2025,1,3,BED(S),1,Tuition,280000,INSERVICE,REGISTERED,PLANNED
MRU2022000142,2024/2025,1,3,BED(S),52,Functional,154000,INSERVICE,REGISTERED,PLANNED
MRU2022000142,2024/2025,3,3,BED(S),1,Tuition,280000,INSERVICE,UNREGISTERED,PLANNED
MRU2022000142,2024/2025,3,3,BED(S),52,Functional,234000,INSERVICE,UNREGISTERED,PLANNED
MRU2022000143,2022/2023,1,1,BED(S),1,Tuition,280000,INSERVICE,UNREGISTERED,PLANNED
MRU2022000143,2022/2023,1,1,BED(S),52,Functional,184000,INSERVICE,UNREGISTERED,PLANNED
MRU2022000143,2022/2023,2,1,BED(S),1,Tuition,280000,INSERVICE,UNREGISTERED,PLANNED
MRU2022000143,2022/2023,2,1,BED(S),52,Functional,154000,INSERVICE,UNREGISTERED,PLANNED
MRU2022000143,2022/2023,3,1,BED(S),1,Tuition,280000,INSERVICE,UNREGISTERED,PLANNED
MRU2022000143,2022/2023,3,1,BED(S),52,Functional,154000,INSERVICE,UNREGISTERED,PLANNED
MRU2022000143,2023/2024,2,2,BED(S),1,Tuition,280000,INSERVICE,UNREGISTERED,PLANNED
MRU2022000143,2023/2024,2,2,BED(S),52,Functional,154000,INSERVICE,UNREGISTERED,PLANNED
MRU2022000143,2023/2024,3,2,BED(S),1,Tuition,280000,INSERVICE,UNREGISTERED,PLANNED
MRU2022000143,2023/2024,3,2,BED(S),52,Functional,154000,INSERVICE,UNREGISTERED,PLANNED
MRU2022000143,2024/2025,1,3,BED(S),1,Tuition,280000,INSERVICE,REGISTERED,PLANNED
MRU2022000143,2024/2025,1,3,BED(S),52,Functional,154000,INSERVICE,REGISTERED,PLANNED
MRU2022000143,2024/2025,3,3,BED(S),1,Tuition,280000,INSERVICE,UNREGISTERED,PLANNED
MRU2022000143,2024/2025,3,3,BED(S),52,Functional,234000,INSERVICE,UNREGISTERED,PLANNED
MRU2022000168,2022/2023,1,1,BAED,1,Tuition,630000,DAY,UNREGISTERED,PLANNED
MRU2022000168,2022/2023,1,1,BAED,52,Functional,767000,DAY,UNREGISTERED,PLANNED
MRU2022000168,2023/2024,1,2,BAED,1,Tuition,630000,DAY,UNREGISTERED,PLANNED
MRU2022000168,2023/2024,1,2,BAED,52,Functional,687000,DAY,UNREGISTERED,PLANNED
MRU2022000168,2023/2024,2,2,BAED,1,Tuition,630000,DAY,UNREGISTERED,PLANNED
MRU2022000168,2023/2024,2,2,BAED,52,Functional,853000,DAY,UNREGISTERED,PLANNED
MRU2022000168,2024/2025,1,3,BAED,1,Tuition,630000,DAY,UNREGISTERED,PLANNED
MRU2022000168,2024/2025,1,3,BAED,52,Functional,663000,DAY,UNREGISTERED,PLANNED
MRU2022000170,2022/2023,1,1,BSAF,1,Tuition,630000,DAY,UNREGISTERED,PLANNED
MRU2022000170,2022/2023,1,1,BSAF,52,Functional,767000,DAY,UNREGISTERED,PLANNED
MRU2022000170,2022/2023,2,1,BSAF,1,Tuition,630000,DAY,UNREGISTERED,PLANNED
MRU2022000170,2022/2023,2,1,BSAF,52,Functional,677000,DAY,UNREGISTERED,PLANNED
MRU2022000170,2023/2024,1,2,BSAF,1,Tuition,630000,DAY,UNREGISTERED,PLANNED
MRU2022000170,2023/2024,1,2,BSAF,52,Functional,687000,DAY,UNREGISTERED,PLANNED
MRU2022000173,2022/2023,1,1,BAED,1,Tuition,630000,DAY,UNREGISTERED,PLANNED
MRU2022000173,2022/2023,1,1,BAED,52,Functional,767000,DAY,UNREGISTERED,PLANNED
MRU2022000173,2022/2023,2,1,BAED,1,Tuition,630000,DAY,UNREGISTERED,PLANNED
MRU2022000173,2022/2023,2,1,BAED,52,Functional,677000,DAY,UNREGISTERED,PLANNED
MRU2022000173,2023/2024,1,2,BAED,1,Tuition,630000,DAY,UNREGISTERED,PLANNED
MRU2022000173,2023/2024,1,2,BAED,52,Functional,687000,DAY,UNREGISTERED,PLANNED
MRU2022000173,2023/2024,2,2,BAED,1,Tuition,630000,DAY,UNREGISTERED,PLANNED
MRU2022000173,2023/2024,2,2,BAED,52,Functional,853000,DAY,UNREGISTERED,PLANNED
MRU2022000175,2022/2023,1,1,DCE,1,Tuition,530000,DAY,REGISTERED,PLANNED
MRU2022000175,2022/2023,1,1,DCE,52,Functional,984500,DAY,REGISTERED,PLANNED
MRU2022000176,2022/2023,1,1,DCE,1,Tuition,530000,DAY,UNREGISTERED,PLANNED
MRU2022000176,2022/2023,1,1,DCE,52,Functional,984500,DAY,UNREGISTERED,PLANNED
MRU2022000176,2023/2024,1,2,DCE,1,Tuition,530000,DAY,REGISTERED,PLANNED
MRU2022000176,2023/2024,1,2,DCE,52,Functional,904500,DAY,REGISTERED,PLANNED
MRU2022000176,2023/2024,2,2,DCE,1,Tuition,530000,DAY,UNREGISTERED,PLANNED
MRU2022000176,2023/2024,2,2,DCE,52,Functional,1150500,DAY,UNREGISTERED,PLANNED
MRU2022000177,2022/2023,1,1,BEICT,1,Tuition,680000,DAY,UNREGISTERED,PLANNED
MRU2022000177,2022/2023,1,1,BEICT,52,Functional,767000,DAY,UNREGISTERED,PLANNED
MRU2022000177,2022/2023,2,1,BEICT,1,Tuition,680000,DAY,UNREGISTERED,PLANNED
MRU2022000177,2022/2023,2,1,BEICT,52,Functional,677000,DAY,UNREGISTERED,PLANNED
MRU2022000177,2023/2024,1,2,BEICT,1,Tuition,680000,DAY,REGISTERED,PLANNED
MRU2022000177,2023/2024,1,2,BEICT,52,Functional,687000,DAY,REGISTERED,PLANNED
MRU2022000177,2023/2024,2,2,BEICT,1,Tuition,680000,DAY,REGISTERED,PLANNED
MRU2022000177,2023/2024,2,2,BEICT,52,Functional,853000,DAY,REGISTERED,PLANNED
MRU2022000194,2022/2023,1,1,SWSA,1,Tuition,630000,DAY,UNREGISTERED,PLANNED
MRU2022000194,2022/2023,1,1,SWSA,52,Functional,767000,DAY,UNREGISTERED,PLANNED
MRU2022000194,2022/2023,2,1,SWSA,1,Tuition,630000,DAY,UNREGISTERED,PLANNED
MRU2022000194,2022/2023,2,1,SWSA,52,Functional,877000,DAY,UNREGISTERED,PLANNED
MRU2022000194,2023/2024,1,2,SWSA,1,Tuition,630000,DAY,REGISTERED,PLANNED
MRU2022000194,2023/2024,1,2,SWSA,52,Functional,687000,DAY,REGISTERED,PLANNED
MRU2022000194,2024/2025,1,3,SWSA,1,Tuition,630000,DAY,UNREGISTERED,PLANNED
MRU2022000194,2024/2025,1,3,SWSA,52,Functional,663000,DAY,UNREGISTERED,PLANNED
MRU2022000198,2022/2023,1,1,BVS,1,Tuition,730000,DAY,UNREGISTERED,PLANNED
MRU2022000198,2022/2023,1,1,BVS,52,Functional,985250,DAY,UNREGISTERED,PLANNED
MRU2022000198,2022/2023,2,1,BVS,1,Tuition,730000,DAY,UNREGISTERED,PLANNED
MRU2022000198,2022/2023,2,1,BVS,52,Functional,895250,DAY,UNREGISTERED,PLANNED
MRU2022000198,2023/2024,1,2,BVS,1,Tuition,730000,DAY,UNREGISTERED,PLANNED
MRU2022000198,2023/2024,1,2,BVS,52,Functional,905250,DAY,UNREGISTERED,PLANNED
MRU2022000198,2023/2024,2,2,BVS,1,Tuition,730000,DAY,UNREGISTERED,PLANNED
MRU2022000198,2023/2024,2,2,BVS,52,Functional,1071250,DAY,UNREGISTERED,PLANNED
MRU2022000198,2024/2025,1,3,BVS,1,Tuition,730000,DAY,UNREGISTERED,PLANNED
MRU2022000198,2024/2025,1,3,BVS,52,Functional,881250,DAY,UNREGISTERED,PLANNED
MRU2022000198,2024/2025,2,3,BVS,52,Functional,951250,DAY,REGISTERED,PLANNED
MRU2022000207,2023/2024,2,1,BAED,1,Tuition,630000,DAY,UNREGISTERED,PLANNED
MRU2022000207,2023/2024,2,1,BAED,52,Functional,677000,DAY,UNREGISTERED,PLANNED
MRU2022000213,2023/2024,1,2,BDS,1,Tuition,630000,DAY,UNREGISTERED,PLANNED
MRU2022000213,2023/2024,1,2,BDS,52,Functional,687000,DAY,UNREGISTERED,PLANNED
MRU2022000213,2023/2024,2,2,BDS,1,Tuition,630000,DAY,UNREGISTERED,PLANNED
MRU2022000213,2023/2024,2,2,BDS,52,Functional,653000,DAY,UNREGISTERED,PLANNED
MRU2022000213,2024/2025,1,3,BDS,1,Tuition,630000,DAY,REGISTERED,PLANNED
MRU2022000213,2024/2025,1,3,BDS,52,Functional,663000,DAY,REGISTERED,PLANNED
MRU2022000213,2024/2025,2,3,BDS,1,Tuition,630000,DAY,UNREGISTERED,PLANNED
MRU2022000213,2024/2025,2,3,BDS,52,Functional,933000,DAY,UNREGISTERED,PLANNED
MRU2022000243,2022/2023,1,1,BEICT,1,Tuition,680000,DAY,UNREGISTERED,PLANNED
MRU2022000243,2022/2023,1,1,BEICT,52,Functional,767000,DAY,UNREGISTERED,PLANNED
MRU2022000243,2022/2023,2,1,BEICT,1,Tuition,680000,DAY,UNREGISTERED,PLANNED
MRU2022000243,2022/2023,2,1,BEICT,52,Functional,677000,DAY,UNREGISTERED,PLANNED
MRU2022000243,2023/2024,1,2,BEICT,1,Tuition,680000,DAY,UNREGISTERED,PLANNED
MRU2022000243,2023/2024,1,2,BEICT,52,Functional,687000,DAY,UNREGISTERED,PLANNED
MRU2022000243,2023/2024,2,2,BEICT,1,Tuition,680000,DAY,UNREGISTERED,PLANNED
MRU2022000243,2023/2024,2,2,BEICT,52,Functional,853000,DAY,UNREGISTERED,PLANNED
MRU2022000277,2021/2022,1,1,BBA,1,Tuition,630000,DAY,UNREGISTERED,PLANNED
MRU2022000277,2021/2022,1,1,BBA,52,Functional,767000,DAY,UNREGISTERED,PLANNED
MRU2022000277,2022/2023,1,2,BBA,1,Tuition,630000,DAY,UNREGISTERED,PLANNED
MRU2022000277,2022/2023,1,2,BBA,52,Functional,687000,DAY,UNREGISTERED,PLANNED
MRU2022000277,2022/2023,2,2,BBA,1,Tuition,630000,DAY,UNREGISTERED,PLANNED
MRU2022000277,2022/2023,2,2,BBA,52,Functional,653000,DAY,UNREGISTERED,PLANNED
MRU2022000277,2023/2024,1,3,BBA,1,Tuition,630000,DAY,UNREGISTERED,PLANNED
MRU2022000277,2023/2024,1,3,BBA,52,Functional,663000,DAY,UNREGISTERED,PLANNED
MRU2022000277,2023/2024,2,3,BBA,1,Tuition,630000,DAY,UNREGISTERED,PLANNED
MRU2022000277,2023/2024,2,3,BBA,52,Functional,933000,DAY,UNREGISTERED,PLANNED
MRU2022000279,2022/2023,1,1,BBA,1,Tuition,630000,WEEKEND,UNREGISTERED,PLANNED
MRU2022000279,2022/2023,1,1,BBA,52,Functional,767000,WEEKEND,UNREGISTERED,PLANNED
MRU2022000279,2022/2023,2,1,BBA,1,Tuition,630000,WEEKEND,UNREGISTERED,PLANNED
MRU2022000279,2022/2023,2,1,BBA,52,Functional,677000,WEEKEND,UNREGISTERED,PLANNED
MRU2022000282,2022/2023,1,1,BEICT,1,Tuition,680000,DAY,UNREGISTERED,PLANNED
MRU2022000282,2022/2023,1,1,BEICT,52,Functional,767000,DAY,UNREGISTERED,PLANNED
MRU2022000282,2022/2023,2,1,BEICT,1,Tuition,680000,DAY,UNREGISTERED,PLANNED
MRU2022000282,2022/2023,2,1,BEICT,52,Functional,677000,DAY,UNREGISTERED,PLANNED
MRU2022000282,2023/2024,1,2,BEICT,1,Tuition,680000,DAY,UNREGISTERED,PLANNED
MRU2022000282,2023/2024,1,2,BEICT,52,Functional,687000,DAY,UNREGISTERED,PLANNED
MRU2022000299,2022/2023,1,1,BED(S),1,Tuition,280000,INSERVICE,UNREGISTERED,PLANNED
MRU2022000299,2022/2023,1,1,BED(S),52,Functional,184000,INSERVICE,UNREGISTERED,PLANNED
MRU2022000299,2022/2023,2,1,BED(S),1,Tuition,280000,INSERVICE,UNREGISTERED,PLANNED
MRU2022000299,2022/2023,2,1,BED(S),52,Functional,154000,INSERVICE,UNREGISTERED,PLANNED
MRU2022000299,2022/2023,3,1,BED(S),1,Tuition,280000,INSERVICE,UNREGISTERED,PLANNED
MRU2022000299,2022/2023,3,1,BED(S),52,Functional,154000,INSERVICE,UNREGISTERED,PLANNED
MRU2022000299,2023/2024,2,2,BED(S),1,Tuition,280000,INSERVICE,UNREGISTERED,PLANNED
MRU2022000299,2023/2024,2,2,BED(S),52,Functional,154000,INSERVICE,UNREGISTERED,PLANNED
MRU2022000299,2023/2024,3,2,BED(S),1,Tuition,280000,INSERVICE,UNREGISTERED,PLANNED
MRU2022000299,2023/2024,3,2,BED(S),52,Functional,154000,INSERVICE,UNREGISTERED,PLANNED
MRU2022000299,2024/2025,1,3,BED(S),1,Tuition,280000,INSERVICE,UNREGISTERED,PLANNED
MRU2022000299,2024/2025,1,3,BED(S),52,Functional,154000,INSERVICE,UNREGISTERED,PLANNED
MRU2022000311,2022/2023,1,1,DPE,1,Tuition,230000,INSERVICE,UNREGISTERED,PLANNED
MRU2022000311,2022/2023,1,1,DPE,52,Functional,184000,INSERVICE,UNREGISTERED,PLANNED
MRU2022000311,2022/2023,2,1,DPE,1,Tuition,230000,INSERVICE,UNREGISTERED,PLANNED
MRU2022000311,2022/2023,2,1,DPE,52,Functional,154000,INSERVICE,UNREGISTERED,PLANNED
MRU2022000311,2022/2023,3,1,DPE,1,Tuition,230000,INSERVICE,UNREGISTERED,PLANNED
MRU2022000311,2022/2023,3,1,DPE,52,Functional,264000,INSERVICE,UNREGISTERED,PLANNED
MRU2022000311,2023/2024,1,2,DPE,1,Tuition,230000,INSERVICE,UNREGISTERED,PLANNED
MRU2022000311,2023/2024,1,2,DPE,52,Functional,154000,INSERVICE,UNREGISTERED,PLANNED
MRU2022000311,2023/2024,2,2,DPE,1,Tuition,230000,INSERVICE,UNREGISTERED,PLANNED
MRU2022000311,2023/2024,2,2,DPE,52,Functional,154000,INSERVICE,UNREGISTERED,PLANNED
MRU2022000311,2023/2024,3,2,DPE,1,Tuition,230000,INSERVICE,UNREGISTERED,PLANNED
MRU2022000311,2023/2024,3,2,DPE,52,Functional,344000,INSERVICE,UNREGISTERED,PLANNED
MRU2022000321,2022/2023,1,1,BEICT,1,Tuition,680000,DAY,UNREGISTERED,PLANNED
MRU2022000321,2022/2023,1,1,BEICT,52,Functional,767000,DAY,UNREGISTERED,PLANNED
MRU2022000321,2022/2023,2,1,BEICT,1,Tuition,680000,DAY,UNREGISTERED,PLANNED
MRU2022000321,2022/2023,2,1,BEICT,52,Functional,677000,DAY,UNREGISTERED,PLANNED
MRU2022000321,2023/2024,1,2,BEICT,1,Tuition,680000,DAY,REGISTERED,PLANNED
MRU2022000321,2023/2024,1,2,BEICT,52,Functional,687000,DAY,REGISTERED,PLANNED
MRU2022000326,2022/2023,1,1,BED(P),1,Tuition,280000,INSERVICE,UNREGISTERED,PLANNED
MRU2022000326,2022/2023,1,1,BED(P),52,Functional,184000,INSERVICE,UNREGISTERED,PLANNED
MRU2022000326,2022/2023,2,1,BED(P),1,Tuition,280000,INSERVICE,UNREGISTERED,PLANNED
MRU2022000326,2022/2023,2,1,BED(P),52,Functional,154000,INSERVICE,UNREGISTERED,PLANNED
MRU2022000326,2022/2023,3,1,BED(P),1,Tuition,280000,INSERVICE,UNREGISTERED,PLANNED
MRU2022000326,2022/2023,3,1,BED(P),52,Functional,154000,INSERVICE,UNREGISTERED,PLANNED
MRU2022000326,2023/2024,2,2,BED(P),1,Tuition,280000,INSERVICE,UNREGISTERED,PLANNED
MRU2022000326,2023/2024,2,2,BED(P),52,Functional,154000,INSERVICE,UNREGISTERED,PLANNED
MRU2022000326,2023/2024,3,2,BED(P),1,Tuition,280000,INSERVICE,UNREGISTERED,PLANNED
MRU2022000326,2023/2024,3,2,BED(P),52,Functional,154000,INSERVICE,UNREGISTERED,PLANNED
MRU2022000326,2024/2025,1,3,BED(P),1,Tuition,280000,INSERVICE,REGISTERED,PLANNED
MRU2022000326,2024/2025,1,3,BED(P),52,Functional,154000,INSERVICE,REGISTERED,PLANNED
MRU2022000326,2024/2025,3,3,BED(P),1,Tuition,280000,INSERVICE,REGISTERED,PLANNED
MRU2022000326,2024/2025,3,3,BED(P),52,Functional,234000,INSERVICE,REGISTERED,PLANNED
MRU2022000389,2022/2023,1,1,BECD,1,Tuition,630000,DAY,REGISTERED,PLANNED
MRU2022000389,2022/2023,1,1,BECD,52,Functional,767000,DAY,REGISTERED,PLANNED
MRU2022000389,2022/2023,2,1,BECD,1,Tuition,630000,DAY,REGISTERED,PLANNED
MRU2022000389,2022/2023,2,1,BECD,52,Functional,677000,DAY,REGISTERED,PLANNED
MRU2022000389,2023/2024,1,2,BECD,1,Tuition,630000,DAY,REGISTERED,PLANNED
MRU2022000389,2023/2024,1,2,BECD,52,Functional,687000,DAY,REGISTERED,PLANNED
MRU2022000393,2022/2023,1,1,BED(S),1,Tuition,280000,INSERVICE,UNREGISTERED,PLANNED
MRU2022000393,2022/2023,1,1,BED(S),52,Functional,184000,INSERVICE,UNREGISTERED,PLANNED
MRU2022000393,2022/2023,2,1,BED(S),1,Tuition,280000,INSERVICE,UNREGISTERED,PLANNED
MRU2022000393,2022/2023,2,1,BED(S),52,Functional,154000,INSERVICE,UNREGISTERED,PLANNED
MRU2022000393,2022/2023,3,1,BED(S),1,Tuition,280000,INSERVICE,UNREGISTERED,PLANNED
MRU2022000393,2022/2023,3,1,BED(S),52,Functional,154000,INSERVICE,UNREGISTERED,PLANNED
MRU2022000393,2023/2024,2,2,BED(S),1,Tuition,280000,INSERVICE,UNREGISTERED,PLANNED
MRU2022000393,2023/2024,2,2,BED(S),52,Functional,154000,INSERVICE,UNREGISTERED,PLANNED
MRU2022000400,2022/2023,1,1,BED(P),1,Tuition,280000,INSERVICE,UNREGISTERED,PLANNED
MRU2022000400,2022/2023,1,1,BED(P),52,Functional,184000,INSERVICE,UNREGISTERED,PLANNED
MRU2022000400,2022/2023,2,1,BED(P),1,Tuition,280000,INSERVICE,UNREGISTERED,PLANNED
MRU2022000400,2022/2023,2,1,BED(P),52,Functional,154000,INSERVICE,UNREGISTERED,PLANNED
MRU2022000400,2022/2023,3,1,BED(P),1,Tuition,280000,INSERVICE,UNREGISTERED,PLANNED
MRU2022000400,2022/2023,3,1,BED(P),52,Functional,154000,INSERVICE,UNREGISTERED,PLANNED
MRU2022000400,2023/2024,2,2,BED(P),1,Tuition,280000,INSERVICE,UNREGISTERED,PLANNED
MRU2022000400,2023/2024,2,2,BED(P),52,Functional,154000,INSERVICE,UNREGISTERED,PLANNED
MRU2022000400,2023/2024,3,2,BED(P),1,Tuition,280000,INSERVICE,UNREGISTERED,PLANNED
MRU2022000400,2023/2024,3,2,BED(P),52,Functional,154000,INSERVICE,UNREGISTERED,PLANNED
MRU2022000403,2022/2023,1,1,BED(P),1,Tuition,280000,INSERVICE,UNREGISTERED,PLANNED
MRU2022000403,2022/2023,1,1,BED(P),52,Functional,184000,INSERVICE,UNREGISTERED,PLANNED
MRU2022000403,2022/2023,2,1,BED(P),1,Tuition,280000,INSERVICE,UNREGISTERED,PLANNED
MRU2022000403,2022/2023,2,1,BED(P),52,Functional,154000,INSERVICE,UNREGISTERED,PLANNED
MRU2022000406,2022/2023,1,1,BED(S),1,Tuition,280000,INSERVICE,UNREGISTERED,PLANNED
MRU2022000406,2022/2023,1,1,BED(S),52,Functional,184000,INSERVICE,UNREGISTERED,PLANNED
MRU2022000406,2022/2023,2,1,BED(S),1,Tuition,280000,INSERVICE,UNREGISTERED,PLANNED
MRU2022000406,2022/2023,2,1,BED(S),52,Functional,154000,INSERVICE,UNREGISTERED,PLANNED
MRU2022000406,2022/2023,3,1,BED(S),1,Tuition,280000,INSERVICE,UNREGISTERED,PLANNED
MRU2022000406,2022/2023,3,1,BED(S),52,Functional,154000,INSERVICE,UNREGISTERED,PLANNED
MRU2022000406,2023/2024,2,2,BED(S),1,Tuition,280000,INSERVICE,UNREGISTERED,PLANNED
MRU2022000406,2023/2024,2,2,BED(S),52,Functional,154000,INSERVICE,UNREGISTERED,PLANNED
MRU2022000406,2023/2024,3,2,BED(S),1,Tuition,280000,INSERVICE,UNREGISTERED,PLANNED
MRU2022000406,2023/2024,3,2,BED(S),52,Functional,154000,INSERVICE,UNREGISTERED,PLANNED
MRU2022000407,2022/2023,1,1,BED(S),1,Tuition,280000,INSERVICE,UNREGISTERED,PLANNED
MRU2022000407,2022/2023,1,1,BED(S),52,Functional,184000,INSERVICE,UNREGISTERED,PLANNED
MRU2022000407,2022/2023,2,1,BED(S),1,Tuition,280000,INSERVICE,UNREGISTERED,PLANNED
MRU2022000407,2022/2023,2,1,BED(S),52,Functional,154000,INSERVICE,UNREGISTERED,PLANNED
MRU2022000407,2022/2023,3,1,BED(S),1,Tuition,280000,INSERVICE,UNREGISTERED,PLANNED
MRU2022000407,2022/2023,3,1,BED(S),52,Functional,154000,INSERVICE,UNREGISTERED,PLANNED
MRU2022000407,2024/2025,1,3,BED(S),1,Tuition,280000,INSERVICE,UNREGISTERED,PLANNED
MRU2022000407,2024/2025,1,3,BED(S),52,Functional,154000,INSERVICE,UNREGISTERED,PLANNED
MRU2022000418,2022/2023,1,1,BED(S),1,Tuition,280000,INSERVICE,UNREGISTERED,PLANNED
MRU2022000418,2022/2023,1,1,BED(S),52,Functional,184000,INSERVICE,UNREGISTERED,PLANNED
MRU2022000418,2022/2023,2,1,BED(S),1,Tuition,280000,INSERVICE,UNREGISTERED,PLANNED
MRU2022000418,2022/2023,2,1,BED(S),52,Functional,154000,INSERVICE,UNREGISTERED,PLANNED
MRU2022000418,2022/2023,3,1,BED(S),1,Tuition,280000,INSERVICE,UNREGISTERED,PLANNED
MRU2022000418,2022/2023,3,1,BED(S),52,Functional,154000,INSERVICE,UNREGISTERED,PLANNED
MRU2022000418,2023/2024,2,2,BED(S),1,Tuition,280000,INSERVICE,UNREGISTERED,PLANNED
MRU2022000418,2023/2024,2,2,BED(S),52,Functional,154000,INSERVICE,UNREGISTERED,PLANNED
MRU2022000418,2023/2024,3,2,BED(S),1,Tuition,280000,INSERVICE,UNREGISTERED,PLANNED
MRU2022000418,2023/2024,3,2,BED(S),52,Functional,154000,INSERVICE,UNREGISTERED,PLANNED
MRU2022000420,2022/2023,1,1,BED(P),1,Tuition,280000,INSERVICE,UNREGISTERED,PLANNED
MRU2022000420,2022/2023,1,1,BED(P),52,Functional,184000,INSERVICE,UNREGISTERED,PLANNED
MRU2022000420,2022/2023,2,1,BED(P),1,Tuition,280000,INSERVICE,UNREGISTERED,PLANNED
MRU2022000420,2022/2023,2,1,BED(P),52,Functional,154000,INSERVICE,UNREGISTERED,PLANNED
MRU2022000420,2022/2023,3,1,BED(P),1,Tuition,280000,INSERVICE,UNREGISTERED,PLANNED
MRU2022000420,2022/2023,3,1,BED(P),52,Functional,154000,INSERVICE,UNREGISTERED,PLANNED
MRU2022000420,2023/2024,2,2,BED(P),1,Tuition,280000,INSERVICE,UNREGISTERED,PLANNED
MRU2022000420,2023/2024,2,2,BED(P),52,Functional,154000,INSERVICE,UNREGISTERED,PLANNED
MRU2022000420,2023/2024,3,2,BED(P),1,Tuition,280000,INSERVICE,UNREGISTERED,PLANNED
MRU2022000420,2023/2024,3,2,BED(P),52,Functional,154000,INSERVICE,UNREGISTERED,PLANNED
MRU2022000426,2022/2023,1,1,BIT,1,Tuition,780000,DAY,UNREGISTERED,PLANNED
MRU2022000426,2022/2023,1,1,BIT,52,Functional,867000,DAY,UNREGISTERED,PLANNED
MRU2022000426,2022/2023,2,1,BIT,1,Tuition,780000,DAY,UNREGISTERED,PLANNED
MRU2022000426,2022/2023,2,1,BIT,52,Functional,677000,DAY,UNREGISTERED,PLANNED
MRU2022000426,2023/2024,1,2,BIT,1,Tuition,780000,DAY,UNREGISTERED,PLANNED
MRU2022000426,2023/2024,1,2,BIT,52,Functional,787000,DAY,UNREGISTERED,PLANNED
MRU2022000428,2022/2023,1,1,BSAF,1,Tuition,630000,DAY,UNREGISTERED,PLANNED
MRU2022000428,2022/2023,1,1,BSAF,52,Functional,767000,DAY,UNREGISTERED,PLANNED
MRU2022000428,2022/2023,2,1,BSAF,1,Tuition,630000,DAY,UNREGISTERED,PLANNED
MRU2022000428,2022/2023,2,1,BSAF,52,Functional,677000,DAY,UNREGISTERED,PLANNED
MRU2022000429,2022/2023,1,1,BED(P),1,Tuition,280000,INSERVICE,UNREGISTERED,PLANNED
MRU2022000429,2022/2023,1,1,BED(P),52,Functional,184000,INSERVICE,UNREGISTERED,PLANNED
MRU2022000429,2022/2023,2,1,BED(P),1,Tuition,280000,INSERVICE,UNREGISTERED,PLANNED
MRU2022000429,2022/2023,2,1,BED(P),52,Functional,154000,INSERVICE,UNREGISTERED,PLANNED
MRU2022000429,2022/2023,3,1,BED(P),1,Tuition,280000,INSERVICE,UNREGISTERED,PLANNED
MRU2022000429,2022/2023,3,1,BED(P),52,Functional,154000,INSERVICE,UNREGISTERED,PLANNED
MRU2022000429,2023/2024,2,2,BED(P),1,Tuition,280000,INSERVICE,REGISTERED,PLANNED
MRU2022000429,2023/2024,2,2,BED(P),52,Functional,154000,INSERVICE,REGISTERED,PLANNED
MRU2022000435,2022/2023,1,1,BAED,1,Tuition,630000,DAY,UNREGISTERED,PLANNED
MRU2022000435,2022/2023,1,1,BAED,52,Functional,767000,DAY,UNREGISTERED,PLANNED
MRU2022000435,2022/2023,2,1,BAED,1,Tuition,630000,DAY,UNREGISTERED,PLANNED
MRU2022000435,2022/2023,2,1,BAED,52,Functional,677000,DAY,UNREGISTERED,PLANNED
MRU2022000439,2022/2023,1,1,BED(P),1,Tuition,280000,INSERVICE,UNREGISTERED,PLANNED
MRU2022000439,2022/2023,1,1,BED(P),52,Functional,184000,INSERVICE,UNREGISTERED,PLANNED
MRU2022000439,2022/2023,2,1,BED(P),1,Tuition,280000,INSERVICE,UNREGISTERED,PLANNED
MRU2022000439,2022/2023,2,1,BED(P),52,Functional,154000,INSERVICE,UNREGISTERED,PLANNED
MRU2022000439,2022/2023,3,1,BED(P),1,Tuition,280000,INSERVICE,UNREGISTERED,PLANNED
MRU2022000439,2022/2023,3,1,BED(P),52,Functional,154000,INSERVICE,UNREGISTERED,PLANNED
MRU2022000439,2023/2024,2,2,BED(P),1,Tuition,280000,INSERVICE,UNREGISTERED,PLANNED
MRU2022000439,2023/2024,2,2,BED(P),52,Functional,154000,INSERVICE,UNREGISTERED,PLANNED
MRU2022000440,2022/2023,1,1,BAED,1,Tuition,630000,DAY,UNREGISTERED,PLANNED
MRU2022000440,2022/2023,1,1,BAED,52,Functional,767000,DAY,UNREGISTERED,PLANNED
MRU2022000440,2022/2023,2,1,BAED,1,Tuition,630000,DAY,UNREGISTERED,PLANNED
MRU2022000440,2022/2023,2,1,BAED,52,Functional,677000,DAY,UNREGISTERED,PLANNED
MRU2022000440,2023/2024,1,2,BAED,1,Tuition,630000,DAY,UNREGISTERED,PLANNED
MRU2022000440,2023/2024,1,2,BAED,52,Functional,687000,DAY,UNREGISTERED,PLANNED
MRU2022000448,2022/2023,1,1,BED(P),1,Tuition,280000,INSERVICE,UNREGISTERED,PLANNED
MRU2022000448,2022/2023,1,1,BED(P),52,Functional,184000,INSERVICE,UNREGISTERED,PLANNED
MRU2022000448,2022/2023,2,1,BED(P),1,Tuition,280000,INSERVICE,UNREGISTERED,PLANNED
MRU2022000448,2022/2023,2,1,BED(P),52,Functional,154000,INSERVICE,UNREGISTERED,PLANNED
MRU2022000448,2022/2023,3,1,BED(P),1,Tuition,280000,INSERVICE,UNREGISTERED,PLANNED
MRU2022000448,2022/2023,3,1,BED(P),52,Functional,154000,INSERVICE,UNREGISTERED,PLANNED
MRU2022000448,2023/2024,1,2,BED(P),1,Tuition,280000,INSERVICE,UNREGISTERED,PLANNED
MRU2022000448,2023/2024,1,2,BED(P),52,Functional,154000,INSERVICE,UNREGISTERED,PLANNED
MRU2022000448,2023/2024,2,2,BED(P),1,Tuition,280000,INSERVICE,UNREGISTERED,PLANNED
MRU2022000448,2023/2024,2,2,BED(P),52,Functional,154000,INSERVICE,UNREGISTERED,PLANNED
MRU2022000452,2022/2023,1,1,BED(P),1,Tuition,280000,INSERVICE,UNREGISTERED,PLANNED
MRU2022000452,2022/2023,1,1,BED(P),52,Functional,184000,INSERVICE,UNREGISTERED,PLANNED
MRU2022000452,2022/2023,2,1,BED(P),1,Tuition,280000,INSERVICE,UNREGISTERED,PLANNED
MRU2022000452,2022/2023,2,1,BED(P),52,Functional,154000,INSERVICE,UNREGISTERED,PLANNED
MRU2022000452,2022/2023,3,1,BED(P),1,Tuition,280000,INSERVICE,UNREGISTERED,PLANNED
MRU2022000452,2022/2023,3,1,BED(P),52,Functional,154000,INSERVICE,UNREGISTERED,PLANNED
MRU2022000452,2023/2024,2,2,BED(P),1,Tuition,280000,INSERVICE,UNREGISTERED,PLANNED
MRU2022000452,2023/2024,2,2,BED(P),52,Functional,154000,INSERVICE,UNREGISTERED,PLANNED
MRU2022000452,2023/2024,3,2,BED(P),1,Tuition,280000,INSERVICE,UNREGISTERED,PLANNED
MRU2022000452,2023/2024,3,2,BED(P),52,Functional,154000,INSERVICE,UNREGISTERED,PLANNED
MRU2022000463,2022/2023,1,1,BED(P),1,Tuition,280000,INSERVICE,UNREGISTERED,PLANNED
MRU2022000463,2022/2023,1,1,BED(P),52,Functional,184000,INSERVICE,UNREGISTERED,PLANNED
MRU2022000463,2022/2023,2,1,BED(P),1,Tuition,280000,INSERVICE,UNREGISTERED,PLANNED
MRU2022000463,2022/2023,2,1,BED(P),52,Functional,154000,INSERVICE,UNREGISTERED,PLANNED
MRU2022000463,2022/2023,3,1,BED(P),1,Tuition,280000,INSERVICE,UNREGISTERED,PLANNED
MRU2022000463,2022/2023,3,1,BED(P),52,Functional,154000,INSERVICE,UNREGISTERED,PLANNED
MRU2022000463,2023/2024,2,2,BED(P),1,Tuition,280000,INSERVICE,UNREGISTERED,PLANNED
MRU2022000463,2023/2024,2,2,BED(P),52,Functional,154000,INSERVICE,UNREGISTERED,PLANNED
MRU2022000463,2023/2024,3,2,BED(P),1,Tuition,280000,INSERVICE,UNREGISTERED,PLANNED
MRU2022000463,2023/2024,3,2,BED(P),52,Functional,154000,INSERVICE,UNREGISTERED,PLANNED
MRU2022000464,2022/2023,1,1,BAED,1,Tuition,630000,DAY,UNREGISTERED,PLANNED
MRU2022000464,2022/2023,1,1,BAED,52,Functional,767000,DAY,UNREGISTERED,PLANNED
MRU2022000464,2022/2023,2,1,BAED,1,Tuition,630000,DAY,UNREGISTERED,PLANNED
MRU2022000464,2022/2023,2,1,BAED,52,Functional,677000,DAY,UNREGISTERED,PLANNED
MRU2022000465,2022/2023,1,1,BEICT,1,Tuition,680000,DAY,UNREGISTERED,PLANNED
MRU2022000465,2022/2023,1,1,BEICT,52,Functional,767000,DAY,UNREGISTERED,PLANNED
MRU2022000465,2022/2023,2,1,BEICT,1,Tuition,680000,DAY,UNREGISTERED,PLANNED
MRU2022000465,2022/2023,2,1,BEICT,52,Functional,677000,DAY,UNREGISTERED,PLANNED
MRU2022000465,2023/2024,1,2,BEICT,1,Tuition,680000,DAY,UNREGISTERED,PLANNED
MRU2022000465,2023/2024,1,2,BEICT,52,Functional,687000,DAY,UNREGISTERED,PLANNED
MRU2022000468,2022/2023,1,1,BPLM,1,Tuition,630000,WEEKEND,UNREGISTERED,PLANNED
MRU2022000468,2022/2023,1,1,BPLM,52,Functional,767000,WEEKEND,UNREGISTERED,PLANNED
MRU2022000468,2022/2023,2,1,BPLM,1,Tuition,630000,WEEKEND,UNREGISTERED,PLANNED
MRU2022000468,2022/2023,2,1,BPLM,52,Functional,677000,WEEKEND,UNREGISTERED,PLANNED
MRU2022000468,2023/2024,1,2,BPLM,1,Tuition,630000,WEEKEND,UNREGISTERED,PLANNED
MRU2022000468,2023/2024,1,2,BPLM,52,Functional,687000,WEEKEND,UNREGISTERED,PLANNED
MRU2022000469,2022/2023,1,1,BPLM,1,Tuition,630000,WEEKEND,UNREGISTERED,PLANNED
MRU2022000469,2022/2023,1,1,BPLM,52,Functional,767000,WEEKEND,UNREGISTERED,PLANNED
MRU2022000469,2022/2023,2,1,BPLM,1,Tuition,630000,WEEKEND,UNREGISTERED,PLANNED
MRU2022000469,2022/2023,2,1,BPLM,52,Functional,677000,WEEKEND,UNREGISTERED,PLANNED
MRU2022000469,2023/2024,1,2,BPLM,1,Tuition,630000,WEEKEND,UNREGISTERED,PLANNED
MRU2022000469,2023/2024,1,2,BPLM,52,Functional,687000,WEEKEND,UNREGISTERED,PLANNED
MRU2022000475,2022/2023,1,1,BEICT,1,Tuition,680000,DAY,REGISTERED,PLANNED
MRU2022000475,2022/2023,1,1,BEICT,52,Functional,767000,DAY,REGISTERED,PLANNED
MRU2022000475,2022/2023,2,1,BEICT,1,Tuition,680000,DAY,REGISTERED,PLANNED
MRU2022000475,2022/2023,2,1,BEICT,52,Functional,677000,DAY,REGISTERED,PLANNED
MRU2022000476,2022/2023,1,1,BBA,1,Tuition,630000,DAY,UNREGISTERED,PLANNED
MRU2022000476,2022/2023,1,1,BBA,52,Functional,767000,DAY,UNREGISTERED,PLANNED
MRU2022000476,2022/2023,2,1,BBA,1,Tuition,630000,DAY,UNREGISTERED,PLANNED
MRU2022000476,2022/2023,2,1,BBA,52,Functional,677000,DAY,UNREGISTERED,PLANNED
MRU2022000476,2023/2024,1,2,BBA,1,Tuition,630000,DAY,UNREGISTERED,PLANNED
MRU2022000476,2023/2024,1,2,BBA,52,Functional,687000,DAY,UNREGISTERED,PLANNED
MRU2022000488,2022/2023,1,1,BIT,1,Tuition,780000,DAY,UNREGISTERED,PLANNED
MRU2022000488,2022/2023,1,1,BIT,52,Functional,867000,DAY,UNREGISTERED,PLANNED
MRU2022000488,2023/2024,1,2,BIT,1,Tuition,780000,DAY,UNREGISTERED,PLANNED
MRU2022000488,2023/2024,1,2,BIT,52,Functional,787000,DAY,UNREGISTERED,PLANNED
MRU2022000488,2024/2025,2,3,BIT,1,Tuition,780000,DAY,UNREGISTERED,PLANNED
MRU2022000488,2024/2025,2,3,BIT,52,Functional,733000,DAY,UNREGISTERED,PLANNED
MRU2022000499,2022/2023,1,1,BMC,1,Tuition,780000,DAY,UNREGISTERED,PLANNED
MRU2022000499,2022/2023,1,1,BMC,52,Functional,887000,DAY,UNREGISTERED,PLANNED
MRU2022000499,2022/2023,2,1,BMC,1,Tuition,780000,DAY,UNREGISTERED,PLANNED
MRU2022000499,2022/2023,2,1,BMC,52,Functional,797000,DAY,UNREGISTERED,PLANNED
MRU2022000499,2023/2024,1,2,BMC,1,Tuition,780000,DAY,UNREGISTERED,PLANNED
MRU2022000499,2023/2024,1,2,BMC,52,Functional,807000,DAY,UNREGISTERED,PLANNED
MRU2022000500,2022/2023,1,1,BMC,1,Tuition,780000,DAY,UNREGISTERED,PLANNED
MRU2022000500,2022/2023,1,1,BMC,52,Functional,887000,DAY,UNREGISTERED,PLANNED
MRU2022000500,2022/2023,2,1,BMC,1,Tuition,780000,DAY,UNREGISTERED,PLANNED
MRU2022000500,2022/2023,2,1,BMC,52,Functional,797000,DAY,UNREGISTERED,PLANNED
MRU2022000500,2023/2024,1,2,BMC,1,Tuition,780000,DAY,UNREGISTERED,PLANNED
MRU2022000500,2023/2024,1,2,BMC,52,Functional,807000,DAY,UNREGISTERED,PLANNED
MRU2022000511,2022/2023,1,1,BSAF,1,Tuition,630000,DAY,UNREGISTERED,PLANNED
MRU2022000511,2022/2023,1,1,BSAF,52,Functional,767000,DAY,UNREGISTERED,PLANNED
MRU2022000511,2022/2023,2,1,BSAF,1,Tuition,630000,DAY,UNREGISTERED,PLANNED
MRU2022000511,2022/2023,2,1,BSAF,52,Functional,677000,DAY,UNREGISTERED,PLANNED
MRU2022000511,2023/2024,1,2,BSAF,1,Tuition,630000,DAY,UNREGISTERED,PLANNED
MRU2022000511,2023/2024,1,2,BSAF,52,Functional,687000,DAY,UNREGISTERED,PLANNED
MRU2022000518,2022/2023,1,1,BPA,1,Tuition,630000,DAY,UNREGISTERED,PLANNED
MRU2022000518,2022/2023,1,1,BPA,52,Functional,767000,DAY,UNREGISTERED,PLANNED
MRU2022000518,2022/2023,2,1,BPA,1,Tuition,630000,DAY,UNREGISTERED,PLANNED
MRU2022000518,2022/2023,2,1,BPA,52,Functional,677000,DAY,UNREGISTERED,PLANNED
MRU2022000518,2023/2024,1,2,BPA,1,Tuition,630000,DAY,UNREGISTERED,PLANNED
MRU2022000518,2023/2024,1,2,BPA,52,Functional,687000,DAY,UNREGISTERED,PLANNED
MRU2022000529,2022/2023,1,1,BED(S),1,Tuition,280000,INSERVICE,UNREGISTERED,PLANNED
MRU2022000529,2022/2023,1,1,BED(S),52,Functional,184000,INSERVICE,UNREGISTERED,PLANNED
MRU2022000529,2022/2023,3,1,BED(S),1,Tuition,280000,INSERVICE,REGISTERED,PLANNED
MRU2022000529,2022/2023,3,1,BED(S),52,Functional,154000,INSERVICE,REGISTERED,PLANNED
MRU2022000529,2023/2024,2,2,BED(S),1,Tuition,280000,INSERVICE,REGISTERED,PLANNED
MRU2022000529,2023/2024,2,2,BED(S),52,Functional,154000,INSERVICE,REGISTERED,PLANNED
MRU2022000529,2023/2024,3,2,BED(S),1,Tuition,280000,INSERVICE,REGISTERED,PLANNED
MRU2022000529,2023/2024,3,2,BED(S),52,Functional,154000,INSERVICE,REGISTERED,PLANNED
MRU2022000533,2022/2023,1,1,BSAF,1,Tuition,630000,DAY,UNREGISTERED,PLANNED
MRU2022000533,2022/2023,1,1,BSAF,52,Functional,767000,DAY,UNREGISTERED,PLANNED
MRU2022000533,2022/2023,2,1,BSAF,1,Tuition,630000,DAY,UNREGISTERED,PLANNED
MRU2022000533,2022/2023,2,1,BSAF,52,Functional,677000,DAY,UNREGISTERED,PLANNED
MRU2022000533,2023/2024,1,2,BSAF,1,Tuition,630000,DAY,UNREGISTERED,PLANNED
MRU2022000533,2023/2024,1,2,BSAF,52,Functional,687000,DAY,UNREGISTERED,PLANNED
MRU2022000534,2022/2023,1,1,BEICT,1,Tuition,680000,DAY,UNREGISTERED,PLANNED
MRU2022000534,2022/2023,1,1,BEICT,52,Functional,767000,DAY,UNREGISTERED,PLANNED
MRU2022000534,2022/2023,2,1,BEICT,1,Tuition,680000,DAY,UNREGISTERED,PLANNED
MRU2022000534,2022/2023,2,1,BEICT,52,Functional,677000,DAY,UNREGISTERED,PLANNED
MRU2022000534,2023/2024,1,2,BEICT,1,Tuition,680000,DAY,UNREGISTERED,PLANNED
MRU2022000534,2023/2024,1,2,BEICT,52,Functional,687000,DAY,UNREGISTERED,PLANNED
MRU2022000540,2022/2023,1,1,BPA,1,Tuition,630000,DAY,UNREGISTERED,PLANNED
MRU2022000540,2022/2023,1,1,BPA,52,Functional,767000,DAY,UNREGISTERED,PLANNED
MRU2022000540,2022/2023,2,1,BPA,1,Tuition,630000,DAY,UNREGISTERED,PLANNED
MRU2022000540,2022/2023,2,1,BPA,52,Functional,677000,DAY,UNREGISTERED,PLANNED
MRU2022000540,2023/2024,1,2,BPA,1,Tuition,630000,DAY,UNREGISTERED,PLANNED
MRU2022000540,2023/2024,1,2,BPA,52,Functional,687000,DAY,UNREGISTERED,PLANNED
MRU2022000543,2022/2023,1,1,BED(P),1,Tuition,280000,INSERVICE,UNREGISTERED,PLANNED
MRU2022000543,2022/2023,1,1,BED(P),52,Functional,184000,INSERVICE,UNREGISTERED,PLANNED
MRU2022000543,2022/2023,2,1,BED(P),1,Tuition,280000,INSERVICE,UNREGISTERED,PLANNED
MRU2022000543,2022/2023,2,1,BED(P),52,Functional,154000,INSERVICE,UNREGISTERED,PLANNED
MRU2022000543,2022/2023,3,1,BED(P),1,Tuition,280000,INSERVICE,UNREGISTERED,PLANNED
MRU2022000543,2022/2023,3,1,BED(P),52,Functional,154000,INSERVICE,UNREGISTERED,PLANNED
MRU2022000543,2023/2024,2,2,BED(P),1,Tuition,280000,INSERVICE,UNREGISTERED,PLANNED
MRU2022000543,2023/2024,2,2,BED(P),52,Functional,154000,INSERVICE,UNREGISTERED,PLANNED
MRU2022000543,2023/2024,3,2,BED(P),1,Tuition,280000,INSERVICE,UNREGISTERED,PLANNED
MRU2022000543,2023/2024,3,2,BED(P),52,Functional,154000,INSERVICE,UNREGISTERED,PLANNED
MRU2022000554,2022/2023,1,1,BAED,1,Tuition,630000,DAY,UNREGISTERED,PLANNED
MRU2022000554,2022/2023,1,1,BAED,52,Functional,767000,DAY,UNREGISTERED,PLANNED
MRU2022000554,2022/2023,2,1,BAED,1,Tuition,630000,DAY,UNREGISTERED,PLANNED
MRU2022000554,2022/2023,2,1,BAED,52,Functional,677000,DAY,UNREGISTERED,PLANNED
MRU2022000554,2023/2024,1,2,BAED,1,Tuition,630000,DAY,REGISTERED,PLANNED
MRU2022000554,2023/2024,1,2,BAED,52,Functional,687000,DAY,REGISTERED,PLANNED
MRU2022000555,2022/2023,1,1,BED(S),1,Tuition,280000,INSERVICE,UNREGISTERED,PLANNED
MRU2022000555,2022/2023,1,1,BED(S),52,Functional,184000,INSERVICE,UNREGISTERED,PLANNED
MRU2022000555,2022/2023,2,1,BED(S),1,Tuition,280000,INSERVICE,UNREGISTERED,PLANNED
MRU2022000555,2022/2023,2,1,BED(S),52,Functional,154000,INSERVICE,UNREGISTERED,PLANNED
MRU2022000555,2022/2023,3,1,BED(S),1,Tuition,280000,INSERVICE,UNREGISTERED,PLANNED
MRU2022000555,2022/2023,3,1,BED(S),52,Functional,154000,INSERVICE,UNREGISTERED,PLANNED
MRU2022000555,2023/2024,2,2,BED(S),1,Tuition,280000,INSERVICE,UNREGISTERED,PLANNED
MRU2022000555,2023/2024,2,2,BED(S),52,Functional,154000,INSERVICE,UNREGISTERED,PLANNED
MRU2022000564,2022/2023,1,1,BEICT,1,Tuition,680000,DAY,UNREGISTERED,PLANNED
MRU2022000564,2022/2023,1,1,BEICT,52,Functional,767000,DAY,UNREGISTERED,PLANNED
MRU2022000564,2022/2023,2,1,BEICT,1,Tuition,680000,DAY,UNREGISTERED,PLANNED
MRU2022000564,2022/2023,2,1,BEICT,52,Functional,677000,DAY,UNREGISTERED,PLANNED
MRU2022000564,2023/2024,1,2,BEICT,1,Tuition,680000,DAY,UNREGISTERED,PLANNED
MRU2022000564,2023/2024,1,2,BEICT,52,Functional,687000,DAY,UNREGISTERED,PLANNED
MRU2022000567,2022/2023,1,1,SWSA,1,Tuition,630000,DAY,UNREGISTERED,PLANNED
MRU2022000567,2022/2023,1,1,SWSA,52,Functional,767000,DAY,UNREGISTERED,PLANNED
MRU2022000567,2022/2023,2,1,SWSA,1,Tuition,630000,DAY,UNREGISTERED,PLANNED
MRU2022000567,2022/2023,2,1,SWSA,52,Functional,877000,DAY,UNREGISTERED,PLANNED
MRU2022000567,2023/2024,1,2,SWSA,1,Tuition,630000,DAY,UNREGISTERED,PLANNED
MRU2022000567,2023/2024,1,2,SWSA,52,Functional,687000,DAY,UNREGISTERED,PLANNED
MRU2022000570,2022/2023,1,1,DEE,1,Tuition,530000,DAY,REGISTERED,PLANNED
MRU2022000570,2022/2023,1,1,DEE,52,Functional,1058500,DAY,REGISTERED,PLANNED
MRU2022000570,2022/2023,2,1,DEE,1,Tuition,530000,DAY,REGISTERED,PLANNED
MRU2022000570,2022/2023,2,1,DEE,52,Functional,1168500,DAY,REGISTERED,PLANNED
MRU2022000570,2023/2024,1,2,DEE,1,Tuition,530000,DAY,UNREGISTERED,PLANNED
MRU2022000570,2023/2024,1,2,DEE,52,Functional,978500,DAY,UNREGISTERED,PLANNED
MRU2022000578,2022/2023,1,1,BAED,1,Tuition,630000,DAY,UNREGISTERED,PLANNED
MRU2022000578,2022/2023,1,1,BAED,52,Functional,767000,DAY,UNREGISTERED,PLANNED
MRU2022000578,2022/2023,2,1,BAED,1,Tuition,630000,DAY,UNREGISTERED,PLANNED
MRU2022000578,2022/2023,2,1,BAED,52,Functional,677000,DAY,UNREGISTERED,PLANNED
MRU2022000578,2023/2024,1,2,BAED,1,Tuition,630000,DAY,UNREGISTERED,PLANNED
MRU2022000578,2023/2024,1,2,BAED,52,Functional,687000,DAY,UNREGISTERED,PLANNED
MRU2022000578,2023/2024,2,2,BAED,52,Functional,853000,DAY,REGISTERED,PLANNED
MRU2022000580,2022/2023,1,1,BAED,1,Tuition,630000,DAY,UNREGISTERED,PLANNED
MRU2022000580,2022/2023,1,1,BAED,52,Functional,767000,DAY,UNREGISTERED,PLANNED
MRU2022000580,2022/2023,2,1,BAED,1,Tuition,630000,DAY,UNREGISTERED,PLANNED
MRU2022000580,2022/2023,2,1,BAED,52,Functional,677000,DAY,UNREGISTERED,PLANNED
MRU2022000585,2022/2023,1,1,BSAF,1,Tuition,630000,DAY,UNREGISTERED,PLANNED
MRU2022000585,2022/2023,1,1,BSAF,52,Functional,767000,DAY,UNREGISTERED,PLANNED
MRU2022000585,2022/2023,2,1,BSAF,1,Tuition,630000,DAY,UNREGISTERED,PLANNED
MRU2022000585,2022/2023,2,1,BSAF,52,Functional,677000,DAY,UNREGISTERED,PLANNED
MRU2022000585,2023/2024,1,2,BSAF,1,Tuition,630000,DAY,UNREGISTERED,PLANNED
MRU2022000585,2023/2024,1,2,BSAF,52,Functional,687000,DAY,UNREGISTERED,PLANNED
MRU2022000587,2022/2023,1,1,BSAF,1,Tuition,630000,DAY,UNREGISTERED,PLANNED
MRU2022000587,2022/2023,1,1,BSAF,52,Functional,767000,DAY,UNREGISTERED,PLANNED
MRU2022000587,2022/2023,2,1,BSAF,1,Tuition,630000,DAY,UNREGISTERED,PLANNED
MRU2022000587,2022/2023,2,1,BSAF,52,Functional,677000,DAY,UNREGISTERED,PLANNED
MRU2022000587,2023/2024,1,2,BSAF,1,Tuition,630000,DAY,REGISTERED,PLANNED
MRU2022000587,2023/2024,1,2,BSAF,52,Functional,687000,DAY,REGISTERED,PLANNED
MRU2022000590,2022/2023,1,2,BEE,1,Tuition,1455000,DAY,UNREGISTERED,PLANNED
MRU2022000590,2022/2023,1,2,BEE,52,Functional,1322000,DAY,UNREGISTERED,PLANNED
MRU2022000590,2022/2023,2,2,BEE,1,Tuition,1455000,DAY,UNREGISTERED,PLANNED
MRU2022000590,2022/2023,2,2,BEE,52,Functional,1488000,DAY,UNREGISTERED,PLANNED
MRU2022000590,2023/2024,1,3,BEE,1,Tuition,1455000,DAY,UNREGISTERED,PLANNED
MRU2022000590,2023/2024,1,3,BEE,52,Functional,1298000,DAY,UNREGISTERED,PLANNED
MRU2022000591,2022/2023,1,1,BAED,1,Tuition,630000,DAY,REGISTERED,PLANNED
MRU2022000591,2022/2023,1,1,BAED,52,Functional,767000,DAY,REGISTERED,PLANNED
MRU2022000591,2022/2023,2,1,BAED,1,Tuition,630000,DAY,REGISTERED,PLANNED
MRU2022000591,2022/2023,2,1,BAED,52,Functional,677000,DAY,REGISTERED,PLANNED
MRU2022000591,2023/2024,1,2,BAED,1,Tuition,630000,DAY,REGISTERED,PLANNED
MRU2022000591,2023/2024,1,2,BAED,52,Functional,687000,DAY,REGISTERED,PLANNED
MRU2022000597,2022/2023,1,1,BEICT,1,Tuition,680000,DAY,UNREGISTERED,PLANNED
MRU2022000597,2022/2023,1,1,BEICT,52,Functional,767000,DAY,UNREGISTERED,PLANNED
MRU2022000597,2022/2023,2,1,BEICT,1,Tuition,680000,DAY,UNREGISTERED,PLANNED
MRU2022000597,2022/2023,2,1,BEICT,52,Functional,677000,DAY,UNREGISTERED,PLANNED
MRU2022000599,2022/2023,1,1,BEICT,1,Tuition,680000,DAY,UNREGISTERED,PLANNED
MRU2022000599,2022/2023,1,1,BEICT,52,Functional,767000,DAY,UNREGISTERED,PLANNED
MRU2022000599,2022/2023,2,1,BEICT,1,Tuition,680000,DAY,UNREGISTERED,PLANNED
MRU2022000599,2022/2023,2,1,BEICT,52,Functional,677000,DAY,UNREGISTERED,PLANNED
MRU2022000600,2022/2023,1,1,BED(P),1,Tuition,280000,INSERVICE,UNREGISTERED,PLANNED
MRU2022000600,2022/2023,1,1,BED(P),52,Functional,184000,INSERVICE,UNREGISTERED,PLANNED
MRU2022000600,2022/2023,2,1,BED(P),1,Tuition,280000,INSERVICE,UNREGISTERED,PLANNED
MRU2022000600,2022/2023,2,1,BED(P),52,Functional,154000,INSERVICE,UNREGISTERED,PLANNED
MRU2022000600,2022/2023,3,1,BED(P),1,Tuition,280000,INSERVICE,UNREGISTERED,PLANNED
MRU2022000600,2022/2023,3,1,BED(P),52,Functional,154000,INSERVICE,UNREGISTERED,PLANNED
MRU2022000600,2023/2024,2,2,BED(P),1,Tuition,280000,INSERVICE,UNREGISTERED,PLANNED
MRU2022000600,2023/2024,2,2,BED(P),52,Functional,154000,INSERVICE,UNREGISTERED,PLANNED
MRU2022000612,2022/2023,1,2,BEE,1,Tuition,1455000,DAY,UNREGISTERED,PLANNED
MRU2022000612,2022/2023,1,2,BEE,52,Functional,1322000,DAY,UNREGISTERED,PLANNED
MRU2022000612,2022/2023,2,2,BEE,1,Tuition,1455000,DAY,UNREGISTERED,PLANNED
MRU2022000612,2022/2023,2,2,BEE,52,Functional,1488000,DAY,UNREGISTERED,PLANNED
MRU2022000612,2023/2024,1,3,BEE,1,Tuition,1455000,DAY,UNREGISTERED,PLANNED
MRU2022000612,2023/2024,1,3,BEE,52,Functional,1298000,DAY,UNREGISTERED,PLANNED
MRU2022000618,2022/2023,1,1,BBA,1,Tuition,630000,DAY,UNREGISTERED,PLANNED
MRU2022000618,2022/2023,1,1,BBA,52,Functional,767000,DAY,UNREGISTERED,PLANNED
MRU2022000618,2022/2023,2,1,BBA,1,Tuition,630000,DAY,UNREGISTERED,PLANNED
MRU2022000618,2022/2023,2,1,BBA,52,Functional,677000,DAY,UNREGISTERED,PLANNED
MRU2022000618,2023/2024,1,2,BBA,1,Tuition,630000,DAY,UNREGISTERED,PLANNED
MRU2022000618,2023/2024,1,2,BBA,52,Functional,687000,DAY,UNREGISTERED,PLANNED
MRU2022000639,2022/2023,1,1,BECD,1,Tuition,630000,DAY,REGISTERED,PLANNED
MRU2022000639,2022/2023,1,1,BECD,52,Functional,767000,DAY,REGISTERED,PLANNED
MRU2022000639,2022/2023,2,1,BECD,1,Tuition,630000,DAY,UNREGISTERED,PLANNED
MRU2022000639,2022/2023,2,1,BECD,52,Functional,677000,DAY,UNREGISTERED,PLANNED
MRU2022000639,2023/2024,1,2,BECD,1,Tuition,630000,DAY,REGISTERED,PLANNED
MRU2022000639,2023/2024,1,2,BECD,52,Functional,687000,DAY,REGISTERED,PLANNED
MRU2022000642,2022/2023,1,1,BECD,1,Tuition,630000,DAY,REGISTERED,PLANNED
MRU2022000642,2022/2023,1,1,BECD,52,Functional,767000,DAY,REGISTERED,PLANNED
MRU2022000642,2022/2023,2,1,BECD,1,Tuition,630000,DAY,UNREGISTERED,PLANNED
MRU2022000642,2022/2023,2,1,BECD,52,Functional,677000,DAY,UNREGISTERED,PLANNED
MRU2022000642,2023/2024,1,2,BECD,1,Tuition,630000,DAY,REGISTERED,PLANNED
MRU2022000642,2023/2024,1,2,BECD,52,Functional,687000,DAY,REGISTERED,PLANNED
MRU2022000645,2022/2023,1,1,BAED,1,Tuition,630000,DAY,UNREGISTERED,PLANNED
MRU2022000645,2022/2023,1,1,BAED,52,Functional,767000,DAY,UNREGISTERED,PLANNED
MRU2022000645,2022/2023,2,1,BAED,1,Tuition,630000,DAY,UNREGISTERED,PLANNED
MRU2022000645,2022/2023,2,1,BAED,52,Functional,677000,DAY,UNREGISTERED,PLANNED
MRU2022000645,2023/2024,2,2,BAED,52,Functional,853000,DAY,REGISTERED,PLANNED
MRU2022000647,2022/2023,1,1,BEICT,1,Tuition,680000,DAY,REGISTERED,PLANNED
MRU2022000647,2022/2023,1,1,BEICT,52,Functional,767000,DAY,REGISTERED,PLANNED
MRU2022000647,2022/2023,2,1,BEICT,1,Tuition,680000,DAY,REGISTERED,PLANNED
MRU2022000647,2022/2023,2,1,BEICT,52,Functional,677000,DAY,REGISTERED,PLANNED
MRU2022000647,2023/2024,1,2,BEICT,1,Tuition,680000,DAY,UNREGISTERED,PLANNED
MRU2022000647,2023/2024,1,2,BEICT,52,Functional,687000,DAY,UNREGISTERED,PLANNED
MRU2022000650,2022/2023,1,1,BIFA,1,Tuition,730000,DAY,UNREGISTERED,PLANNED
MRU2022000650,2022/2023,1,1,BIFA,52,Functional,985250,DAY,UNREGISTERED,PLANNED
MRU2022000650,2022/2023,2,1,BIFA,1,Tuition,730000,DAY,UNREGISTERED,PLANNED
MRU2022000650,2022/2023,2,1,BIFA,52,Functional,895250,DAY,UNREGISTERED,PLANNED
MRU2022000650,2023/2024,1,2,BIFA,1,Tuition,730000,DAY,UNREGISTERED,PLANNED
MRU2022000650,2023/2024,1,2,BIFA,52,Functional,905250,DAY,UNREGISTERED,PLANNED
MRU2022000653,2022/2023,1,1,SWSA,1,Tuition,630000,DAY,UNREGISTERED,PLANNED
MRU2022000653,2022/2023,1,1,SWSA,52,Functional,767000,DAY,UNREGISTERED,PLANNED
MRU2022000653,2022/2023,2,1,SWSA,1,Tuition,630000,DAY,UNREGISTERED,PLANNED
MRU2022000653,2022/2023,2,1,SWSA,52,Functional,877000,DAY,UNREGISTERED,PLANNED
MRU2022000653,2023/2024,1,2,SWSA,1,Tuition,630000,DAY,CLEARED,PLANNED
MRU2022000653,2023/2024,1,2,SWSA,52,Functional,687000,DAY,CLEARED,PLANNED
MRU2022000660,2022/2023,1,1,BBA,1,Tuition,630000,DAY,UNREGISTERED,PLANNED
MRU2022000660,2022/2023,1,1,BBA,52,Functional,767000,DAY,UNREGISTERED,PLANNED
MRU2022000660,2022/2023,2,1,BBA,1,Tuition,630000,DAY,UNREGISTERED,PLANNED
MRU2022000660,2022/2023,2,1,BBA,52,Functional,677000,DAY,UNREGISTERED,PLANNED
MRU2022000660,2023/2024,1,2,BBA,1,Tuition,630000,DAY,UNREGISTERED,PLANNED
MRU2022000660,2023/2024,1,2,BBA,52,Functional,687000,DAY,UNREGISTERED,PLANNED
MRU2022000661,2022/2023,1,1,BEICT,1,Tuition,680000,DAY,UNREGISTERED,PLANNED
MRU2022000661,2022/2023,1,1,BEICT,52,Functional,767000,DAY,UNREGISTERED,PLANNED
MRU2022000661,2022/2023,2,1,BEICT,1,Tuition,680000,DAY,UNREGISTERED,PLANNED
MRU2022000661,2022/2023,2,1,BEICT,52,Functional,677000,DAY,UNREGISTERED,PLANNED
MRU2022000661,2023/2024,1,2,BEICT,1,Tuition,680000,DAY,UNREGISTERED,PLANNED
MRU2022000661,2023/2024,1,2,BEICT,52,Functional,687000,DAY,UNREGISTERED,PLANNED
MRU2022000667,2022/2023,1,1,BAED,1,Tuition,630000,DAY,UNREGISTERED,PLANNED
MRU2022000667,2022/2023,1,1,BAED,52,Functional,767000,DAY,UNREGISTERED,PLANNED
MRU2022000667,2022/2023,2,1,BAED,1,Tuition,630000,DAY,UNREGISTERED,PLANNED
MRU2022000667,2022/2023,2,1,BAED,52,Functional,677000,DAY,UNREGISTERED,PLANNED
MRU2022000667,2023/2024,1,2,BAED,1,Tuition,630000,DAY,REGISTERED,PLANNED
MRU2022000667,2023/2024,1,2,BAED,52,Functional,687000,DAY,REGISTERED,PLANNED
MRU2022000668,2022/2023,1,1,BAED,1,Tuition,630000,DAY,LATE REGISTERED,PLANNED
MRU2022000668,2022/2023,1,1,BAED,52,Functional,767000,DAY,LATE REGISTERED,PLANNED
MRU2022000668,2022/2023,2,1,BAED,1,Tuition,630000,DAY,UNREGISTERED,PLANNED
MRU2022000668,2022/2023,2,1,BAED,52,Functional,677000,DAY,UNREGISTERED,PLANNED
MRU2022000668,2023/2024,1,2,BAED,1,Tuition,630000,DAY,REGISTERED,PLANNED
MRU2022000668,2023/2024,1,2,BAED,52,Functional,687000,DAY,REGISTERED,PLANNED
MRU2022000675,2022/2023,1,1,BIT,1,Tuition,780000,DAY,UNREGISTERED,PLANNED
MRU2022000675,2022/2023,1,1,BIT,52,Functional,867000,DAY,UNREGISTERED,PLANNED
MRU2022000675,2022/2023,2,1,BIT,1,Tuition,780000,DAY,UNREGISTERED,PLANNED
MRU2022000675,2022/2023,2,1,BIT,52,Functional,677000,DAY,UNREGISTERED,PLANNED
MRU2022000675,2023/2024,1,2,BIT,1,Tuition,780000,DAY,UNREGISTERED,PLANNED
MRU2022000675,2023/2024,1,2,BIT,52,Functional,787000,DAY,UNREGISTERED,PLANNED
MRU2022000677,2022/2023,1,1,BCOM,1,Tuition,630000,DAY,UNREGISTERED,PLANNED
MRU2022000677,2022/2023,1,1,BCOM,52,Functional,767000,DAY,UNREGISTERED,PLANNED
MRU2022000677,2022/2023,2,1,BCOM,1,Tuition,630000,DAY,UNREGISTERED,PLANNED
MRU2022000677,2022/2023,2,1,BCOM,52,Functional,677000,DAY,UNREGISTERED,PLANNED
MRU2022000677,2023/2024,1,2,BCOM,1,Tuition,630000,DAY,UNREGISTERED,PLANNED
MRU2022000677,2023/2024,1,2,BCOM,52,Functional,687000,DAY,UNREGISTERED,PLANNED
MRU2022000682,2022/2023,1,1,BED(P),1,Tuition,280000,INSERVICE,UNREGISTERED,PLANNED
MRU2022000682,2022/2023,1,1,BED(P),52,Functional,184000,INSERVICE,UNREGISTERED,PLANNED
MRU2022000682,2022/2023,2,1,BED(P),1,Tuition,280000,INSERVICE,UNREGISTERED,PLANNED
MRU2022000682,2022/2023,2,1,BED(P),52,Functional,154000,INSERVICE,UNREGISTERED,PLANNED
MRU2022000682,2022/2023,3,1,BED(P),1,Tuition,280000,INSERVICE,UNREGISTERED,PLANNED
MRU2022000682,2022/2023,3,1,BED(P),52,Functional,154000,INSERVICE,UNREGISTERED,PLANNED
MRU2022000682,2023/2024,1,2,BED(P),1,Tuition,280000,INSERVICE,UNREGISTERED,PLANNED
MRU2022000682,2023/2024,1,2,BED(P),52,Functional,154000,INSERVICE,UNREGISTERED,PLANNED
MRU2022000682,2023/2024,2,2,BED(P),1,Tuition,280000,INSERVICE,UNREGISTERED,PLANNED
MRU2022000682,2023/2024,2,2,BED(P),52,Functional,154000,INSERVICE,UNREGISTERED,PLANNED
MRU2022000704,2022/2023,1,1,BBA,1,Tuition,630000,DAY,UNREGISTERED,PLANNED
MRU2022000704,2022/2023,1,1,BBA,52,Functional,767000,DAY,UNREGISTERED,PLANNED
MRU2022000704,2022/2023,2,1,BBA,1,Tuition,630000,DAY,UNREGISTERED,PLANNED
MRU2022000704,2022/2023,2,1,BBA,52,Functional,677000,DAY,UNREGISTERED,PLANNED
MRU2022000704,2023/2024,1,2,BBA,1,Tuition,630000,DAY,UNREGISTERED,PLANNED
MRU2022000704,2023/2024,1,2,BBA,52,Functional,687000,DAY,UNREGISTERED,PLANNED
MRU2022000708,2022/2023,1,1,BMC,1,Tuition,780000,DAY,UNREGISTERED,PLANNED
MRU2022000708,2022/2023,1,1,BMC,52,Functional,887000,DAY,UNREGISTERED,PLANNED
MRU2022000708,2022/2023,2,1,BMC,1,Tuition,780000,DAY,UNREGISTERED,PLANNED
MRU2022000708,2022/2023,2,1,BMC,52,Functional,797000,DAY,UNREGISTERED,PLANNED
MRU2022000708,2023/2024,1,2,BMC,1,Tuition,780000,DAY,UNREGISTERED,PLANNED
MRU2022000708,2023/2024,1,2,BMC,52,Functional,807000,DAY,UNREGISTERED,PLANNED
MRU2022000709,2022/2023,1,1,BSAF,1,Tuition,630000,DAY,UNREGISTERED,PLANNED
MRU2022000709,2022/2023,1,1,BSAF,52,Functional,767000,DAY,UNREGISTERED,PLANNED
MRU2022000709,2022/2023,2,1,BSAF,1,Tuition,630000,DAY,UNREGISTERED,PLANNED
MRU2022000709,2022/2023,2,1,BSAF,52,Functional,677000,DAY,UNREGISTERED,PLANNED
MRU2022000709,2023/2024,1,2,BSAF,1,Tuition,630000,DAY,UNREGISTERED,PLANNED
MRU2022000709,2023/2024,1,2,BSAF,52,Functional,687000,DAY,UNREGISTERED,PLANNED
MRU2022000713,2022/2023,1,1,SWSA,1,Tuition,630000,DAY,UNREGISTERED,PLANNED
MRU2022000713,2022/2023,1,1,SWSA,52,Functional,767000,DAY,UNREGISTERED,PLANNED
MRU2022000713,2022/2023,2,1,SWSA,1,Tuition,630000,DAY,UNREGISTERED,PLANNED
MRU2022000713,2022/2023,2,1,SWSA,52,Functional,877000,DAY,UNREGISTERED,PLANNED
MRU2022000713,2023/2024,1,2,SWSA,1,Tuition,630000,DAY,UNREGISTERED,PLANNED
MRU2022000713,2023/2024,1,2,SWSA,52,Functional,687000,DAY,UNREGISTERED,PLANNED
MRU2022000714,2023/2024,1,2,BAED,1,Tuition,630000,DAY,UNREGISTERED,PLANNED
MRU2022000714,2023/2024,1,2,BAED,52,Functional,687000,DAY,UNREGISTERED,PLANNED
MRU2022000714,2023/2024,2,2,BAED,1,Tuition,630000,DAY,UNREGISTERED,PLANNED
MRU2022000714,2023/2024,2,2,BAED,52,Functional,853000,DAY,UNREGISTERED,PLANNED
MRU2022000718,2022/2023,1,1,BBA,1,Tuition,630000,DAY,UNREGISTERED,PLANNED
MRU2022000718,2022/2023,1,1,BBA,52,Functional,767000,DAY,UNREGISTERED,PLANNED
MRU2022000718,2022/2023,2,1,BBA,1,Tuition,630000,DAY,UNREGISTERED,PLANNED
MRU2022000718,2022/2023,2,1,BBA,52,Functional,677000,DAY,UNREGISTERED,PLANNED
MRU2022000718,2023/2024,1,2,BBA,1,Tuition,630000,DAY,UNREGISTERED,PLANNED
MRU2022000718,2023/2024,1,2,BBA,52,Functional,687000,DAY,UNREGISTERED,PLANNED
MRU2022000738,2022/2023,1,1,BIT,1,Tuition,780000,DAY,UNREGISTERED,PLANNED
MRU2022000738,2022/2023,1,1,BIT,52,Functional,867000,DAY,UNREGISTERED,PLANNED
MRU2022000738,2022/2023,2,1,BIT,1,Tuition,780000,DAY,UNREGISTERED,PLANNED
MRU2022000738,2022/2023,2,1,BIT,52,Functional,677000,DAY,UNREGISTERED,PLANNED
MRU2022000738,2023/2024,1,2,BIT,1,Tuition,780000,DAY,UNREGISTERED,PLANNED
MRU2022000738,2023/2024,1,2,BIT,52,Functional,787000,DAY,UNREGISTERED,PLANNED
MRU2022000743,2022/2023,1,1,BIT,1,Tuition,780000,DAY,UNREGISTERED,PLANNED
MRU2022000743,2022/2023,1,1,BIT,52,Functional,867000,DAY,UNREGISTERED,PLANNED
MRU2022000743,2022/2023,2,1,BIT,1,Tuition,780000,DAY,UNREGISTERED,PLANNED
MRU2022000743,2022/2023,2,1,BIT,52,Functional,677000,DAY,UNREGISTERED,PLANNED
MRU2022000743,2023/2024,1,2,BIT,1,Tuition,780000,DAY,UNREGISTERED,PLANNED
MRU2022000743,2023/2024,1,2,BIT,52,Functional,787000,DAY,UNREGISTERED,PLANNED
MRU2022000750,2022/2023,1,1,BEICT,1,Tuition,680000,DAY,UNREGISTERED,PLANNED
MRU2022000750,2022/2023,1,1,BEICT,52,Functional,767000,DAY,UNREGISTERED,PLANNED
MRU2022000750,2022/2023,2,1,BEICT,1,Tuition,680000,DAY,UNREGISTERED,PLANNED
MRU2022000750,2022/2023,2,1,BEICT,52,Functional,677000,DAY,UNREGISTERED,PLANNED
MRU2022000750,2023/2024,2,2,BEICT,1,Tuition,680000,DAY,UNREGISTERED,PLANNED
MRU2022000750,2023/2024,2,2,BEICT,52,Functional,853000,DAY,UNREGISTERED,PLANNED
MRU2022000752,2022/2023,1,1,BED(P),1,Tuition,280000,INSERVICE,UNREGISTERED,PLANNED
MRU2022000752,2022/2023,1,1,BED(P),52,Functional,184000,INSERVICE,UNREGISTERED,PLANNED
MRU2022000752,2022/2023,2,1,BED(P),1,Tuition,280000,INSERVICE,UNREGISTERED,PLANNED
MRU2022000752,2022/2023,2,1,BED(P),52,Functional,154000,INSERVICE,UNREGISTERED,PLANNED
MRU2022000752,2022/2023,3,1,BED(P),1,Tuition,280000,INSERVICE,UNREGISTERED,PLANNED
MRU2022000752,2022/2023,3,1,BED(P),52,Functional,154000,INSERVICE,UNREGISTERED,PLANNED
MRU2022000752,2023/2024,2,2,BED(P),1,Tuition,280000,INSERVICE,UNREGISTERED,PLANNED
MRU2022000752,2023/2024,2,2,BED(P),52,Functional,154000,INSERVICE,UNREGISTERED,PLANNED
MRU2022000753,2022/2023,1,1,BSAF,1,Tuition,630000,DAY,UNREGISTERED,PLANNED
MRU2022000753,2022/2023,1,1,BSAF,52,Functional,767000,DAY,UNREGISTERED,PLANNED
MRU2022000753,2022/2023,2,1,BSAF,1,Tuition,630000,DAY,UNREGISTERED,PLANNED
MRU2022000753,2022/2023,2,1,BSAF,52,Functional,677000,DAY,UNREGISTERED,PLANNED
MRU2022000753,2023/2024,1,2,BSAF,1,Tuition,630000,DAY,UNREGISTERED,PLANNED
MRU2022000753,2023/2024,1,2,BSAF,52,Functional,687000,DAY,UNREGISTERED,PLANNED
MRU2022000755,2022/2023,1,1,BIT,1,Tuition,780000,DAY,UNREGISTERED,PLANNED
MRU2022000755,2022/2023,1,1,BIT,52,Functional,867000,DAY,UNREGISTERED,PLANNED
MRU2022000755,2022/2023,2,1,BIT,1,Tuition,780000,DAY,UNREGISTERED,PLANNED
MRU2022000755,2022/2023,2,1,BIT,52,Functional,677000,DAY,UNREGISTERED,PLANNED
MRU2022000755,2023/2024,1,2,BIT,1,Tuition,780000,DAY,UNREGISTERED,PLANNED
MRU2022000755,2023/2024,1,2,BIT,52,Functional,787000,DAY,UNREGISTERED,PLANNED
MRU2022000755,2023/2024,2,2,BIT,52,Functional,853000,DAY,REGISTERED,PLANNED
MRU2022000762,2022/2023,1,1,BSAF,1,Tuition,630000,DAY,UNREGISTERED,PLANNED
MRU2022000762,2022/2023,1,1,BSAF,52,Functional,767000,DAY,UNREGISTERED,PLANNED
MRU2022000762,2022/2023,2,1,BSAF,1,Tuition,630000,DAY,UNREGISTERED,PLANNED
MRU2022000762,2022/2023,2,1,BSAF,52,Functional,677000,DAY,UNREGISTERED,PLANNED
MRU2022000765,2022/2023,1,1,BAED,1,Tuition,630000,DAY,UNREGISTERED,PLANNED
MRU2022000765,2022/2023,1,1,BAED,52,Functional,767000,DAY,UNREGISTERED,PLANNED
MRU2022000765,2022/2023,2,1,BAED,1,Tuition,630000,DAY,UNREGISTERED,PLANNED
MRU2022000765,2022/2023,2,1,BAED,52,Functional,677000,DAY,UNREGISTERED,PLANNED
MRU2022000765,2023/2024,1,2,BAED,1,Tuition,630000,DAY,UNREGISTERED,PLANNED
MRU2022000765,2023/2024,1,2,BAED,52,Functional,687000,DAY,UNREGISTERED,PLANNED
MRU2022000778,2022/2023,1,1,BAED,1,Tuition,630000,DAY,REGISTERED,PLANNED
MRU2022000778,2022/2023,1,1,BAED,52,Functional,767000,DAY,REGISTERED,PLANNED
MRU2022000778,2022/2023,2,1,BAED,1,Tuition,630000,DAY,REGISTERED,PLANNED
MRU2022000778,2022/2023,2,1,BAED,52,Functional,677000,DAY,REGISTERED,PLANNED
MRU2022000790,2022/2023,1,1,BAED,1,Tuition,630000,DAY,UNREGISTERED,PLANNED
MRU2022000790,2022/2023,1,1,BAED,52,Functional,767000,DAY,UNREGISTERED,PLANNED
MRU2022000790,2022/2023,2,1,BAED,1,Tuition,630000,DAY,UNREGISTERED,PLANNED
MRU2022000790,2022/2023,2,1,BAED,52,Functional,677000,DAY,UNREGISTERED,PLANNED
MRU2022000790,2023/2024,1,2,BAED,1,Tuition,630000,DAY,UNREGISTERED,PLANNED
MRU2022000790,2023/2024,1,2,BAED,52,Functional,687000,DAY,UNREGISTERED,PLANNED
MRU2022000791,2022/2023,1,1,BBA,1,Tuition,630000,DAY,UNREGISTERED,PLANNED
MRU2022000791,2022/2023,1,1,BBA,52,Functional,767000,DAY,UNREGISTERED,PLANNED
MRU2022000791,2022/2023,2,1,BBA,1,Tuition,630000,DAY,UNREGISTERED,PLANNED
MRU2022000791,2022/2023,2,1,BBA,52,Functional,677000,DAY,UNREGISTERED,PLANNED
MRU2022000791,2023/2024,1,2,BBA,1,Tuition,630000,DAY,UNREGISTERED,PLANNED
MRU2022000791,2023/2024,1,2,BBA,52,Functional,687000,DAY,UNREGISTERED,PLANNED
MRU2022000811,2022/2023,1,1,BSAF,1,Tuition,630000,DAY,UNREGISTERED,PLANNED
MRU2022000811,2022/2023,1,1,BSAF,52,Functional,767000,DAY,UNREGISTERED,PLANNED
MRU2022000811,2022/2023,2,1,BSAF,1,Tuition,630000,DAY,UNREGISTERED,PLANNED
MRU2022000811,2022/2023,2,1,BSAF,52,Functional,677000,DAY,UNREGISTERED,PLANNED
MRU2022000811,2023/2024,1,2,BSAF,1,Tuition,630000,DAY,UNREGISTERED,PLANNED
MRU2022000811,2023/2024,1,2,BSAF,52,Functional,687000,DAY,UNREGISTERED,PLANNED
MRU2022000812,2022/2023,1,1,BAED,1,Tuition,630000,DAY,UNREGISTERED,PLANNED
MRU2022000812,2022/2023,1,1,BAED,52,Functional,767000,DAY,UNREGISTERED,PLANNED
MRU2022000812,2022/2023,2,1,BAED,1,Tuition,630000,DAY,UNREGISTERED,PLANNED
MRU2022000812,2022/2023,2,1,BAED,52,Functional,677000,DAY,UNREGISTERED,PLANNED
MRU2022000812,2023/2024,1,2,BAED,1,Tuition,630000,DAY,UNREGISTERED,PLANNED
MRU2022000812,2023/2024,1,2,BAED,52,Functional,687000,DAY,UNREGISTERED,PLANNED
MRU2022000817,2022/2023,1,1,BSM,1,Tuition,630000,DAY,UNREGISTERED,PLANNED
MRU2022000817,2022/2023,1,1,BSM,52,Functional,767000,DAY,UNREGISTERED,PLANNED
MRU2022000817,2022/2023,2,1,BSM,1,Tuition,630000,DAY,UNREGISTERED,PLANNED
MRU2022000817,2022/2023,2,1,BSM,52,Functional,677000,DAY,UNREGISTERED,PLANNED
MRU2022000817,2023/2024,1,2,BSM,1,Tuition,630000,DAY,UNREGISTERED,PLANNED
MRU2022000817,2023/2024,1,2,BSM,52,Functional,687000,DAY,UNREGISTERED,PLANNED
MRU2022000818,2022/2023,1,1,BSAF,1,Tuition,630000,DAY,UNREGISTERED,PLANNED
MRU2022000818,2022/2023,1,1,BSAF,52,Functional,767000,DAY,UNREGISTERED,PLANNED
MRU2022000818,2022/2023,2,1,BSAF,1,Tuition,630000,DAY,UNREGISTERED,PLANNED
MRU2022000818,2022/2023,2,1,BSAF,52,Functional,677000,DAY,UNREGISTERED,PLANNED
MRU2022000818,2023/2024,1,2,BSAF,1,Tuition,630000,DAY,UNREGISTERED,PLANNED
MRU2022000818,2023/2024,1,2,BSAF,52,Functional,687000,DAY,UNREGISTERED,PLANNED
MRU2022000822,2022/2023,1,1,BSAF,1,Tuition,630000,DAY,UNREGISTERED,PLANNED
MRU2022000822,2022/2023,1,1,BSAF,52,Functional,767000,DAY,UNREGISTERED,PLANNED
MRU2022000822,2022/2023,2,1,BSAF,1,Tuition,630000,DAY,UNREGISTERED,PLANNED
MRU2022000822,2022/2023,2,1,BSAF,52,Functional,677000,DAY,UNREGISTERED,PLANNED
MRU2022000822,2023/2024,1,2,BSAF,1,Tuition,630000,DAY,UNREGISTERED,PLANNED
MRU2022000822,2023/2024,1,2,BSAF,52,Functional,687000,DAY,UNREGISTERED,PLANNED
MRU2022000828,2022/2023,1,1,BAED,1,Tuition,630000,DAY,UNREGISTERED,PLANNED
MRU2022000828,2022/2023,1,1,BAED,52,Functional,767000,DAY,UNREGISTERED,PLANNED
MRU2022000828,2022/2023,2,1,BAED,1,Tuition,630000,DAY,UNREGISTERED,PLANNED
MRU2022000828,2022/2023,2,1,BAED,52,Functional,677000,DAY,UNREGISTERED,PLANNED
MRU2022000828,2023/2024,1,2,BAED,1,Tuition,630000,DAY,UNREGISTERED,PLANNED
MRU2022000828,2023/2024,1,2,BAED,52,Functional,687000,DAY,UNREGISTERED,PLANNED
MRU2022000836,2022/2023,1,1,BAED,1,Tuition,630000,DAY,UNREGISTERED,PLANNED
MRU2022000836,2022/2023,1,1,BAED,52,Functional,767000,DAY,UNREGISTERED,PLANNED
MRU2022000836,2022/2023,2,1,BAED,1,Tuition,630000,DAY,UNREGISTERED,PLANNED
MRU2022000836,2022/2023,2,1,BAED,52,Functional,677000,DAY,UNREGISTERED,PLANNED
MRU2022000836,2023/2024,1,2,BAED,1,Tuition,630000,DAY,UNREGISTERED,PLANNED
MRU2022000836,2023/2024,1,2,BAED,52,Functional,687000,DAY,UNREGISTERED,PLANNED
MRU2022000845,2022/2023,1,1,BPLM,1,Tuition,630000,DAY,UNREGISTERED,PLANNED
MRU2022000845,2022/2023,1,1,BPLM,52,Functional,767000,DAY,UNREGISTERED,PLANNED
MRU2022000845,2022/2023,2,1,BPLM,1,Tuition,630000,DAY,UNREGISTERED,PLANNED
MRU2022000845,2022/2023,2,1,BPLM,52,Functional,677000,DAY,UNREGISTERED,PLANNED
MRU2022000845,2023/2024,1,2,BPLM,1,Tuition,630000,DAY,UNREGISTERED,PLANNED
MRU2022000845,2023/2024,1,2,BPLM,52,Functional,687000,DAY,UNREGISTERED,PLANNED
MRU2022000849,2022/2023,1,1,SWSA,1,Tuition,630000,DAY,UNREGISTERED,PLANNED
MRU2022000849,2022/2023,1,1,SWSA,52,Functional,767000,DAY,UNREGISTERED,PLANNED
MRU2022000849,2022/2023,2,1,SWSA,1,Tuition,630000,DAY,UNREGISTERED,PLANNED
MRU2022000849,2022/2023,2,1,SWSA,52,Functional,877000,DAY,UNREGISTERED,PLANNED
MRU2022000849,2023/2024,1,2,SWSA,1,Tuition,630000,DAY,UNREGISTERED,PLANNED
MRU2022000849,2023/2024,1,2,SWSA,52,Functional,687000,DAY,UNREGISTERED,PLANNED
MRU2022000854,2022/2023,1,1,BSAF,1,Tuition,630000,DAY,UNREGISTERED,PLANNED
MRU2022000854,2022/2023,1,1,BSAF,52,Functional,767000,DAY,UNREGISTERED,PLANNED
MRU2022000854,2022/2023,2,1,BSAF,1,Tuition,630000,DAY,UNREGISTERED,PLANNED
MRU2022000854,2022/2023,2,1,BSAF,52,Functional,677000,DAY,UNREGISTERED,PLANNED
MRU2022000854,2023/2024,1,2,BSAF,1,Tuition,630000,DAY,UNREGISTERED,PLANNED
MRU2022000854,2023/2024,1,2,BSAF,52,Functional,687000,DAY,UNREGISTERED,PLANNED
MRU2022000858,2022/2023,1,1,BED(P),1,Tuition,280000,INSERVICE,UNREGISTERED,PLANNED
MRU2022000858,2022/2023,1,1,BED(P),52,Functional,184000,INSERVICE,UNREGISTERED,PLANNED
MRU2022000858,2022/2023,2,1,BED(P),1,Tuition,280000,INSERVICE,UNREGISTERED,PLANNED
MRU2022000858,2022/2023,2,1,BED(P),52,Functional,154000,INSERVICE,UNREGISTERED,PLANNED
MRU2022000858,2022/2023,3,1,BED(P),1,Tuition,280000,INSERVICE,UNREGISTERED,PLANNED
MRU2022000858,2022/2023,3,1,BED(P),52,Functional,154000,INSERVICE,UNREGISTERED,PLANNED
MRU2022000866,2022/2023,1,1,BED(P),1,Tuition,280000,INSERVICE,UNREGISTERED,PLANNED
MRU2022000866,2022/2023,1,1,BED(P),52,Functional,184000,INSERVICE,UNREGISTERED,PLANNED
MRU2022000866,2022/2023,2,1,BED(P),1,Tuition,280000,INSERVICE,UNREGISTERED,PLANNED
MRU2022000866,2022/2023,2,1,BED(P),52,Functional,154000,INSERVICE,UNREGISTERED,PLANNED
MRU2022000866,2022/2023,3,1,BED(P),1,Tuition,280000,INSERVICE,UNREGISTERED,PLANNED
MRU2022000866,2022/2023,3,1,BED(P),52,Functional,154000,INSERVICE,UNREGISTERED,PLANNED
MRU2022000866,2023/2024,1,2,BED(P),1,Tuition,280000,INSERVICE,UNREGISTERED,PLANNED
MRU2022000866,2023/2024,1,2,BED(P),52,Functional,154000,INSERVICE,UNREGISTERED,PLANNED
MRU2022000866,2023/2024,2,2,BED(P),1,Tuition,280000,INSERVICE,UNREGISTERED,PLANNED
MRU2022000866,2023/2024,2,2,BED(P),52,Functional,154000,INSERVICE,UNREGISTERED,PLANNED
MRU2022000870,2022/2023,1,1,BAED,1,Tuition,630000,DAY,UNREGISTERED,PLANNED
MRU2022000870,2022/2023,1,1,BAED,52,Functional,767000,DAY,UNREGISTERED,PLANNED
MRU2022000870,2022/2023,2,1,BAED,1,Tuition,630000,DAY,UNREGISTERED,PLANNED
MRU2022000870,2022/2023,2,1,BAED,52,Functional,677000,DAY,UNREGISTERED,PLANNED
MRU2022000870,2023/2024,1,2,BAED,1,Tuition,630000,DAY,UNREGISTERED,PLANNED
MRU2022000870,2023/2024,1,2,BAED,52,Functional,687000,DAY,UNREGISTERED,PLANNED
MRU2022000870,2024/2025,2,3,BAED,1,Tuition,630000,DAY,REGISTERED,PLANNED
MRU2022000870,2024/2025,2,3,BAED,52,Functional,933000,DAY,REGISTERED,PLANNED
MRU2022000881,2022/2023,1,1,BIT,1,Tuition,780000,DAY,UNREGISTERED,PLANNED
MRU2022000881,2022/2023,1,1,BIT,52,Functional,867000,DAY,UNREGISTERED,PLANNED
MRU2022000881,2022/2023,2,1,BIT,1,Tuition,780000,DAY,UNREGISTERED,PLANNED
MRU2022000881,2022/2023,2,1,BIT,52,Functional,677000,DAY,UNREGISTERED,PLANNED
MRU2022000881,2023/2024,1,2,BIT,1,Tuition,780000,DAY,UNREGISTERED,PLANNED
MRU2022000881,2023/2024,1,2,BIT,52,Functional,787000,DAY,UNREGISTERED,PLANNED
MRU2022000899,2022/2023,1,1,BBEI,1,Tuition,280000,INSERVICE,UNREGISTERED,PLANNED
MRU2022000899,2022/2023,1,1,BBEI,52,Functional,184000,INSERVICE,UNREGISTERED,PLANNED
MRU2022000899,2022/2023,2,1,BBEI,1,Tuition,280000,INSERVICE,UNREGISTERED,PLANNED
MRU2022000899,2022/2023,2,1,BBEI,52,Functional,154000,INSERVICE,UNREGISTERED,PLANNED
MRU2022000899,2022/2023,3,1,BBEI,1,Tuition,280000,INSERVICE,UNREGISTERED,PLANNED
MRU2022000899,2022/2023,3,1,BBEI,52,Functional,154000,INSERVICE,UNREGISTERED,PLANNED
MRU2022000899,2023/2024,1,2,BBEI,1,Tuition,280000,INSERVICE,UNREGISTERED,PLANNED
MRU2022000899,2023/2024,1,2,BBEI,52,Functional,154000,INSERVICE,UNREGISTERED,PLANNED
MRU2022000901,2022/2023,1,1,BBA,1,Tuition,630000,WEEKEND,UNREGISTERED,PLANNED
MRU2022000901,2022/2023,1,1,BBA,52,Functional,767000,WEEKEND,UNREGISTERED,PLANNED
MRU2022000901,2022/2023,2,1,BBA,1,Tuition,630000,WEEKEND,UNREGISTERED,PLANNED
MRU2022000901,2022/2023,2,1,BBA,52,Functional,677000,WEEKEND,UNREGISTERED,PLANNED
MRU2022000901,2023/2024,1,2,BBA,1,Tuition,630000,WEEKEND,UNREGISTERED,PLANNED
MRU2022000901,2023/2024,1,2,BBA,52,Functional,687000,WEEKEND,UNREGISTERED,PLANNED
MRU2022000903,2022/2023,1,1,BED(S),1,Tuition,280000,INSERVICE,REGISTERED,PLANNED
MRU2022000903,2022/2023,1,1,BED(S),52,Functional,184000,INSERVICE,REGISTERED,PLANNED
MRU2022000903,2022/2023,2,1,BED(S),1,Tuition,280000,INSERVICE,REGISTERED,PLANNED
MRU2022000903,2022/2023,2,1,BED(S),52,Functional,154000,INSERVICE,REGISTERED,PLANNED
MRU2022000903,2022/2023,3,1,BED(S),1,Tuition,280000,INSERVICE,REGISTERED,PLANNED
MRU2022000903,2022/2023,3,1,BED(S),52,Functional,154000,INSERVICE,REGISTERED,PLANNED
MRU2022000903,2023/2024,2,2,BED(S),1,Tuition,280000,INSERVICE,REGISTERED,PLANNED
MRU2022000903,2023/2024,2,2,BED(S),52,Functional,154000,INSERVICE,REGISTERED,PLANNED
MRU2022000903,2023/2024,3,2,BED(S),1,Tuition,280000,INSERVICE,REGISTERED,PLANNED
MRU2022000903,2023/2024,3,2,BED(S),52,Functional,154000,INSERVICE,REGISTERED,PLANNED
MRU2022000903,2024/2025,2,3,BED(S),1,Tuition,280000,INSERVICE,REGISTERED,PLANNED
MRU2022000903,2024/2025,2,3,BED(S),52,Functional,154000,INSERVICE,REGISTERED,PLANNED
MRU2022000904,2022/2023,2,1,BED(S),1,Tuition,280000,INSERVICE,REGISTERED,PLANNED
MRU2022000904,2022/2023,2,1,BED(S),52,Functional,154000,INSERVICE,REGISTERED,PLANNED
MRU2022000904,2022/2023,3,1,BED(S),1,Tuition,280000,INSERVICE,REGISTERED,PLANNED
MRU2022000904,2022/2023,3,1,BED(S),52,Functional,154000,INSERVICE,REGISTERED,PLANNED
MRU2022000904,2023/2024,2,2,BED(S),1,Tuition,280000,INSERVICE,REGISTERED,PLANNED
MRU2022000904,2023/2024,2,2,BED(S),52,Functional,154000,INSERVICE,REGISTERED,PLANNED
MRU2022000904,2023/2024,3,2,BED(S),1,Tuition,280000,INSERVICE,REGISTERED,PLANNED
MRU2022000904,2023/2024,3,2,BED(S),52,Functional,154000,INSERVICE,REGISTERED,PLANNED
MRU2022000904,2024/2025,3,3,BED(S),1,Tuition,280000,INSERVICE,REGISTERED,PLANNED
MRU2022000904,2024/2025,3,3,BED(S),52,Functional,234000,INSERVICE,REGISTERED,PLANNED
MRU2022000906,2022/2023,1,1,BED(P),1,Tuition,280000,INSERVICE,UNREGISTERED,PLANNED
MRU2022000906,2022/2023,1,1,BED(P),52,Functional,184000,INSERVICE,UNREGISTERED,PLANNED
MRU2022000906,2022/2023,2,1,BED(P),1,Tuition,280000,INSERVICE,UNREGISTERED,PLANNED
MRU2022000906,2022/2023,2,1,BED(P),52,Functional,154000,INSERVICE,UNREGISTERED,PLANNED
MRU2022000906,2022/2023,3,1,BED(P),1,Tuition,280000,INSERVICE,UNREGISTERED,PLANNED
MRU2022000906,2022/2023,3,1,BED(P),52,Functional,154000,INSERVICE,UNREGISTERED,PLANNED
MRU2022000906,2023/2024,1,2,BED(P),1,Tuition,280000,INSERVICE,UNREGISTERED,PLANNED
MRU2022000906,2023/2024,1,2,BED(P),52,Functional,154000,INSERVICE,UNREGISTERED,PLANNED
MRU2022000906,2023/2024,2,2,BED(P),1,Tuition,280000,INSERVICE,UNREGISTERED,PLANNED
MRU2022000906,2023/2024,2,2,BED(P),52,Functional,154000,INSERVICE,UNREGISTERED,PLANNED
MRU2022000906,2023/2024,3,2,BED(P),1,Tuition,280000,INSERVICE,UNREGISTERED,PLANNED
MRU2022000906,2023/2024,3,2,BED(P),52,Functional,154000,INSERVICE,UNREGISTERED,PLANNED
MRU2022000909,2022/2023,1,1,BED(P),1,Tuition,280000,INSERVICE,UNREGISTERED,PLANNED
MRU2022000909,2022/2023,1,1,BED(P),52,Functional,184000,INSERVICE,UNREGISTERED,PLANNED
MRU2022000909,2022/2023,2,1,BED(P),1,Tuition,280000,INSERVICE,UNREGISTERED,PLANNED
MRU2022000909,2022/2023,2,1,BED(P),52,Functional,154000,INSERVICE,UNREGISTERED,PLANNED
MRU2022000909,2022/2023,3,1,BED(P),1,Tuition,280000,INSERVICE,UNREGISTERED,PLANNED
MRU2022000909,2022/2023,3,1,BED(P),52,Functional,154000,INSERVICE,UNREGISTERED,PLANNED
MRU2022000909,2023/2024,1,2,BED(P),1,Tuition,280000,INSERVICE,UNREGISTERED,PLANNED
MRU2022000909,2023/2024,1,2,BED(P),52,Functional,154000,INSERVICE,UNREGISTERED,PLANNED
MRU2022000909,2023/2024,2,2,BED(P),1,Tuition,280000,INSERVICE,UNREGISTERED,PLANNED
MRU2022000909,2023/2024,2,2,BED(P),52,Functional,154000,INSERVICE,UNREGISTERED,PLANNED
MRU2022000923,2022/2023,1,1,BED(P),1,Tuition,280000,INSERVICE,UNREGISTERED,PLANNED
MRU2022000923,2022/2023,1,1,BED(P),52,Functional,184000,INSERVICE,UNREGISTERED,PLANNED
MRU2022000923,2022/2023,2,1,BED(P),1,Tuition,280000,INSERVICE,UNREGISTERED,PLANNED
MRU2022000923,2022/2023,2,1,BED(P),52,Functional,154000,INSERVICE,UNREGISTERED,PLANNED
MRU2022000923,2022/2023,3,1,BED(P),1,Tuition,280000,INSERVICE,UNREGISTERED,PLANNED
MRU2022000923,2022/2023,3,1,BED(P),52,Functional,154000,INSERVICE,UNREGISTERED,PLANNED
MRU2022000923,2023/2024,2,2,BED(P),1,Tuition,280000,INSERVICE,UNREGISTERED,PLANNED
MRU2022000923,2023/2024,2,2,BED(P),52,Functional,154000,INSERVICE,UNREGISTERED,PLANNED
MRU2022000923,2023/2024,3,2,BED(P),1,Tuition,280000,INSERVICE,UNREGISTERED,PLANNED
MRU2022000923,2023/2024,3,2,BED(P),52,Functional,154000,INSERVICE,UNREGISTERED,PLANNED
MRU2022000923,2024/2025,1,3,BED(P),1,Tuition,280000,INSERVICE,REGISTERED,PLANNED
MRU2022000923,2024/2025,1,3,BED(P),52,Functional,154000,INSERVICE,REGISTERED,PLANNED
MRU2022000923,2024/2025,2,3,BED(P),1,Tuition,280000,INSERVICE,REGISTERED,PLANNED
MRU2022000923,2024/2025,2,3,BED(P),52,Functional,154000,INSERVICE,REGISTERED,PLANNED
MRU2022000940,2023/2024,1,2,BSAF,1,Tuition,630000,DAY,UNREGISTERED,PLANNED
MRU2022000940,2023/2024,1,2,BSAF,52,Functional,687000,DAY,UNREGISTERED,PLANNED
MRU2022000940,2023/2024,2,2,BSAF,1,Tuition,630000,DAY,UNREGISTERED,PLANNED
MRU2022000940,2023/2024,2,2,BSAF,52,Functional,653000,DAY,UNREGISTERED,PLANNED
MRU2022000940,2024/2025,1,3,BSAF,1,Tuition,630000,DAY,UNREGISTERED,PLANNED
MRU2022000940,2024/2025,1,3,BSAF,52,Functional,663000,DAY,UNREGISTERED,PLANNED
MRU2022000941,2022/2023,1,1,BED(P),1,Tuition,280000,INSERVICE,UNREGISTERED,PLANNED
MRU2022000941,2022/2023,1,1,BED(P),52,Functional,184000,INSERVICE,UNREGISTERED,PLANNED
MRU2022000941,2022/2023,2,1,BED(P),1,Tuition,280000,INSERVICE,UNREGISTERED,PLANNED
MRU2022000941,2022/2023,2,1,BED(P),52,Functional,154000,INSERVICE,UNREGISTERED,PLANNED
MRU2022000941,2022/2023,3,1,BED(P),1,Tuition,280000,INSERVICE,UNREGISTERED,PLANNED
MRU2022000941,2022/2023,3,1,BED(P),52,Functional,154000,INSERVICE,UNREGISTERED,PLANNED
MRU2022000941,2023/2024,2,2,BED(P),1,Tuition,280000,INSERVICE,UNREGISTERED,PLANNED
MRU2022000941,2023/2024,2,2,BED(P),52,Functional,154000,INSERVICE,UNREGISTERED,PLANNED
MRU2022000947,2022/2023,1,1,BECD,1,Tuition,630000,DAY,UNREGISTERED,PLANNED
MRU2022000947,2022/2023,1,1,BECD,52,Functional,767000,DAY,UNREGISTERED,PLANNED
MRU2022000947,2022/2023,2,1,BECD,1,Tuition,630000,DAY,UNREGISTERED,PLANNED
MRU2022000947,2022/2023,2,1,BECD,52,Functional,677000,DAY,UNREGISTERED,PLANNED
MRU2022000947,2023/2024,1,2,BECD,1,Tuition,630000,DAY,REGISTERED,PLANNED
MRU2022000947,2023/2024,1,2,BECD,52,Functional,687000,DAY,REGISTERED,PLANNED
MRU2022000960,2022/2023,1,1,BIT,1,Tuition,780000,DAY,UNREGISTERED,PLANNED
MRU2022000960,2022/2023,1,1,BIT,52,Functional,867000,DAY,UNREGISTERED,PLANNED
MRU2022000960,2022/2023,2,1,BIT,1,Tuition,780000,DAY,UNREGISTERED,PLANNED
MRU2022000960,2022/2023,2,1,BIT,52,Functional,677000,DAY,UNREGISTERED,PLANNED
MRU2022000960,2023/2024,1,2,BIT,1,Tuition,780000,DAY,UNREGISTERED,PLANNED
MRU2022000960,2023/2024,1,2,BIT,52,Functional,787000,DAY,UNREGISTERED,PLANNED
MRU2022000966,2022/2023,1,1,BMC,1,Tuition,780000,DAY,UNREGISTERED,PLANNED
MRU2022000966,2022/2023,1,1,BMC,52,Functional,887000,DAY,UNREGISTERED,PLANNED
MRU2022000966,2022/2023,2,1,BMC,1,Tuition,780000,DAY,UNREGISTERED,PLANNED
MRU2022000966,2022/2023,2,1,BMC,52,Functional,797000,DAY,UNREGISTERED,PLANNED
MRU2023000006,2023/2024,1,1,BEICT,1,Tuition,680000,DAY,UNREGISTERED,PLANNED
MRU2023000006,2023/2024,1,1,BEICT,52,Functional,767000,DAY,UNREGISTERED,PLANNED
MRU2023000006,2023/2024,2,1,BEICT,1,Tuition,680000,DAY,UNREGISTERED,PLANNED
MRU2023000006,2023/2024,2,1,BEICT,52,Functional,677000,DAY,UNREGISTERED,PLANNED
MRU2023000011,2023/2024,1,1,BEICT,1,Tuition,680000,DAY,UNREGISTERED,PLANNED
MRU2023000011,2023/2024,1,1,BEICT,52,Functional,767000,DAY,UNREGISTERED,PLANNED
MRU2023000011,2023/2024,2,1,BEICT,1,Tuition,680000,DAY,UNREGISTERED,PLANNED
MRU2023000011,2023/2024,2,1,BEICT,52,Functional,677000,DAY,UNREGISTERED,PLANNED
MRU2023000013,2023/2024,2,1,BAED,1,Tuition,630000,DAY,UNREGISTERED,PLANNED
MRU2023000013,2023/2024,2,1,BAED,52,Functional,677000,DAY,UNREGISTERED,PLANNED
MRU2023000014,2023/2024,1,3,BCE,1,Tuition,1455000,WEEKEND,REGISTERED,PLANNED
MRU2023000014,2023/2024,1,3,BCE,52,Functional,1298000,WEEKEND,REGISTERED,PLANNED
MRU2023000014,2023/2024,2,3,BCE,1,Tuition,1455000,WEEKEND,REGISTERED,PLANNED
MRU2023000014,2023/2024,2,3,BCE,52,Functional,1488000,WEEKEND,REGISTERED,PLANNED
MRU2023000017,2023/2024,1,1,BSAF,1,Tuition,630000,DAY,UNREGISTERED,PLANNED
MRU2023000017,2023/2024,1,1,BSAF,52,Functional,767000,DAY,UNREGISTERED,PLANNED
MRU2023000017,2023/2024,2,1,BSAF,1,Tuition,630000,DAY,UNREGISTERED,PLANNED
MRU2023000017,2023/2024,2,1,BSAF,52,Functional,677000,DAY,UNREGISTERED,PLANNED
MRU2023000021,2023/2024,1,1,DAF,1,Tuition,430000,DAY,UNREGISTERED,PLANNED
MRU2023000021,2023/2024,1,1,DAF,52,Functional,767000,DAY,UNREGISTERED,PLANNED
MRU2023000021,2023/2024,2,1,DAF,1,Tuition,430000,DAY,UNREGISTERED,PLANNED
MRU2023000021,2023/2024,2,1,DAF,52,Functional,677000,DAY,UNREGISTERED,PLANNED
MRU2023000028,2023/2024,1,1,DIT,1,Tuition,430000,DAY,UNREGISTERED,PLANNED
MRU2023000028,2023/2024,1,1,DIT,52,Functional,917000,DAY,UNREGISTERED,PLANNED
MRU2023000028,2023/2024,2,1,DIT,1,Tuition,430000,DAY,UNREGISTERED,PLANNED
MRU2023000028,2023/2024,2,1,DIT,52,Functional,677000,DAY,UNREGISTERED,PLANNED
MRU2023000035,2023/2024,1,1,BAED,1,Tuition,630000,DAY,UNREGISTERED,PLANNED
MRU2023000035,2023/2024,1,1,BAED,52,Functional,767000,DAY,UNREGISTERED,PLANNED
MRU2023000035,2023/2024,2,1,BAED,1,Tuition,630000,DAY,UNREGISTERED,PLANNED
MRU2023000035,2023/2024,2,1,BAED,52,Functional,677000,DAY,UNREGISTERED,PLANNED
MRU2023000036,2023/2024,1,1,BAED,1,Tuition,630000,DAY,UNREGISTERED,PLANNED
MRU2023000036,2023/2024,1,1,BAED,52,Functional,767000,DAY,UNREGISTERED,PLANNED
MRU2023000036,2023/2024,2,1,BAED,1,Tuition,630000,DAY,UNREGISTERED,PLANNED
MRU2023000036,2023/2024,2,1,BAED,52,Functional,677000,DAY,UNREGISTERED,PLANNED
MRU2023000040,2023/2024,1,1,BIT,1,Tuition,780000,DAY,UNREGISTERED,PLANNED
MRU2023000040,2023/2024,1,1,BIT,52,Functional,867000,DAY,UNREGISTERED,PLANNED
MRU2023000040,2023/2024,2,1,BIT,1,Tuition,780000,DAY,UNREGISTERED,PLANNED
MRU2023000040,2023/2024,2,1,BIT,52,Functional,677000,DAY,UNREGISTERED,PLANNED
MRU2023000044,2023/2024,1,1,BPLM,1,Tuition,630000,DAY,UNREGISTERED,PLANNED
MRU2023000044,2023/2024,1,1,BPLM,52,Functional,767000,DAY,UNREGISTERED,PLANNED
MRU2023000048,2023/2024,1,1,BBA,1,Tuition,630000,DAY,UNREGISTERED,PLANNED
MRU2023000048,2023/2024,1,1,BBA,52,Functional,767000,DAY,UNREGISTERED,PLANNED
MRU2023000048,2023/2024,2,1,BBA,1,Tuition,630000,DAY,UNREGISTERED,PLANNED
MRU2023000048,2023/2024,2,1,BBA,52,Functional,677000,DAY,UNREGISTERED,PLANNED
MRU2023000051,2023/2024,1,1,BIT,1,Tuition,780000,DAY,UNREGISTERED,PLANNED
MRU2023000051,2023/2024,1,1,BIT,52,Functional,867000,DAY,UNREGISTERED,PLANNED
MRU2023000051,2023/2024,2,1,BIT,1,Tuition,780000,DAY,UNREGISTERED,PLANNED
MRU2023000051,2023/2024,2,1,BIT,52,Functional,677000,DAY,UNREGISTERED,PLANNED
MRU2023000053,2023/2024,1,1,BAED,1,Tuition,630000,DAY,UNREGISTERED,PLANNED
MRU2023000053,2023/2024,1,1,BAED,52,Functional,767000,DAY,UNREGISTERED,PLANNED
MRU2023000053,2023/2024,2,1,BAED,1,Tuition,630000,DAY,UNREGISTERED,PLANNED
MRU2023000053,2023/2024,2,1,BAED,52,Functional,677000,DAY,UNREGISTERED,PLANNED
MRU2023000056,2023/2024,1,1,BMC,1,Tuition,780000,DAY,UNREGISTERED,PLANNED
MRU2023000056,2023/2024,1,1,BMC,52,Functional,887000,DAY,UNREGISTERED,PLANNED
MRU2023000056,2023/2024,2,1,BMC,1,Tuition,780000,DAY,UNREGISTERED,PLANNED
MRU2023000056,2023/2024,2,1,BMC,52,Functional,797000,DAY,UNREGISTERED,PLANNED
MRU2023000057,2023/2024,1,1,BSAF,1,Tuition,630000,DAY,UNREGISTERED,PLANNED
MRU2023000057,2023/2024,1,1,BSAF,52,Functional,767000,DAY,UNREGISTERED,PLANNED
MRU2023000057,2023/2024,2,1,BSAF,1,Tuition,630000,DAY,UNREGISTERED,PLANNED
MRU2023000057,2023/2024,2,1,BSAF,52,Functional,677000,DAY,UNREGISTERED,PLANNED
MRU2023000058,2023/2024,1,1,BSAF,1,Tuition,630000,DAY,UNREGISTERED,PLANNED
MRU2023000058,2023/2024,1,1,BSAF,52,Functional,767000,DAY,UNREGISTERED,PLANNED
MRU2023000058,2023/2024,2,1,BSAF,1,Tuition,630000,DAY,UNREGISTERED,PLANNED
MRU2023000058,2023/2024,2,1,BSAF,52,Functional,677000,DAY,UNREGISTERED,PLANNED
MRU2023000063,2023/2024,1,1,BAED,1,Tuition,630000,DAY,UNREGISTERED,PLANNED
MRU2023000063,2023/2024,1,1,BAED,52,Functional,767000,DAY,UNREGISTERED,PLANNED
MRU2023000063,2023/2024,2,1,BAED,1,Tuition,630000,DAY,UNREGISTERED,PLANNED
MRU2023000063,2023/2024,2,1,BAED,52,Functional,677000,DAY,UNREGISTERED,PLANNED
MRU2023000068,2023/2024,1,1,BSAF,1,Tuition,630000,DAY,UNREGISTERED,PLANNED
MRU2023000068,2023/2024,1,1,BSAF,52,Functional,767000,DAY,UNREGISTERED,PLANNED
MRU2023000068,2023/2024,2,1,BSAF,1,Tuition,630000,DAY,UNREGISTERED,PLANNED
MRU2023000068,2023/2024,2,1,BSAF,52,Functional,677000,DAY,UNREGISTERED,PLANNED
MRU2023000069,2023/2024,1,1,BSAF,1,Tuition,630000,DAY,UNREGISTERED,PLANNED
MRU2023000069,2023/2024,1,1,BSAF,52,Functional,767000,DAY,UNREGISTERED,PLANNED
MRU2023000069,2023/2024,2,1,BSAF,1,Tuition,630000,DAY,UNREGISTERED,PLANNED
MRU2023000069,2023/2024,2,1,BSAF,52,Functional,677000,DAY,UNREGISTERED,PLANNED
MRU2023000070,2023/2024,1,1,BCE,52,Functional,1402000,DAY,REGISTERED,PLANNED
MRU2023000070,2024/2025,2,2,BCE,1,Tuition,1455000,DAY,UNREGISTERED,PLANNED
MRU2023000070,2024/2025,2,2,BCE,52,Functional,1488000,DAY,UNREGISTERED,PLANNED
MRU2023000074,2023/2024,1,1,BAED,1,Tuition,630000,DAY,UNREGISTERED,PLANNED
MRU2023000074,2023/2024,1,1,BAED,52,Functional,767000,DAY,UNREGISTERED,PLANNED
MRU2023000074,2023/2024,2,1,BAED,1,Tuition,630000,DAY,UNREGISTERED,PLANNED
MRU2023000074,2023/2024,2,1,BAED,52,Functional,677000,DAY,UNREGISTERED,PLANNED
MRU2023000076,2023/2024,1,1,BSAF,1,Tuition,630000,DAY,UNREGISTERED,PLANNED
MRU2023000076,2023/2024,1,1,BSAF,52,Functional,767000,DAY,UNREGISTERED,PLANNED
MRU2023000076,2023/2024,2,1,BSAF,1,Tuition,630000,DAY,UNREGISTERED,PLANNED
MRU2023000076,2023/2024,2,1,BSAF,52,Functional,677000,DAY,UNREGISTERED,PLANNED
MRU2023000077,2023/2024,1,1,BSAF,1,Tuition,630000,DAY,UNREGISTERED,PLANNED
MRU2023000077,2023/2024,1,1,BSAF,52,Functional,767000,DAY,UNREGISTERED,PLANNED
MRU2023000077,2023/2024,2,1,BSAF,1,Tuition,630000,DAY,UNREGISTERED,PLANNED
MRU2023000077,2023/2024,2,1,BSAF,52,Functional,677000,DAY,UNREGISTERED,PLANNED
MRU2023000078,2023/2024,1,1,BEICT,1,Tuition,680000,DAY,UNREGISTERED,PLANNED
MRU2023000078,2023/2024,1,1,BEICT,52,Functional,767000,DAY,UNREGISTERED,PLANNED
MRU2023000078,2023/2024,2,1,BEICT,1,Tuition,680000,DAY,UNREGISTERED,PLANNED
MRU2023000078,2023/2024,2,1,BEICT,52,Functional,677000,DAY,UNREGISTERED,PLANNED
MRU2023000081,2023/2024,1,1,BEICT,1,Tuition,680000,DAY,UNREGISTERED,PLANNED
MRU2023000081,2023/2024,1,1,BEICT,52,Functional,767000,DAY,UNREGISTERED,PLANNED
MRU2023000081,2023/2024,2,1,BEICT,1,Tuition,680000,DAY,UNREGISTERED,PLANNED
MRU2023000081,2023/2024,2,1,BEICT,52,Functional,677000,DAY,UNREGISTERED,PLANNED
MRU2023000083,2023/2024,1,1,BCOM,1,Tuition,630000,DAY,UNREGISTERED,PLANNED
MRU2023000083,2023/2024,1,1,BCOM,52,Functional,767000,DAY,UNREGISTERED,PLANNED
MRU2023000091,2023/2024,1,1,BSM,1,Tuition,630000,DAY,UNREGISTERED,PLANNED
MRU2023000091,2023/2024,1,1,BSM,52,Functional,767000,DAY,UNREGISTERED,PLANNED
MRU2023000091,2023/2024,2,1,BSM,1,Tuition,630000,DAY,UNREGISTERED,PLANNED
MRU2023000091,2023/2024,2,1,BSM,52,Functional,677000,DAY,UNREGISTERED,PLANNED
MRU2023000093,2023/2024,1,1,BAED,1,Tuition,630000,DAY,UNREGISTERED,PLANNED
MRU2023000093,2023/2024,1,1,BAED,52,Functional,767000,DAY,UNREGISTERED,PLANNED
MRU2023000093,2023/2024,2,1,BAED,1,Tuition,630000,DAY,UNREGISTERED,PLANNED
MRU2023000093,2023/2024,2,1,BAED,52,Functional,677000,DAY,UNREGISTERED,PLANNED
MRU2023000094,2023/2024,1,1,DEE,1,Tuition,530000,WEEKEND,LATE REGISTERED,PLANNED
MRU2023000094,2023/2024,1,1,DEE,52,Functional,1058500,WEEKEND,LATE REGISTERED,PLANNED
MRU2023000094,2023/2024,2,1,DEE,1,Tuition,530000,WEEKEND,LATE REGISTERED,PLANNED
MRU2023000094,2023/2024,2,1,DEE,52,Functional,1168500,WEEKEND,LATE REGISTERED,PLANNED
MRU2023000095,2023/2024,1,1,BPLM,1,Tuition,630000,DAY,UNREGISTERED,PLANNED
MRU2023000095,2023/2024,1,1,BPLM,52,Functional,767000,DAY,UNREGISTERED,PLANNED
MRU2023000095,2023/2024,2,1,BPLM,1,Tuition,630000,DAY,UNREGISTERED,PLANNED
MRU2023000095,2023/2024,2,1,BPLM,52,Functional,677000,DAY,UNREGISTERED,PLANNED
MRU2023000098,2023/2024,1,1,BPA,1,Tuition,630000,DAY,UNREGISTERED,PLANNED
MRU2023000098,2023/2024,1,1,BPA,52,Functional,767000,DAY,UNREGISTERED,PLANNED
MRU2023000098,2023/2024,2,1,BPA,1,Tuition,630000,DAY,UNREGISTERED,PLANNED
MRU2023000098,2023/2024,2,1,BPA,52,Functional,677000,DAY,UNREGISTERED,PLANNED
MRU2023000099,2023/2024,1,1,BMC,1,Tuition,780000,DAY,REGISTERED,PLANNED
MRU2023000099,2023/2024,1,1,BMC,52,Functional,887000,DAY,REGISTERED,PLANNED
MRU2023000101,2023/2024,1,1,BMC,1,Tuition,780000,DAY,UNREGISTERED,PLANNED
MRU2023000101,2023/2024,1,1,BMC,52,Functional,887000,DAY,UNREGISTERED,PLANNED
MRU2023000101,2023/2024,2,1,BMC,1,Tuition,780000,DAY,UNREGISTERED,PLANNED
MRU2023000101,2023/2024,2,1,BMC,52,Functional,797000,DAY,UNREGISTERED,PLANNED
MRU2023000102,2023/2024,1,2,DEE,1,Tuition,530000,DAY,UNREGISTERED,PLANNED
MRU2023000102,2023/2024,1,2,DEE,52,Functional,978500,DAY,UNREGISTERED,PLANNED
MRU2023000102,2023/2024,2,1,DEE,1,Tuition,530000,DAY,UNREGISTERED,PLANNED
MRU2023000102,2023/2024,2,1,DEE,52,Functional,1168500,DAY,UNREGISTERED,PLANNED
MRU2023000104,2023/2024,1,1,DTHM,1,Tuition,530000,DAY,UNREGISTERED,PLANNED
MRU2023000104,2023/2024,1,1,DTHM,52,Functional,1033700,DAY,UNREGISTERED,PLANNED
MRU2023000104,2023/2024,2,1,DTHM,1,Tuition,530000,DAY,UNREGISTERED,PLANNED
MRU2023000104,2023/2024,2,1,DTHM,52,Functional,943700,DAY,UNREGISTERED,PLANNED
MRU2023000105,2023/2024,2,1,BAED,1,Tuition,630000,DAY,UNREGISTERED,PLANNED
MRU2023000105,2023/2024,2,1,BAED,52,Functional,677000,DAY,UNREGISTERED,PLANNED
MRU2023000106,2023/2024,1,1,BEICT,1,Tuition,680000,DAY,UNREGISTERED,PLANNED
MRU2023000106,2023/2024,1,1,BEICT,52,Functional,767000,DAY,UNREGISTERED,PLANNED
MRU2023000106,2023/2024,2,1,BEICT,1,Tuition,680000,DAY,UNREGISTERED,PLANNED
MRU2023000106,2023/2024,2,1,BEICT,52,Functional,677000,DAY,UNREGISTERED,PLANNED
MRU2023000112,2023/2024,1,1,BAED,1,Tuition,630000,DAY,UNREGISTERED,PLANNED
MRU2023000112,2023/2024,1,1,BAED,52,Functional,767000,DAY,UNREGISTERED,PLANNED
MRU2023000112,2023/2024,2,1,BAED,1,Tuition,630000,DAY,UNREGISTERED,PLANNED
MRU2023000112,2023/2024,2,1,BAED,52,Functional,677000,DAY,UNREGISTERED,PLANNED
MRU2023000114,2023/2024,1,1,SWSA,1,Tuition,630000,DAY,UNREGISTERED,PLANNED
MRU2023000114,2023/2024,1,1,SWSA,52,Functional,767000,DAY,UNREGISTERED,PLANNED
MRU2023000114,2023/2024,2,1,SWSA,1,Tuition,630000,DAY,UNREGISTERED,PLANNED
MRU2023000114,2023/2024,2,1,SWSA,52,Functional,877000,DAY,UNREGISTERED,PLANNED
MRU2023000118,2023/2024,1,1,BIT,1,Tuition,780000,EVENING,REGISTERED,PLANNED
MRU2023000118,2023/2024,1,1,BIT,52,Functional,867000,EVENING,REGISTERED,PLANNED
MRU2023000118,2023/2024,2,1,BIT,1,Tuition,780000,EVENING,REGISTERED,PLANNED
MRU2023000118,2023/2024,2,1,BIT,52,Functional,677000,EVENING,REGISTERED,PLANNED
MRU2023000122,2023/2024,1,1,BIT,1,Tuition,780000,WEEKEND,REGISTERED,PLANNED
MRU2023000122,2023/2024,1,1,BIT,52,Functional,867000,WEEKEND,REGISTERED,PLANNED
MRU2023000122,2023/2024,2,1,BIT,1,Tuition,780000,WEEKEND,UNREGISTERED,PLANNED
MRU2023000122,2023/2024,2,1,BIT,52,Functional,677000,WEEKEND,UNREGISTERED,PLANNED
MRU2023000124,2023/2024,1,1,BIT,1,Tuition,780000,DAY,UNREGISTERED,PLANNED
MRU2023000124,2023/2024,1,1,BIT,52,Functional,867000,DAY,UNREGISTERED,PLANNED
MRU2023000124,2023/2024,2,1,BIT,1,Tuition,780000,DAY,UNREGISTERED,PLANNED
MRU2023000124,2023/2024,2,1,BIT,52,Functional,677000,DAY,UNREGISTERED,PLANNED
MRU2023000125,2023/2024,1,1,BCE,1,Tuition,1455000,DAY,CLEARED,PLANNED
MRU2023000125,2023/2024,1,1,BCE,52,Functional,1402000,DAY,CLEARED,PLANNED
MRU2023000125,2023/2024,2,1,BCE,1,Tuition,1455000,DAY,UNREGISTERED,PLANNED
MRU2023000125,2023/2024,2,1,BCE,52,Functional,1312000,DAY,UNREGISTERED,PLANNED
MRU2023000130,2023/2024,1,1,BEICT,1,Tuition,680000,DAY,UNREGISTERED,PLANNED
MRU2023000130,2023/2024,1,1,BEICT,52,Functional,767000,DAY,UNREGISTERED,PLANNED
MRU2023000130,2023/2024,2,1,BEICT,1,Tuition,680000,DAY,UNREGISTERED,PLANNED
MRU2023000130,2023/2024,2,1,BEICT,52,Functional,677000,DAY,UNREGISTERED,PLANNED
MRU2023000132,2023/2024,1,1,BAED,1,Tuition,630000,DAY,UNREGISTERED,PLANNED
MRU2023000132,2023/2024,1,1,BAED,52,Functional,767000,DAY,UNREGISTERED,PLANNED
MRU2023000132,2023/2024,2,1,BAED,1,Tuition,630000,DAY,UNREGISTERED,PLANNED
MRU2023000132,2023/2024,2,1,BAED,52,Functional,677000,DAY,UNREGISTERED,PLANNED
MRU2023000134,2023/2024,1,1,BPLM,1,Tuition,630000,DAY,UNREGISTERED,PLANNED
MRU2023000134,2023/2024,1,1,BPLM,52,Functional,767000,DAY,UNREGISTERED,PLANNED
MRU2023000134,2023/2024,2,1,BPLM,1,Tuition,630000,DAY,UNREGISTERED,PLANNED
MRU2023000134,2023/2024,2,1,BPLM,52,Functional,677000,DAY,UNREGISTERED,PLANNED
MRU2023000136,2023/2024,1,1,BAED,1,Tuition,630000,DAY,UNREGISTERED,PLANNED
MRU2023000136,2023/2024,1,1,BAED,52,Functional,767000,DAY,UNREGISTERED,PLANNED
MRU2023000136,2023/2024,2,1,BAED,1,Tuition,630000,DAY,UNREGISTERED,PLANNED
MRU2023000136,2023/2024,2,1,BAED,52,Functional,677000,DAY,UNREGISTERED,PLANNED
MRU2023000139,2023/2024,1,1,BIT,1,Tuition,780000,DAY,UNREGISTERED,PLANNED
MRU2023000139,2023/2024,1,1,BIT,52,Functional,867000,DAY,UNREGISTERED,PLANNED
MRU2023000139,2023/2024,2,1,BIT,1,Tuition,780000,DAY,UNREGISTERED,PLANNED
MRU2023000139,2023/2024,2,1,BIT,52,Functional,677000,DAY,UNREGISTERED,PLANNED
MRU2023000142,2023/2024,1,1,BBA,1,Tuition,630000,DAY,REGISTERED,PLANNED
MRU2023000142,2023/2024,1,1,BBA,52,Functional,767000,DAY,REGISTERED,PLANNED
MRU2023000143,2023/2024,1,1,BAED,1,Tuition,630000,DAY,UNREGISTERED,PLANNED
MRU2023000143,2023/2024,1,1,BAED,52,Functional,767000,DAY,UNREGISTERED,PLANNED
MRU2023000143,2023/2024,2,1,BAED,1,Tuition,630000,DAY,UNREGISTERED,PLANNED
MRU2023000143,2023/2024,2,1,BAED,52,Functional,677000,DAY,UNREGISTERED,PLANNED
MRU2023000144,2023/2024,1,1,BBA,1,Tuition,630000,DAY,UNREGISTERED,PLANNED
MRU2023000144,2023/2024,1,1,BBA,52,Functional,767000,DAY,UNREGISTERED,PLANNED
MRU2023000144,2023/2024,2,1,BBA,1,Tuition,630000,DAY,UNREGISTERED,PLANNED
MRU2023000144,2023/2024,2,1,BBA,52,Functional,677000,DAY,UNREGISTERED,PLANNED
MRU2023000145,2023/2024,1,1,DAF,1,Tuition,430000,DAY,UNREGISTERED,PLANNED
MRU2023000145,2023/2024,1,1,DAF,52,Functional,767000,DAY,UNREGISTERED,PLANNED
MRU2023000145,2023/2024,2,1,DAF,1,Tuition,430000,DAY,UNREGISTERED,PLANNED
MRU2023000145,2023/2024,2,1,DAF,52,Functional,677000,DAY,UNREGISTERED,PLANNED
MRU2023000148,2023/2024,1,1,BIT,1,Tuition,780000,EVENING,UNREGISTERED,PLANNED
MRU2023000148,2023/2024,1,1,BIT,52,Functional,867000,EVENING,UNREGISTERED,PLANNED
MRU2023000148,2023/2024,2,1,BIT,1,Tuition,780000,EVENING,UNREGISTERED,PLANNED
MRU2023000148,2023/2024,2,1,BIT,52,Functional,677000,EVENING,UNREGISTERED,PLANNED
MRU2023000155,2023/2024,2,1,DEE,1,Tuition,530000,DAY,UNREGISTERED,PLANNED
MRU2023000155,2023/2024,2,1,DEE,52,Functional,1168500,DAY,UNREGISTERED,PLANNED
MRU2023000157,2023/2024,1,1,BSAF,1,Tuition,630000,DAY,UNREGISTERED,PLANNED
MRU2023000157,2023/2024,1,1,BSAF,52,Functional,767000,DAY,UNREGISTERED,PLANNED
MRU2023000157,2023/2024,2,1,BSAF,1,Tuition,630000,DAY,UNREGISTERED,PLANNED
MRU2023000157,2023/2024,2,1,BSAF,52,Functional,677000,DAY,UNREGISTERED,PLANNED
MRU2023000161,2023/2024,1,1,BAED,1,Tuition,630000,DAY,UNREGISTERED,PLANNED
MRU2023000161,2023/2024,1,1,BAED,52,Functional,767000,DAY,UNREGISTERED,PLANNED
MRU2023000161,2023/2024,2,1,BAED,1,Tuition,630000,DAY,UNREGISTERED,PLANNED
MRU2023000161,2023/2024,2,1,BAED,52,Functional,677000,DAY,UNREGISTERED,PLANNED
MRU2023000165,2023/2024,1,1,BIT,1,Tuition,780000,DAY,UNREGISTERED,PLANNED
MRU2023000165,2023/2024,1,1,BIT,52,Functional,867000,DAY,UNREGISTERED,PLANNED
MRU2023000165,2023/2024,2,1,BIT,1,Tuition,780000,DAY,UNREGISTERED,PLANNED
MRU2023000165,2023/2024,2,1,BIT,52,Functional,677000,DAY,UNREGISTERED,PLANNED
MRU2023000166,2023/2024,1,1,BHRM,1,Tuition,630000,DAY,UNREGISTERED,PLANNED
MRU2023000166,2023/2024,1,1,BHRM,52,Functional,767000,DAY,UNREGISTERED,PLANNED
MRU2023000166,2023/2024,2,1,BHRM,1,Tuition,630000,DAY,UNREGISTERED,PLANNED
MRU2023000166,2023/2024,2,1,BHRM,52,Functional,677000,DAY,UNREGISTERED,PLANNED
MRU2023000167,2023/2024,1,1,BTHM,1,Tuition,780000,DAY,UNREGISTERED,PLANNED
MRU2023000167,2023/2024,1,1,BTHM,52,Functional,1033700,DAY,UNREGISTERED,PLANNED
MRU2023000167,2023/2024,2,1,BTHM,1,Tuition,780000,DAY,UNREGISTERED,PLANNED
MRU2023000167,2023/2024,2,1,BTHM,52,Functional,943700,DAY,UNREGISTERED,PLANNED
MRU2023000172,2023/2024,1,1,BSAF,1,Tuition,630000,DAY,UNREGISTERED,PLANNED
MRU2023000172,2023/2024,1,1,BSAF,52,Functional,767000,DAY,UNREGISTERED,PLANNED
MRU2023000172,2023/2024,2,1,BSAF,1,Tuition,630000,DAY,UNREGISTERED,PLANNED
MRU2023000172,2023/2024,2,1,BSAF,52,Functional,677000,DAY,UNREGISTERED,PLANNED
MRU2023000174,2023/2024,1,1,BIT,1,Tuition,780000,DAY,UNREGISTERED,PLANNED
MRU2023000174,2023/2024,1,1,BIT,52,Functional,867000,DAY,UNREGISTERED,PLANNED
MRU2023000174,2023/2024,2,1,BIT,1,Tuition,780000,DAY,UNREGISTERED,PLANNED
MRU2023000174,2023/2024,2,1,BIT,52,Functional,677000,DAY,UNREGISTERED,PLANNED
MRU2023000175,2023/2024,1,1,BIT,1,Tuition,780000,DAY,UNREGISTERED,PLANNED
MRU2023000175,2023/2024,1,1,BIT,52,Functional,867000,DAY,UNREGISTERED,PLANNED
MRU2023000175,2023/2024,2,1,BIT,1,Tuition,780000,DAY,UNREGISTERED,PLANNED
MRU2023000175,2023/2024,2,1,BIT,52,Functional,677000,DAY,UNREGISTERED,PLANNED
MRU2023000176,2023/2024,1,1,DIT,1,Tuition,430000,DAY,UNREGISTERED,PLANNED
MRU2023000176,2023/2024,1,1,DIT,52,Functional,917000,DAY,UNREGISTERED,PLANNED
MRU2023000176,2023/2024,2,1,DIT,1,Tuition,430000,DAY,UNREGISTERED,PLANNED
MRU2023000176,2023/2024,2,1,DIT,52,Functional,677000,DAY,UNREGISTERED,PLANNED
MRU2023000177,2023/2024,1,1,BIT,1,Tuition,780000,DAY,UNREGISTERED,PLANNED
MRU2023000177,2023/2024,1,1,BIT,52,Functional,867000,DAY,UNREGISTERED,PLANNED
MRU2023000177,2023/2024,2,1,BIT,1,Tuition,780000,DAY,UNREGISTERED,PLANNED
MRU2023000177,2023/2024,2,1,BIT,52,Functional,677000,DAY,UNREGISTERED,PLANNED
MRU2023000179,2023/2024,1,1,BSAF,1,Tuition,630000,DAY,UNREGISTERED,PLANNED
MRU2023000179,2023/2024,1,1,BSAF,52,Functional,767000,DAY,UNREGISTERED,PLANNED
MRU2023000179,2023/2024,2,1,BSAF,1,Tuition,630000,DAY,UNREGISTERED,PLANNED
MRU2023000179,2023/2024,2,1,BSAF,52,Functional,677000,DAY,UNREGISTERED,PLANNED
MRU2023000180,2023/2024,1,1,BSAF,1,Tuition,630000,DAY,UNREGISTERED,PLANNED
MRU2023000180,2023/2024,1,1,BSAF,52,Functional,767000,DAY,UNREGISTERED,PLANNED
MRU2023000180,2023/2024,2,1,BSAF,1,Tuition,630000,DAY,UNREGISTERED,PLANNED
MRU2023000180,2023/2024,2,1,BSAF,52,Functional,677000,DAY,UNREGISTERED,PLANNED
MRU2023000181,2023/2024,1,1,DPA,1,Tuition,430000,DAY,UNREGISTERED,PLANNED
MRU2023000181,2023/2024,1,1,DPA,52,Functional,767000,DAY,UNREGISTERED,PLANNED
MRU2023000181,2023/2024,2,1,DPA,1,Tuition,430000,DAY,UNREGISTERED,PLANNED
MRU2023000181,2023/2024,2,1,DPA,52,Functional,677000,DAY,UNREGISTERED,PLANNED
MRU2023000184,2023/2024,1,1,BMC,1,Tuition,780000,DAY,UNREGISTERED,PLANNED
MRU2023000184,2023/2024,1,1,BMC,52,Functional,887000,DAY,UNREGISTERED,PLANNED
MRU2023000188,2023/2024,1,1,BPA,1,Tuition,630000,DAY,UNREGISTERED,PLANNED
MRU2023000188,2023/2024,1,1,BPA,52,Functional,767000,DAY,UNREGISTERED,PLANNED
MRU2023000188,2023/2024,2,1,BPA,1,Tuition,630000,DAY,UNREGISTERED,PLANNED
MRU2023000188,2023/2024,2,1,BPA,52,Functional,677000,DAY,UNREGISTERED,PLANNED
MRU2023000193,2023/2024,1,1,BEICT,1,Tuition,680000,DAY,UNREGISTERED,PLANNED
MRU2023000193,2023/2024,1,1,BEICT,52,Functional,767000,DAY,UNREGISTERED,PLANNED
MRU2023000193,2023/2024,2,1,BEICT,1,Tuition,680000,DAY,UNREGISTERED,PLANNED
MRU2023000193,2023/2024,2,1,BEICT,52,Functional,677000,DAY,UNREGISTERED,PLANNED
MRU2023000197,2023/2024,1,1,DJ,1,Tuition,530000,DAY,UNREGISTERED,PLANNED
MRU2023000197,2023/2024,1,1,DJ,52,Functional,879500,DAY,UNREGISTERED,PLANNED
MRU2023000197,2023/2024,2,1,DJ,1,Tuition,530000,DAY,UNREGISTERED,PLANNED
MRU2023000197,2023/2024,2,1,DJ,52,Functional,789500,DAY,UNREGISTERED,PLANNED
MRU2023000198,2023/2024,1,1,BTHM,1,Tuition,780000,DAY,UNREGISTERED,PLANNED
MRU2023000198,2023/2024,1,1,BTHM,52,Functional,1033700,DAY,UNREGISTERED,PLANNED
MRU2023000198,2023/2024,2,1,BTHM,1,Tuition,780000,DAY,UNREGISTERED,PLANNED
MRU2023000198,2023/2024,2,1,BTHM,52,Functional,943700,DAY,UNREGISTERED,PLANNED
MRU2023000199,2023/2024,1,2,BCE,1,Tuition,1455000,WEEKEND,REGISTERED,PLANNED
MRU2023000199,2023/2024,1,2,BCE,52,Functional,1322000,WEEKEND,REGISTERED,PLANNED
MRU2023000199,2023/2024,2,2,BCE,1,Tuition,1455000,WEEKEND,REGISTERED,PLANNED
MRU2023000199,2023/2024,2,2,BCE,52,Functional,1488000,WEEKEND,REGISTERED,PLANNED
MRU2023000202,2023/2024,1,1,SWSA,1,Tuition,630000,DAY,UNREGISTERED,PLANNED
MRU2023000202,2023/2024,1,1,SWSA,52,Functional,767000,DAY,UNREGISTERED,PLANNED
MRU2023000202,2023/2024,2,1,SWSA,1,Tuition,630000,DAY,UNREGISTERED,PLANNED
MRU2023000202,2023/2024,2,1,SWSA,52,Functional,877000,DAY,UNREGISTERED,PLANNED
MRU2023000203,2023/2024,1,1,BIT,1,Tuition,780000,DAY,UNREGISTERED,PLANNED
MRU2023000203,2023/2024,1,1,BIT,52,Functional,867000,DAY,UNREGISTERED,PLANNED
MRU2023000205,2023/2024,1,1,BEICT,1,Tuition,680000,DAY,UNREGISTERED,PLANNED
MRU2023000205,2023/2024,1,1,BEICT,52,Functional,767000,DAY,UNREGISTERED,PLANNED
MRU2023000205,2023/2024,2,1,BEICT,1,Tuition,680000,DAY,UNREGISTERED,PLANNED
MRU2023000205,2023/2024,2,1,BEICT,52,Functional,677000,DAY,UNREGISTERED,PLANNED
MRU2023000206,2023/2024,1,1,DIT,1,Tuition,430000,DAY,UNREGISTERED,PLANNED
MRU2023000206,2023/2024,1,1,DIT,52,Functional,917000,DAY,UNREGISTERED,PLANNED
MRU2023000211,2023/2024,1,1,BEICT,1,Tuition,680000,DAY,UNREGISTERED,PLANNED
MRU2023000211,2023/2024,1,1,BEICT,52,Functional,767000,DAY,UNREGISTERED,PLANNED
MRU2023000211,2023/2024,2,1,BEICT,1,Tuition,680000,DAY,UNREGISTERED,PLANNED
MRU2023000211,2023/2024,2,1,BEICT,52,Functional,677000,DAY,UNREGISTERED,PLANNED
MRU2023000218,2023/2024,1,1,DFD,1,Tuition,530000,DAY,UNREGISTERED,PLANNED
MRU2023000218,2023/2024,1,1,DFD,52,Functional,985250,DAY,UNREGISTERED,PLANNED
MRU2023000218,2023/2024,2,1,DFD,1,Tuition,530000,DAY,UNREGISTERED,PLANNED
MRU2023000218,2023/2024,2,1,DFD,52,Functional,895250,DAY,UNREGISTERED,PLANNED
MRU2023000222,2023/2024,1,1,BIT,1,Tuition,780000,DAY,UNREGISTERED,PLANNED
MRU2023000222,2023/2024,1,1,BIT,52,Functional,867000,DAY,UNREGISTERED,PLANNED
MRU2023000222,2023/2024,2,1,BIT,1,Tuition,780000,DAY,UNREGISTERED,PLANNED
MRU2023000222,2023/2024,2,1,BIT,52,Functional,677000,DAY,UNREGISTERED,PLANNED
MRU2023000226,2023/2024,1,1,BCOM,1,Tuition,630000,DAY,UNREGISTERED,PLANNED
MRU2023000226,2023/2024,1,1,BCOM,52,Functional,767000,DAY,UNREGISTERED,PLANNED
MRU2023000229,2023/2024,1,1,BSAF,1,Tuition,630000,DAY,UNREGISTERED,PLANNED
MRU2023000229,2023/2024,1,1,BSAF,52,Functional,767000,DAY,UNREGISTERED,PLANNED
MRU2023000229,2023/2024,2,1,BSAF,1,Tuition,630000,DAY,UNREGISTERED,PLANNED
MRU2023000229,2023/2024,2,1,BSAF,52,Functional,677000,DAY,UNREGISTERED,PLANNED
MRU2023000232,2023/2024,1,1,BAED,1,Tuition,630000,DAY,UNREGISTERED,PLANNED
MRU2023000232,2023/2024,1,1,BAED,52,Functional,767000,DAY,UNREGISTERED,PLANNED
MRU2023000238,2023/2024,1,1,DIT,52,Functional,917000,DAY,UNREGISTERED,PLANNED
MRU2023000238,2024/2025,2,2,DIT,1,Tuition,430000,DAY,CLEARED,PLANNED
MRU2023000238,2024/2025,2,2,DIT,52,Functional,933000,DAY,CLEARED,PLANNED
MRU2023000240,2023/2024,1,1,BBA,1,Tuition,630000,DAY,UNREGISTERED,PLANNED
MRU2023000240,2023/2024,1,1,BBA,52,Functional,767000,DAY,UNREGISTERED,PLANNED
MRU2023000240,2023/2024,2,1,BBA,52,Functional,677000,DAY,UNREGISTERED,PLANNED
MRU2023000241,2023/2024,1,1,DTHM,1,Tuition,530000,DAY,UNREGISTERED,PLANNED
MRU2023000241,2023/2024,1,1,DTHM,52,Functional,1033700,DAY,UNREGISTERED,PLANNED
MRU2023000241,2023/2024,2,1,DTHM,1,Tuition,530000,DAY,UNREGISTERED,PLANNED
MRU2023000241,2023/2024,2,1,DTHM,52,Functional,943700,DAY,UNREGISTERED,PLANNED
MRU2023000243,2023/2024,1,1,DIT,1,Tuition,430000,DAY,REGISTERED,PLANNED
MRU2023000243,2023/2024,1,1,DIT,52,Functional,917000,DAY,REGISTERED,PLANNED
MRU2023000243,2024/2025,2,2,DIT,1,Tuition,430000,DAY,UNREGISTERED,PLANNED
MRU2023000243,2024/2025,2,2,DIT,52,Functional,933000,DAY,UNREGISTERED,PLANNED
MRU2023000244,2023/2024,1,1,BEICT,1,Tuition,680000,DAY,UNREGISTERED,PLANNED
MRU2023000244,2023/2024,1,1,BEICT,52,Functional,767000,DAY,UNREGISTERED,PLANNED
MRU2023000244,2023/2024,2,1,BEICT,1,Tuition,680000,DAY,UNREGISTERED,PLANNED
MRU2023000244,2023/2024,2,1,BEICT,52,Functional,677000,DAY,UNREGISTERED,PLANNED
MRU2023000246,2023/2024,1,1,BIFA,1,Tuition,730000,DAY,UNREGISTERED,PLANNED
MRU2023000246,2023/2024,1,1,BIFA,52,Functional,985250,DAY,UNREGISTERED,PLANNED
MRU2023000246,2023/2024,2,1,BIFA,1,Tuition,730000,DAY,UNREGISTERED,PLANNED
MRU2023000246,2023/2024,2,1,BIFA,52,Functional,895250,DAY,UNREGISTERED,PLANNED
MRU2023000247,2023/2024,1,1,BIT,1,Tuition,780000,DAY,UNREGISTERED,PLANNED
MRU2023000247,2023/2024,1,1,BIT,52,Functional,867000,DAY,UNREGISTERED,PLANNED
MRU2023000247,2023/2024,2,1,BIT,1,Tuition,780000,DAY,UNREGISTERED,PLANNED
MRU2023000247,2023/2024,2,1,BIT,52,Functional,677000,DAY,UNREGISTERED,PLANNED
MRU2023000248,2023/2024,1,1,BVS,1,Tuition,730000,DAY,UNREGISTERED,PLANNED
MRU2023000248,2023/2024,1,1,BVS,52,Functional,985250,DAY,UNREGISTERED,PLANNED
MRU2023000248,2023/2024,2,1,BVS,1,Tuition,730000,DAY,REGISTERED,PLANNED
MRU2023000248,2023/2024,2,1,BVS,52,Functional,895250,DAY,REGISTERED,PLANNED
MRU2023000251,2023/2024,1,1,BIT,1,Tuition,780000,DAY,UNREGISTERED,PLANNED
MRU2023000251,2023/2024,1,1,BIT,52,Functional,867000,DAY,UNREGISTERED,PLANNED
MRU2023000251,2023/2024,2,1,BIT,1,Tuition,780000,DAY,UNREGISTERED,PLANNED
MRU2023000251,2023/2024,2,1,BIT,52,Functional,677000,DAY,UNREGISTERED,PLANNED
MRU2023000254,2023/2024,1,1,BSAF,1,Tuition,630000,DAY,UNREGISTERED,PLANNED
MRU2023000254,2023/2024,1,1,BSAF,52,Functional,767000,DAY,UNREGISTERED,PLANNED
MRU2023000254,2023/2024,2,1,BSAF,1,Tuition,630000,DAY,UNREGISTERED,PLANNED
MRU2023000254,2023/2024,2,1,BSAF,52,Functional,677000,DAY,UNREGISTERED,PLANNED
MRU2023000258,2023/2024,1,1,BBA,1,Tuition,630000,DAY,UNREGISTERED,PLANNED
MRU2023000258,2023/2024,1,1,BBA,52,Functional,767000,DAY,UNREGISTERED,PLANNED
MRU2023000258,2023/2024,2,1,BBA,1,Tuition,630000,DAY,UNREGISTERED,PLANNED
MRU2023000258,2023/2024,2,1,BBA,52,Functional,677000,DAY,UNREGISTERED,PLANNED
MRU2023000265,2023/2024,1,1,SWSA,1,Tuition,630000,DAY,UNREGISTERED,PLANNED
MRU2023000265,2023/2024,1,1,SWSA,52,Functional,767000,DAY,UNREGISTERED,PLANNED
MRU2023000265,2023/2024,2,1,SWSA,1,Tuition,630000,DAY,UNREGISTERED,PLANNED
MRU2023000265,2023/2024,2,1,SWSA,52,Functional,877000,DAY,UNREGISTERED,PLANNED
MRU2023000267,2023/2024,1,1,BPLM,1,Tuition,630000,DAY,UNREGISTERED,PLANNED
MRU2023000267,2023/2024,1,1,BPLM,52,Functional,767000,DAY,UNREGISTERED,PLANNED
MRU2023000267,2023/2024,2,1,BPLM,1,Tuition,630000,DAY,UNREGISTERED,PLANNED
MRU2023000267,2023/2024,2,1,BPLM,52,Functional,677000,DAY,UNREGISTERED,PLANNED
MRU2023000269,2023/2024,1,1,BIT,1,Tuition,780000,DAY,UNREGISTERED,PLANNED
MRU2023000269,2023/2024,1,1,BIT,52,Functional,867000,DAY,UNREGISTERED,PLANNED
MRU2023000269,2023/2024,2,1,BIT,1,Tuition,780000,DAY,UNREGISTERED,PLANNED
MRU2023000269,2023/2024,2,1,BIT,52,Functional,677000,DAY,UNREGISTERED,PLANNED
MRU2023000271,2023/2024,1,1,BAED,1,Tuition,630000,DAY,UNREGISTERED,PLANNED
MRU2023000271,2023/2024,1,1,BAED,52,Functional,767000,DAY,UNREGISTERED,PLANNED
MRU2023000271,2023/2024,2,1,BAED,1,Tuition,630000,DAY,UNREGISTERED,PLANNED
MRU2023000271,2023/2024,2,1,BAED,52,Functional,677000,DAY,UNREGISTERED,PLANNED
MRU2023000273,2023/2024,1,1,BIFA,1,Tuition,730000,DAY,UNREGISTERED,PLANNED
MRU2023000273,2023/2024,1,1,BIFA,52,Functional,985250,DAY,UNREGISTERED,PLANNED
MRU2023000273,2023/2024,2,1,BIFA,1,Tuition,730000,DAY,UNREGISTERED,PLANNED
MRU2023000273,2023/2024,2,1,BIFA,52,Functional,895250,DAY,UNREGISTERED,PLANNED
MRU2023000276,2023/2024,1,1,BIT,1,Tuition,780000,DAY,UNREGISTERED,PLANNED
MRU2023000276,2023/2024,1,1,BIT,52,Functional,867000,DAY,UNREGISTERED,PLANNED
MRU2023000276,2023/2024,2,1,BIT,1,Tuition,780000,DAY,UNREGISTERED,PLANNED
MRU2023000276,2023/2024,2,1,BIT,52,Functional,677000,DAY,UNREGISTERED,PLANNED
MRU2023000277,2023/2024,1,1,BBA,1,Tuition,630000,DAY,UNREGISTERED,PLANNED
MRU2023000277,2023/2024,1,1,BBA,52,Functional,767000,DAY,UNREGISTERED,PLANNED
MRU2023000277,2023/2024,2,1,BBA,52,Functional,677000,DAY,UNREGISTERED,PLANNED
MRU2023000282,2023/2024,1,1,BIT,1,Tuition,780000,DAY,UNREGISTERED,PLANNED
MRU2023000282,2023/2024,1,1,BIT,52,Functional,867000,DAY,UNREGISTERED,PLANNED
MRU2023000282,2023/2024,2,1,BIT,1,Tuition,780000,DAY,UNREGISTERED,PLANNED
MRU2023000282,2023/2024,2,1,BIT,52,Functional,677000,DAY,UNREGISTERED,PLANNED
MRU2023000283,2023/2024,1,1,BAED,1,Tuition,630000,DAY,UNREGISTERED,PLANNED
MRU2023000283,2023/2024,1,1,BAED,52,Functional,767000,DAY,UNREGISTERED,PLANNED
MRU2023000283,2023/2024,2,1,BAED,1,Tuition,630000,DAY,UNREGISTERED,PLANNED
MRU2023000283,2023/2024,2,1,BAED,52,Functional,677000,DAY,UNREGISTERED,PLANNED
MRU2023000284,2023/2024,1,1,BEICT,1,Tuition,680000,DAY,UNREGISTERED,PLANNED
MRU2023000284,2023/2024,1,1,BEICT,52,Functional,767000,DAY,UNREGISTERED,PLANNED
MRU2023000284,2023/2024,2,1,BEICT,1,Tuition,680000,DAY,UNREGISTERED,PLANNED
MRU2023000284,2023/2024,2,1,BEICT,52,Functional,677000,DAY,UNREGISTERED,PLANNED
MRU2023000288,2023/2024,1,1,BSAF,1,Tuition,630000,DAY,UNREGISTERED,PLANNED
MRU2023000288,2023/2024,1,1,BSAF,52,Functional,767000,DAY,UNREGISTERED,PLANNED
MRU2023000291,2023/2024,1,1,SWSA,1,Tuition,630000,DAY,UNREGISTERED,PLANNED
MRU2023000291,2023/2024,1,1,SWSA,52,Functional,767000,DAY,UNREGISTERED,PLANNED
MRU2023000291,2025/2026,1,3,SWSA,1,Tuition,630000,DAY,CLEARED,PLANNED
MRU2023000291,2025/2026,1,3,SWSA,52,Functional,663000,DAY,CLEARED,PLANNED
MRU2023000292,2023/2024,1,1,BAED,1,Tuition,630000,DAY,UNREGISTERED,PLANNED
MRU2023000292,2023/2024,1,1,BAED,52,Functional,767000,DAY,UNREGISTERED,PLANNED
MRU2023000292,2023/2024,2,1,BAED,1,Tuition,630000,DAY,UNREGISTERED,PLANNED
MRU2023000292,2023/2024,2,1,BAED,52,Functional,677000,DAY,UNREGISTERED,PLANNED
MRU2023000293,2023/2024,1,1,BBA,1,Tuition,630000,DAY,UNREGISTERED,PLANNED
MRU2023000293,2023/2024,1,1,BBA,52,Functional,767000,DAY,UNREGISTERED,PLANNED
MRU2023000293,2023/2024,2,1,BBA,1,Tuition,630000,DAY,UNREGISTERED,PLANNED
MRU2023000293,2023/2024,2,1,BBA,52,Functional,677000,DAY,UNREGISTERED,PLANNED
MRU2023000297,2023/2024,1,1,BAED,1,Tuition,630000,DAY,UNREGISTERED,PLANNED
MRU2023000297,2023/2024,1,1,BAED,52,Functional,767000,DAY,UNREGISTERED,PLANNED
MRU2023000297,2025/2026,1,3,BAED,1,Tuition,630000,DAY,CLEARED,PLANNED
MRU2023000297,2025/2026,1,3,BAED,52,Functional,663000,DAY,CLEARED,PLANNED
MRU2023000299,2023/2024,1,1,BMC,1,Tuition,780000,DAY,UNREGISTERED,PLANNED
MRU2023000299,2023/2024,1,1,BMC,52,Functional,887000,DAY,UNREGISTERED,PLANNED
MRU2023000299,2023/2024,2,1,BMC,1,Tuition,780000,DAY,UNREGISTERED,PLANNED
MRU2023000299,2023/2024,2,1,BMC,52,Functional,797000,DAY,UNREGISTERED,PLANNED
MRU2023000300,2023/2024,1,1,DBA,1,Tuition,430000,DAY,UNREGISTERED,PLANNED
MRU2023000300,2023/2024,1,1,DBA,52,Functional,767000,DAY,UNREGISTERED,PLANNED
MRU2023000300,2023/2024,2,1,DBA,1,Tuition,430000,DAY,UNREGISTERED,PLANNED
MRU2023000300,2023/2024,2,1,DBA,52,Functional,677000,DAY,UNREGISTERED,PLANNED
MRU2023000302,2023/2024,1,1,HEC,1,Tuition,400000,DAY,UNREGISTERED,PLANNED
MRU2023000302,2023/2024,1,1,HEC,52,Functional,430000,DAY,UNREGISTERED,PLANNED
MRU2023000307,2023/2024,1,1,BSAF,1,Tuition,630000,DAY,UNREGISTERED,PLANNED
MRU2023000307,2023/2024,1,1,BSAF,52,Functional,767000,DAY,UNREGISTERED,PLANNED
MRU2023000307,2023/2024,2,1,BSAF,1,Tuition,630000,DAY,UNREGISTERED,PLANNED
MRU2023000307,2023/2024,2,1,BSAF,52,Functional,677000,DAY,UNREGISTERED,PLANNED
MRU2023000308,2023/2024,1,1,SWSA,1,Tuition,630000,DAY,UNREGISTERED,PLANNED
MRU2023000308,2023/2024,1,1,SWSA,52,Functional,767000,DAY,UNREGISTERED,PLANNED
MRU2023000308,2023/2024,2,1,SWSA,1,Tuition,630000,DAY,UNREGISTERED,PLANNED
MRU2023000308,2023/2024,2,1,SWSA,52,Functional,877000,DAY,UNREGISTERED,PLANNED
MRU2023000312,2024/2025,1,2,BPLM,1,Tuition,630000,DAY,UNREGISTERED,PLANNED
MRU2023000312,2024/2025,1,2,BPLM,52,Functional,687000,DAY,UNREGISTERED,PLANNED
MRU2023000314,2023/2024,1,1,BMC,1,Tuition,780000,DAY,UNREGISTERED,PLANNED
MRU2023000314,2023/2024,1,1,BMC,52,Functional,887000,DAY,UNREGISTERED,PLANNED
MRU2023000314,2023/2024,2,1,BMC,1,Tuition,780000,DAY,UNREGISTERED,PLANNED
MRU2023000314,2023/2024,2,1,BMC,52,Functional,797000,DAY,UNREGISTERED,PLANNED
MRU2023000318,2023/2024,1,1,BAED,1,Tuition,630000,DAY,UNREGISTERED,PLANNED
MRU2023000318,2023/2024,1,1,BAED,52,Functional,767000,DAY,UNREGISTERED,PLANNED
MRU2023000318,2023/2024,2,1,BAED,1,Tuition,630000,DAY,UNREGISTERED,PLANNED
MRU2023000318,2023/2024,2,1,BAED,52,Functional,677000,DAY,UNREGISTERED,PLANNED
MRU2023000320,2023/2024,2,1,BBA,1,Tuition,630000,DAY,UNREGISTERED,PLANNED
MRU2023000320,2023/2024,2,1,BBA,52,Functional,677000,DAY,UNREGISTERED,PLANNED
MRU2023000322,2023/2024,1,1,BCOM,1,Tuition,630000,DAY,UNREGISTERED,PLANNED
MRU2023000322,2023/2024,1,1,BCOM,52,Functional,767000,DAY,UNREGISTERED,PLANNED
MRU2023000324,2023/2024,1,1,BTHM,1,Tuition,780000,DAY,UNREGISTERED,PLANNED
MRU2023000324,2023/2024,1,1,BTHM,52,Functional,1033700,DAY,UNREGISTERED,PLANNED
MRU2023000324,2023/2024,2,1,BTHM,1,Tuition,780000,DAY,UNREGISTERED,PLANNED
MRU2023000324,2023/2024,2,1,BTHM,52,Functional,943700,DAY,UNREGISTERED,PLANNED
MRU2023000330,2023/2024,1,1,SWSA,1,Tuition,630000,DAY,UNREGISTERED,PLANNED
MRU2023000330,2023/2024,1,1,SWSA,52,Functional,767000,DAY,UNREGISTERED,PLANNED
MRU2023000330,2023/2024,2,1,SWSA,1,Tuition,630000,DAY,UNREGISTERED,PLANNED
MRU2023000330,2023/2024,2,1,SWSA,52,Functional,877000,DAY,UNREGISTERED,PLANNED
MRU2023000335,2023/2024,1,1,SWSA,1,Tuition,630000,DAY,UNREGISTERED,PLANNED
MRU2023000335,2023/2024,1,1,SWSA,52,Functional,767000,DAY,UNREGISTERED,PLANNED
MRU2023000335,2023/2024,2,1,SWSA,1,Tuition,630000,DAY,UNREGISTERED,PLANNED
MRU2023000335,2023/2024,2,1,SWSA,52,Functional,877000,DAY,UNREGISTERED,PLANNED
MRU2023000336,2023/2024,1,1,BAED,1,Tuition,630000,DAY,UNREGISTERED,PLANNED
MRU2023000336,2023/2024,1,1,BAED,52,Functional,767000,DAY,UNREGISTERED,PLANNED
MRU2023000336,2023/2024,2,1,BAED,1,Tuition,630000,DAY,UNREGISTERED,PLANNED
MRU2023000336,2023/2024,2,1,BAED,52,Functional,677000,DAY,UNREGISTERED,PLANNED
MRU2023000337,2023/2024,1,1,BECD,1,Tuition,630000,DAY,UNREGISTERED,PLANNED
MRU2023000337,2023/2024,1,1,BECD,52,Functional,767000,DAY,UNREGISTERED,PLANNED
MRU2023000337,2023/2024,2,1,BECD,1,Tuition,630000,DAY,UNREGISTERED,PLANNED
MRU2023000337,2023/2024,2,1,BECD,52,Functional,677000,DAY,UNREGISTERED,PLANNED
MRU2023000340,2023/2024,1,1,BAED,1,Tuition,630000,DAY,UNREGISTERED,PLANNED
MRU2023000340,2023/2024,1,1,BAED,52,Functional,767000,DAY,UNREGISTERED,PLANNED
MRU2023000340,2023/2024,2,1,BAED,1,Tuition,630000,DAY,UNREGISTERED,PLANNED
MRU2023000340,2023/2024,2,1,BAED,52,Functional,677000,DAY,UNREGISTERED,PLANNED
MRU2023000342,2023/2024,1,1,BAED,1,Tuition,630000,DAY,UNREGISTERED,PLANNED
MRU2023000342,2023/2024,1,1,BAED,52,Functional,767000,DAY,UNREGISTERED,PLANNED
MRU2023000342,2023/2024,2,1,BAED,1,Tuition,630000,DAY,UNREGISTERED,PLANNED
MRU2023000342,2023/2024,2,1,BAED,52,Functional,677000,DAY,UNREGISTERED,PLANNED
MRU2023000344,2023/2024,1,1,BAED,1,Tuition,630000,DAY,UNREGISTERED,PLANNED
MRU2023000344,2023/2024,1,1,BAED,52,Functional,767000,DAY,UNREGISTERED,PLANNED
MRU2023000344,2023/2024,2,1,BAED,1,Tuition,630000,DAY,UNREGISTERED,PLANNED
MRU2023000344,2023/2024,2,1,BAED,52,Functional,677000,DAY,UNREGISTERED,PLANNED
MRU2023000349,2023/2024,1,1,BIT,1,Tuition,780000,DAY,UNREGISTERED,PLANNED
MRU2023000349,2023/2024,1,1,BIT,52,Functional,867000,DAY,UNREGISTERED,PLANNED
MRU2023000349,2023/2024,2,1,BIT,52,Functional,677000,DAY,UNREGISTERED,PLANNED
MRU2023000356,2023/2024,1,1,BEICT,1,Tuition,680000,DAY,UNREGISTERED,PLANNED
MRU2023000356,2023/2024,1,1,BEICT,52,Functional,767000,DAY,UNREGISTERED,PLANNED
MRU2023000356,2023/2024,2,1,BEICT,1,Tuition,680000,DAY,UNREGISTERED,PLANNED
MRU2023000356,2023/2024,2,1,BEICT,52,Functional,677000,DAY,UNREGISTERED,PLANNED
MRU2023000364,2023/2024,1,1,BIT,1,Tuition,780000,DAY,UNREGISTERED,PLANNED
MRU2023000364,2023/2024,1,1,BIT,52,Functional,867000,DAY,UNREGISTERED,PLANNED
MRU2023000364,2023/2024,2,1,BIT,1,Tuition,780000,DAY,UNREGISTERED,PLANNED
MRU2023000364,2023/2024,2,1,BIT,52,Functional,677000,DAY,UNREGISTERED,PLANNED
MRU2023000365,2023/2024,1,1,BSAF,1,Tuition,630000,WEEKEND,UNREGISTERED,PLANNED
MRU2023000365,2023/2024,1,1,BSAF,52,Functional,767000,WEEKEND,UNREGISTERED,PLANNED
MRU2023000365,2023/2024,2,1,BSAF,1,Tuition,630000,WEEKEND,REGISTERED,PLANNED
MRU2023000365,2023/2024,2,1,BSAF,52,Functional,677000,WEEKEND,REGISTERED,PLANNED
MRU2023000365,2024/2025,1,2,BSAF,1,Tuition,630000,WEEKEND,UNREGISTERED,PLANNED
MRU2023000365,2024/2025,1,2,BSAF,52,Functional,687000,WEEKEND,UNREGISTERED,PLANNED
MRU2023000368,2023/2024,1,1,BIT,1,Tuition,780000,DAY,UNREGISTERED,PLANNED
MRU2023000368,2023/2024,1,1,BIT,52,Functional,867000,DAY,UNREGISTERED,PLANNED
MRU2023000368,2023/2024,2,1,BIT,1,Tuition,780000,DAY,UNREGISTERED,PLANNED
MRU2023000368,2023/2024,2,1,BIT,52,Functional,677000,DAY,UNREGISTERED,PLANNED
MRU2023000370,2023/2024,1,1,BAED,1,Tuition,630000,DAY,UNREGISTERED,PLANNED
MRU2023000370,2023/2024,1,1,BAED,52,Functional,767000,DAY,UNREGISTERED,PLANNED
MRU2023000370,2023/2024,2,1,BAED,1,Tuition,630000,DAY,UNREGISTERED,PLANNED
MRU2023000370,2023/2024,2,1,BAED,52,Functional,677000,DAY,UNREGISTERED,PLANNED
MRU2023000371,2023/2024,1,1,BEICT,1,Tuition,680000,DAY,UNREGISTERED,PLANNED
MRU2023000371,2023/2024,1,1,BEICT,52,Functional,767000,DAY,UNREGISTERED,PLANNED
MRU2023000371,2023/2024,2,1,BEICT,1,Tuition,680000,DAY,UNREGISTERED,PLANNED
MRU2023000371,2023/2024,2,1,BEICT,52,Functional,677000,DAY,UNREGISTERED,PLANNED
MRU2023000372,2023/2024,1,1,BSAF,1,Tuition,630000,DAY,UNREGISTERED,PLANNED
MRU2023000372,2023/2024,1,1,BSAF,52,Functional,767000,DAY,UNREGISTERED,PLANNED
MRU2023000372,2023/2024,2,1,BSAF,1,Tuition,630000,DAY,UNREGISTERED,PLANNED
MRU2023000372,2023/2024,2,1,BSAF,52,Functional,677000,DAY,UNREGISTERED,PLANNED
MRU2023000373,2023/2024,1,1,BMC,1,Tuition,780000,DAY,UNREGISTERED,PLANNED
MRU2023000373,2023/2024,1,1,BMC,52,Functional,887000,DAY,UNREGISTERED,PLANNED
MRU2023000373,2023/2024,2,1,BMC,1,Tuition,780000,DAY,UNREGISTERED,PLANNED
MRU2023000373,2023/2024,2,1,BMC,52,Functional,797000,DAY,UNREGISTERED,PLANNED
MRU2023000375,2023/2024,1,1,DTHM,1,Tuition,530000,DAY,UNREGISTERED,PLANNED
MRU2023000375,2023/2024,1,1,DTHM,52,Functional,1033700,DAY,UNREGISTERED,PLANNED
MRU2023000375,2023/2024,2,1,DTHM,1,Tuition,530000,DAY,UNREGISTERED,PLANNED
MRU2023000375,2023/2024,2,1,DTHM,52,Functional,943700,DAY,UNREGISTERED,PLANNED
MRU2023000376,2023/2024,1,1,BAED,1,Tuition,630000,DAY,UNREGISTERED,PLANNED
MRU2023000376,2023/2024,1,1,BAED,52,Functional,767000,DAY,UNREGISTERED,PLANNED
MRU2023000376,2023/2024,2,1,BAED,1,Tuition,630000,DAY,UNREGISTERED,PLANNED
MRU2023000376,2023/2024,2,1,BAED,52,Functional,677000,DAY,UNREGISTERED,PLANNED
MRU2023000386,2023/2024,1,1,BIT,1,Tuition,780000,DAY,UNREGISTERED,PLANNED
MRU2023000386,2023/2024,1,1,BIT,52,Functional,867000,DAY,UNREGISTERED,PLANNED
MRU2023000386,2023/2024,2,1,BIT,1,Tuition,780000,DAY,UNREGISTERED,PLANNED
MRU2023000386,2023/2024,2,1,BIT,52,Functional,677000,DAY,UNREGISTERED,PLANNED
MRU2023000389,2023/2024,1,1,BEICT,1,Tuition,680000,DAY,UNREGISTERED,PLANNED
MRU2023000389,2023/2024,1,1,BEICT,52,Functional,767000,DAY,UNREGISTERED,PLANNED
MRU2023000393,2023/2024,1,1,BIFA,1,Tuition,730000,DAY,UNREGISTERED,PLANNED
MRU2023000393,2023/2024,1,1,BIFA,52,Functional,985250,DAY,UNREGISTERED,PLANNED
MRU2023000393,2023/2024,2,1,BIFA,1,Tuition,730000,DAY,UNREGISTERED,PLANNED
MRU2023000393,2023/2024,2,1,BIFA,52,Functional,895250,DAY,UNREGISTERED,PLANNED
MRU2023000396,2023/2024,1,1,BAED,1,Tuition,630000,DAY,UNREGISTERED,PLANNED
MRU2023000396,2023/2024,1,1,BAED,52,Functional,767000,DAY,UNREGISTERED,PLANNED
MRU2023000396,2023/2024,2,1,BAED,1,Tuition,630000,DAY,UNREGISTERED,PLANNED
MRU2023000396,2023/2024,2,1,BAED,52,Functional,677000,DAY,UNREGISTERED,PLANNED
MRU2023000398,2023/2024,1,1,DBA,1,Tuition,430000,DAY,UNREGISTERED,PLANNED
MRU2023000398,2023/2024,1,1,DBA,52,Functional,767000,DAY,UNREGISTERED,PLANNED
MRU2023000398,2023/2024,2,1,DBA,1,Tuition,430000,DAY,UNREGISTERED,PLANNED
MRU2023000398,2023/2024,2,1,DBA,52,Functional,677000,DAY,UNREGISTERED,PLANNED
MRU2023000399,2023/2024,1,1,BEICT,1,Tuition,680000,DAY,UNREGISTERED,PLANNED
MRU2023000399,2023/2024,1,1,BEICT,52,Functional,767000,DAY,UNREGISTERED,PLANNED
MRU2023000399,2024/2025,1,2,BEICT,1,Tuition,680000,DAY,UNREGISTERED,PLANNED
MRU2023000399,2024/2025,1,2,BEICT,52,Functional,687000,DAY,UNREGISTERED,PLANNED
MRU2023000402,2023/2024,2,1,DAF,1,Tuition,430000,DAY,REGISTERED,PLANNED
MRU2023000402,2023/2024,2,1,DAF,52,Functional,677000,DAY,REGISTERED,PLANNED
MRU2023000404,2023/2024,2,1,BTHM,1,Tuition,780000,DAY,UNREGISTERED,PLANNED
MRU2023000404,2023/2024,2,1,BTHM,52,Functional,943700,DAY,UNREGISTERED,PLANNED
MRU2023000406,2023/2024,1,1,BAED,1,Tuition,630000,DAY,UNREGISTERED,PLANNED
MRU2023000406,2023/2024,1,1,BAED,52,Functional,767000,DAY,UNREGISTERED,PLANNED
MRU2023000406,2023/2024,2,1,BAED,1,Tuition,630000,DAY,UNREGISTERED,PLANNED
MRU2023000406,2023/2024,2,1,BAED,52,Functional,677000,DAY,UNREGISTERED,PLANNED
MRU2023000409,2023/2024,1,1,DIT,1,Tuition,430000,DAY,REGISTERED,PLANNED
MRU2023000409,2023/2024,1,1,DIT,52,Functional,917000,DAY,REGISTERED,PLANNED
MRU2023000410,2023/2024,1,1,BTHM,1,Tuition,780000,DAY,UNREGISTERED,PLANNED
MRU2023000410,2023/2024,1,1,BTHM,52,Functional,1033700,DAY,UNREGISTERED,PLANNED
MRU2023000412,2023/2024,1,1,BBA,1,Tuition,630000,DAY,UNREGISTERED,PLANNED
MRU2023000412,2023/2024,1,1,BBA,52,Functional,767000,DAY,UNREGISTERED,PLANNED
MRU2023000413,2023/2024,1,1,DIT,1,Tuition,430000,DAY,REGISTERED,PLANNED
MRU2023000413,2023/2024,1,1,DIT,52,Functional,917000,DAY,REGISTERED,PLANNED
MRU2023000414,2023/2024,1,1,BBA,1,Tuition,630000,WEEKEND,UNREGISTERED,PLANNED
MRU2023000414,2023/2024,1,1,BBA,52,Functional,767000,WEEKEND,UNREGISTERED,PLANNED
MRU2023000414,2023/2024,2,1,BBA,1,Tuition,630000,WEEKEND,UNREGISTERED,PLANNED
MRU2023000414,2023/2024,2,1,BBA,52,Functional,677000,WEEKEND,UNREGISTERED,PLANNED
MRU2023000415,2023/2024,1,1,DTHM,1,Tuition,530000,DAY,UNREGISTERED,PLANNED
MRU2023000415,2023/2024,1,1,DTHM,52,Functional,1033700,DAY,UNREGISTERED,PLANNED
MRU2023000415,2023/2024,2,1,DTHM,1,Tuition,530000,DAY,REGISTERED,PLANNED
MRU2023000415,2023/2024,2,1,DTHM,52,Functional,943700,DAY,REGISTERED,PLANNED
MRU2023000417,2023/2024,1,2,BPLM,1,Tuition,630000,DAY,UNREGISTERED,PLANNED
MRU2023000417,2023/2024,1,2,BPLM,52,Functional,687000,DAY,UNREGISTERED,PLANNED
MRU2023000417,2024/2025,2,3,BPLM,1,Tuition,630000,DAY,CLEARED,PLANNED
MRU2023000417,2024/2025,2,3,BPLM,52,Functional,933000,DAY,CLEARED,PLANNED
MRU2023000421,2023/2024,1,1,BBA,1,Tuition,630000,DAY,UNREGISTERED,PLANNED
MRU2023000421,2023/2024,1,1,BBA,52,Functional,767000,DAY,UNREGISTERED,PLANNED
MRU2023000421,2023/2024,2,1,BBA,1,Tuition,630000,DAY,UNREGISTERED,PLANNED
MRU2023000421,2023/2024,2,1,BBA,52,Functional,677000,DAY,UNREGISTERED,PLANNED
MRU2023000422,2023/2024,1,1,BAED,1,Tuition,630000,DAY,UNREGISTERED,PLANNED
MRU2023000422,2023/2024,1,1,BAED,52,Functional,767000,DAY,UNREGISTERED,PLANNED
MRU2023000422,2023/2024,2,1,BAED,1,Tuition,630000,DAY,UNREGISTERED,PLANNED
MRU2023000422,2023/2024,2,1,BAED,52,Functional,677000,DAY,UNREGISTERED,PLANNED
MRU2023000423,2023/2024,1,1,BSAF,1,Tuition,630000,DAY,UNREGISTERED,PLANNED
MRU2023000423,2023/2024,1,1,BSAF,52,Functional,767000,DAY,UNREGISTERED,PLANNED
MRU2023000423,2023/2024,2,1,BSAF,1,Tuition,630000,DAY,UNREGISTERED,PLANNED
MRU2023000423,2023/2024,2,1,BSAF,52,Functional,677000,DAY,UNREGISTERED,PLANNED
MRU2023000429,2023/2024,1,1,BBA,1,Tuition,630000,DAY,UNREGISTERED,PLANNED
MRU2023000429,2023/2024,1,1,BBA,52,Functional,767000,DAY,UNREGISTERED,PLANNED
MRU2023000429,2023/2024,2,1,BBA,52,Functional,677000,DAY,UNREGISTERED,PLANNED
MRU2023000431,2023/2024,1,1,BAED,1,Tuition,630000,DAY,UNREGISTERED,PLANNED
MRU2023000431,2023/2024,1,1,BAED,52,Functional,767000,DAY,UNREGISTERED,PLANNED
MRU2023000431,2023/2024,2,1,BAED,1,Tuition,630000,DAY,UNREGISTERED,PLANNED
MRU2023000431,2023/2024,2,1,BAED,52,Functional,677000,DAY,UNREGISTERED,PLANNED
MRU2023000432,2023/2024,1,1,DFD,1,Tuition,530000,DAY,UNREGISTERED,PLANNED
MRU2023000432,2023/2024,1,1,DFD,52,Functional,985250,DAY,UNREGISTERED,PLANNED
MRU2023000432,2023/2024,2,1,DFD,1,Tuition,530000,DAY,UNREGISTERED,PLANNED
MRU2023000432,2023/2024,2,1,DFD,52,Functional,895250,DAY,UNREGISTERED,PLANNED
MRU2023000433,2023/2024,1,1,BAED,1,Tuition,630000,DAY,UNREGISTERED,PLANNED
MRU2023000433,2023/2024,1,1,BAED,52,Functional,767000,DAY,UNREGISTERED,PLANNED
MRU2023000433,2023/2024,2,1,BAED,1,Tuition,630000,DAY,UNREGISTERED,PLANNED
MRU2023000433,2023/2024,2,1,BAED,52,Functional,677000,DAY,UNREGISTERED,PLANNED
MRU2023000438,2023/2024,1,1,BBA,1,Tuition,630000,DAY,UNREGISTERED,PLANNED
MRU2023000438,2023/2024,1,1,BBA,52,Functional,767000,DAY,UNREGISTERED,PLANNED
MRU2023000443,2023/2024,1,1,SWSA,1,Tuition,630000,DAY,UNREGISTERED,PLANNED
MRU2023000443,2023/2024,1,1,SWSA,52,Functional,767000,DAY,UNREGISTERED,PLANNED
MRU2023000443,2023/2024,2,1,SWSA,1,Tuition,630000,DAY,UNREGISTERED,PLANNED
MRU2023000443,2023/2024,2,1,SWSA,52,Functional,877000,DAY,UNREGISTERED,PLANNED
MRU2023000443,2024/2025,1,2,SWSA,1,Tuition,630000,DAY,UNREGISTERED,PLANNED
MRU2023000443,2024/2025,1,2,SWSA,52,Functional,687000,DAY,UNREGISTERED,PLANNED
MRU2023000444,2023/2024,1,1,BTHM,1,Tuition,780000,DAY,UNREGISTERED,PLANNED
MRU2023000444,2023/2024,1,1,BTHM,52,Functional,1033700,DAY,UNREGISTERED,PLANNED
MRU2023000444,2023/2024,2,1,BTHM,1,Tuition,780000,DAY,UNREGISTERED,PLANNED
MRU2023000444,2023/2024,2,1,BTHM,52,Functional,943700,DAY,UNREGISTERED,PLANNED
MRU2023000445,2023/2024,1,1,BIT,52,Functional,867000,DAY,REGISTERED,PLANNED
MRU2023000445,2023/2024,2,1,BIT,52,Functional,677000,DAY,REGISTERED,PLANNED
MRU2023000447,2023/2024,1,1,DEE,1,Tuition,530000,DAY,UNREGISTERED,PLANNED
MRU2023000447,2023/2024,1,1,DEE,52,Functional,1058500,DAY,UNREGISTERED,PLANNED
MRU2023000448,2023/2024,1,1,BTHM,1,Tuition,780000,DAY,UNREGISTERED,PLANNED
MRU2023000448,2023/2024,1,1,BTHM,52,Functional,1033700,DAY,UNREGISTERED,PLANNED
MRU2023000448,2023/2024,2,1,BTHM,1,Tuition,780000,DAY,UNREGISTERED,PLANNED
MRU2023000448,2023/2024,2,1,BTHM,52,Functional,943700,DAY,UNREGISTERED,PLANNED
MRU2023000451,2023/2024,1,1,BTHM,1,Tuition,780000,DAY,UNREGISTERED,PLANNED
MRU2023000451,2023/2024,1,1,BTHM,52,Functional,1033700,DAY,UNREGISTERED,PLANNED
MRU2023000451,2023/2024,2,1,BTHM,1,Tuition,780000,DAY,UNREGISTERED,PLANNED
MRU2023000451,2023/2024,2,1,BTHM,52,Functional,943700,DAY,UNREGISTERED,PLANNED
MRU2023000452,2023/2024,1,1,BMC,1,Tuition,780000,DAY,UNREGISTERED,PLANNED
MRU2023000452,2023/2024,1,1,BMC,52,Functional,887000,DAY,UNREGISTERED,PLANNED
MRU2023000452,2023/2024,2,1,BMC,1,Tuition,780000,DAY,UNREGISTERED,PLANNED
MRU2023000452,2023/2024,2,1,BMC,52,Functional,797000,DAY,UNREGISTERED,PLANNED
MRU2023000454,2023/2024,1,1,BSAF,1,Tuition,630000,DAY,REGISTERED,PLANNED
MRU2023000454,2023/2024,1,1,BSAF,52,Functional,767000,DAY,REGISTERED,PLANNED
MRU2023000455,2023/2024,1,1,BTHM,1,Tuition,780000,DAY,UNREGISTERED,PLANNED
MRU2023000455,2023/2024,1,1,BTHM,52,Functional,1033700,DAY,UNREGISTERED,PLANNED
MRU2023000455,2023/2024,2,1,BTHM,1,Tuition,780000,DAY,UNREGISTERED,PLANNED
MRU2023000455,2023/2024,2,1,BTHM,52,Functional,943700,DAY,UNREGISTERED,PLANNED
MRU2023000457,2023/2024,1,1,BECD,1,Tuition,630000,DAY,UNREGISTERED,PLANNED
MRU2023000457,2023/2024,1,1,BECD,52,Functional,767000,DAY,UNREGISTERED,PLANNED
MRU2023000457,2023/2024,2,1,BECD,1,Tuition,630000,DAY,UNREGISTERED,PLANNED
MRU2023000457,2023/2024,2,1,BECD,52,Functional,677000,DAY,UNREGISTERED,PLANNED
MRU2023000458,2023/2024,1,1,BBA,1,Tuition,630000,DAY,UNREGISTERED,PLANNED
MRU2023000458,2023/2024,1,1,BBA,52,Functional,767000,DAY,UNREGISTERED,PLANNED
MRU2023000458,2023/2024,2,1,BBA,1,Tuition,630000,DAY,UNREGISTERED,PLANNED
MRU2023000458,2023/2024,2,1,BBA,52,Functional,677000,DAY,UNREGISTERED,PLANNED
MRU2023000460,2023/2024,1,1,BSAF,1,Tuition,630000,DAY,UNREGISTERED,PLANNED
MRU2023000460,2023/2024,1,1,BSAF,52,Functional,767000,DAY,UNREGISTERED,PLANNED
MRU2023000460,2023/2024,2,1,BSAF,1,Tuition,630000,DAY,UNREGISTERED,PLANNED
MRU2023000460,2023/2024,2,1,BSAF,52,Functional,677000,DAY,UNREGISTERED,PLANNED
MRU2023000462,2023/2024,1,1,BIT,1,Tuition,780000,DAY,UNREGISTERED,PLANNED
MRU2023000462,2023/2024,1,1,BIT,52,Functional,867000,DAY,UNREGISTERED,PLANNED
MRU2023000463,2023/2024,1,1,BBA,1,Tuition,630000,DAY,UNREGISTERED,PLANNED
MRU2023000463,2023/2024,1,1,BBA,52,Functional,767000,DAY,UNREGISTERED,PLANNED
MRU2023000464,2023/2024,1,1,BAED,1,Tuition,630000,DAY,UNREGISTERED,PLANNED
MRU2023000464,2023/2024,1,1,BAED,52,Functional,767000,DAY,UNREGISTERED,PLANNED
MRU2023000464,2023/2024,2,1,BAED,1,Tuition,630000,DAY,UNREGISTERED,PLANNED
MRU2023000464,2023/2024,2,1,BAED,52,Functional,677000,DAY,UNREGISTERED,PLANNED
MRU2023000467,2023/2024,1,1,BMC,1,Tuition,780000,DAY,UNREGISTERED,PLANNED
MRU2023000467,2023/2024,1,1,BMC,52,Functional,887000,DAY,UNREGISTERED,PLANNED
MRU2023000467,2023/2024,2,1,BMC,1,Tuition,780000,DAY,UNREGISTERED,PLANNED
MRU2023000467,2023/2024,2,1,BMC,52,Functional,797000,DAY,UNREGISTERED,PLANNED
MRU2023000471,2023/2024,1,1,BPA,1,Tuition,630000,DAY,UNREGISTERED,PLANNED
MRU2023000471,2023/2024,1,1,BPA,52,Functional,767000,DAY,UNREGISTERED,PLANNED
MRU2023000471,2023/2024,2,1,BPA,1,Tuition,630000,DAY,UNREGISTERED,PLANNED
MRU2023000471,2023/2024,2,1,BPA,52,Functional,677000,DAY,UNREGISTERED,PLANNED
MRU2023000475,2023/2024,1,1,BIT,1,Tuition,780000,DAY,UNREGISTERED,PLANNED
MRU2023000475,2023/2024,1,1,BIT,52,Functional,867000,DAY,UNREGISTERED,PLANNED
MRU2023000475,2023/2024,2,1,BIT,1,Tuition,780000,DAY,UNREGISTERED,PLANNED
MRU2023000475,2023/2024,2,1,BIT,52,Functional,677000,DAY,UNREGISTERED,PLANNED
MRU2023000480,2023/2024,1,1,DHRM,1,Tuition,430000,DAY,UNREGISTERED,PLANNED
MRU2023000480,2023/2024,1,1,DHRM,52,Functional,767000,DAY,UNREGISTERED,PLANNED
MRU2023000480,2023/2024,2,1,DHRM,1,Tuition,430000,DAY,UNREGISTERED,PLANNED
MRU2023000480,2023/2024,2,1,DHRM,52,Functional,677000,DAY,UNREGISTERED,PLANNED
MRU2023000484,2023/2024,1,1,DTHM,1,Tuition,530000,DAY,UNREGISTERED,PLANNED
MRU2023000484,2023/2024,1,1,DTHM,52,Functional,1033700,DAY,UNREGISTERED,PLANNED
MRU2023000484,2023/2024,2,1,DTHM,1,Tuition,530000,DAY,UNREGISTERED,PLANNED
MRU2023000484,2023/2024,2,1,DTHM,52,Functional,943700,DAY,UNREGISTERED,PLANNED
MRU2023000488,2023/2024,1,1,BSAF,1,Tuition,630000,DAY,UNREGISTERED,PLANNED
MRU2023000488,2023/2024,1,1,BSAF,52,Functional,767000,DAY,UNREGISTERED,PLANNED
MRU2023000488,2023/2024,2,1,BSAF,1,Tuition,630000,DAY,UNREGISTERED,PLANNED
MRU2023000488,2023/2024,2,1,BSAF,52,Functional,677000,DAY,UNREGISTERED,PLANNED
MRU2023000490,2023/2024,1,1,BEICT,1,Tuition,680000,DAY,UNREGISTERED,PLANNED
MRU2023000490,2023/2024,1,1,BEICT,52,Functional,767000,DAY,UNREGISTERED,PLANNED
MRU2023000490,2023/2024,2,1,BEICT,1,Tuition,680000,DAY,UNREGISTERED,PLANNED
MRU2023000490,2023/2024,2,1,BEICT,52,Functional,677000,DAY,UNREGISTERED,PLANNED
MRU2023000491,2023/2024,1,1,BIT,1,Tuition,780000,DAY,UNREGISTERED,PLANNED
MRU2023000491,2023/2024,1,1,BIT,52,Functional,867000,DAY,UNREGISTERED,PLANNED
MRU2023000491,2023/2024,2,1,BIT,1,Tuition,780000,DAY,REGISTERED,PLANNED
MRU2023000491,2023/2024,2,1,BIT,52,Functional,677000,DAY,REGISTERED,PLANNED
MRU2023000496,2023/2024,1,1,BAED,1,Tuition,630000,DAY,UNREGISTERED,PLANNED
MRU2023000496,2023/2024,1,1,BAED,52,Functional,767000,DAY,UNREGISTERED,PLANNED
MRU2023000496,2023/2024,2,1,BAED,1,Tuition,630000,DAY,UNREGISTERED,PLANNED
MRU2023000496,2023/2024,2,1,BAED,52,Functional,677000,DAY,UNREGISTERED,PLANNED
MRU2023000500,2023/2024,1,1,BSAF,1,Tuition,630000,DAY,REGISTERED,PLANNED
MRU2023000500,2023/2024,1,1,BSAF,52,Functional,767000,DAY,REGISTERED,PLANNED
MRU2023000500,2023/2024,2,1,BSAF,1,Tuition,630000,DAY,REGISTERED,PLANNED
MRU2023000500,2023/2024,2,1,BSAF,52,Functional,677000,DAY,REGISTERED,PLANNED
MRU2023000503,2023/2024,1,1,DAF,1,Tuition,430000,DAY,UNREGISTERED,PLANNED
MRU2023000503,2023/2024,1,1,DAF,52,Functional,767000,DAY,UNREGISTERED,PLANNED
MRU2023000505,2023/2024,1,1,BIT,1,Tuition,780000,WEEKEND,UNREGISTERED,PLANNED
MRU2023000505,2023/2024,1,1,BIT,52,Functional,867000,WEEKEND,UNREGISTERED,PLANNED
MRU2023000505,2023/2024,2,1,BIT,1,Tuition,780000,WEEKEND,UNREGISTERED,PLANNED
MRU2023000505,2023/2024,2,1,BIT,52,Functional,677000,WEEKEND,UNREGISTERED,PLANNED
MRU2023000509,2023/2024,1,1,SWSA,1,Tuition,630000,DAY,UNREGISTERED,PLANNED
MRU2023000509,2023/2024,1,1,SWSA,52,Functional,767000,DAY,UNREGISTERED,PLANNED
MRU2023000512,2023/2024,1,1,BEICT,1,Tuition,680000,DAY,UNREGISTERED,PLANNED
MRU2023000512,2023/2024,1,1,BEICT,52,Functional,767000,DAY,UNREGISTERED,PLANNED
MRU2023000512,2023/2024,2,1,BEICT,1,Tuition,680000,DAY,UNREGISTERED,PLANNED
MRU2023000512,2023/2024,2,1,BEICT,52,Functional,677000,DAY,UNREGISTERED,PLANNED
MRU2023000513,2023/2024,1,1,BIFA,1,Tuition,730000,DAY,UNREGISTERED,PLANNED
MRU2023000513,2023/2024,1,1,BIFA,52,Functional,985250,DAY,UNREGISTERED,PLANNED
MRU2023000513,2023/2024,2,1,BIFA,1,Tuition,730000,DAY,UNREGISTERED,PLANNED
MRU2023000513,2023/2024,2,1,BIFA,52,Functional,895250,DAY,UNREGISTERED,PLANNED
MRU2023000516,2023/2024,1,1,SWSA,1,Tuition,630000,DAY,UNREGISTERED,PLANNED
MRU2023000516,2023/2024,1,1,SWSA,52,Functional,767000,DAY,UNREGISTERED,PLANNED
MRU2023000516,2023/2024,2,1,SWSA,1,Tuition,630000,DAY,UNREGISTERED,PLANNED
MRU2023000516,2023/2024,2,1,SWSA,52,Functional,877000,DAY,UNREGISTERED,PLANNED
MRU2023000517,2023/2024,1,1,BSAF,1,Tuition,630000,DAY,UNREGISTERED,PLANNED
MRU2023000517,2023/2024,1,1,BSAF,52,Functional,767000,DAY,UNREGISTERED,PLANNED
MRU2023000517,2023/2024,2,1,BSAF,1,Tuition,630000,DAY,UNREGISTERED,PLANNED
MRU2023000517,2023/2024,2,1,BSAF,52,Functional,677000,DAY,UNREGISTERED,PLANNED
MRU2023000518,2023/2024,1,1,BEE,1,Tuition,1455000,DAY,REGISTERED,PLANNED
MRU2023000518,2023/2024,1,1,BEE,52,Functional,1402000,DAY,REGISTERED,PLANNED
MRU2023000518,2023/2024,2,1,BEE,1,Tuition,1455000,DAY,REGISTERED,PLANNED
MRU2023000518,2023/2024,2,1,BEE,52,Functional,1312000,DAY,REGISTERED,PLANNED
MRU2023000521,2023/2024,1,1,DEE,1,Tuition,530000,DAY,UNREGISTERED,PLANNED
MRU2023000521,2023/2024,1,1,DEE,52,Functional,1058500,DAY,UNREGISTERED,PLANNED
MRU2023000521,2023/2024,2,1,DEE,1,Tuition,530000,DAY,UNREGISTERED,PLANNED
MRU2023000521,2023/2024,2,1,DEE,52,Functional,1168500,DAY,UNREGISTERED,PLANNED
MRU2023000522,2023/2024,1,1,BTHM,1,Tuition,780000,DAY,UNREGISTERED,PLANNED
MRU2023000522,2023/2024,1,1,BTHM,52,Functional,1033700,DAY,UNREGISTERED,PLANNED
MRU2023000522,2023/2024,2,1,BTHM,1,Tuition,780000,DAY,UNREGISTERED,PLANNED
MRU2023000522,2023/2024,2,1,BTHM,52,Functional,943700,DAY,UNREGISTERED,PLANNED
MRU2023000523,2023/2024,2,1,BIT,1,Tuition,780000,WEEKEND,UNREGISTERED,PLANNED
MRU2023000523,2023/2024,2,1,BIT,52,Functional,677000,WEEKEND,UNREGISTERED,PLANNED
MRU2023000529,2023/2024,1,1,BAED,1,Tuition,630000,DAY,UNREGISTERED,PLANNED
MRU2023000529,2023/2024,1,1,BAED,52,Functional,767000,DAY,UNREGISTERED,PLANNED
MRU2023000529,2023/2024,2,1,BAED,1,Tuition,630000,DAY,UNREGISTERED,PLANNED
MRU2023000529,2023/2024,2,1,BAED,52,Functional,677000,DAY,UNREGISTERED,PLANNED
MRU2023000534,2023/2024,1,1,BBA,1,Tuition,630000,DAY,UNREGISTERED,PLANNED
MRU2023000534,2023/2024,1,1,BBA,52,Functional,767000,DAY,UNREGISTERED,PLANNED
MRU2023000534,2023/2024,2,1,BBA,52,Functional,677000,DAY,UNREGISTERED,PLANNED
MRU2023000535,2023/2024,1,1,BAED,1,Tuition,630000,DAY,UNREGISTERED,PLANNED
MRU2023000535,2023/2024,1,1,BAED,52,Functional,767000,DAY,UNREGISTERED,PLANNED
MRU2023000535,2023/2024,2,1,BAED,1,Tuition,630000,DAY,UNREGISTERED,PLANNED
MRU2023000535,2023/2024,2,1,BAED,52,Functional,677000,DAY,UNREGISTERED,PLANNED
MRU2023000541,2023/2024,1,1,BEICT,1,Tuition,680000,DAY,UNREGISTERED,PLANNED
MRU2023000541,2023/2024,1,1,BEICT,52,Functional,767000,DAY,UNREGISTERED,PLANNED
MRU2023000541,2023/2024,2,1,BEICT,1,Tuition,680000,DAY,UNREGISTERED,PLANNED
MRU2023000541,2023/2024,2,1,BEICT,52,Functional,677000,DAY,UNREGISTERED,PLANNED
MRU2023000541,2024/2025,1,2,BEICT,52,Functional,687000,DAY,REGISTERED,PLANNED
MRU2023000542,2023/2024,1,1,BMC,1,Tuition,780000,DAY,UNREGISTERED,PLANNED
MRU2023000542,2023/2024,1,1,BMC,52,Functional,887000,DAY,UNREGISTERED,PLANNED
MRU2023000542,2023/2024,2,1,BMC,1,Tuition,780000,DAY,REGISTERED,PLANNED
MRU2023000542,2023/2024,2,1,BMC,52,Functional,797000,DAY,REGISTERED,PLANNED
MRU2023000543,2023/2024,1,1,BAED,1,Tuition,630000,DAY,UNREGISTERED,PLANNED
MRU2023000543,2023/2024,1,1,BAED,52,Functional,767000,DAY,UNREGISTERED,PLANNED
MRU2023000543,2023/2024,2,1,BAED,1,Tuition,630000,DAY,UNREGISTERED,PLANNED
MRU2023000543,2023/2024,2,1,BAED,52,Functional,677000,DAY,UNREGISTERED,PLANNED
MRU2023000544,2023/2024,1,1,DIT,1,Tuition,430000,DAY,REGISTERED,PLANNED
MRU2023000544,2023/2024,1,1,DIT,52,Functional,917000,DAY,REGISTERED,PLANNED
MRU2023000544,2023/2024,2,1,DIT,1,Tuition,430000,DAY,REGISTERED,PLANNED
MRU2023000544,2023/2024,2,1,DIT,52,Functional,677000,DAY,REGISTERED,PLANNED
MRU2023000547,2023/2024,1,1,SWSA,1,Tuition,630000,DAY,UNREGISTERED,PLANNED
MRU2023000547,2023/2024,1,1,SWSA,52,Functional,767000,DAY,UNREGISTERED,PLANNED
MRU2023000547,2023/2024,2,1,SWSA,1,Tuition,630000,DAY,UNREGISTERED,PLANNED
MRU2023000547,2023/2024,2,1,SWSA,52,Functional,877000,DAY,UNREGISTERED,PLANNED
MRU2023000550,2023/2024,1,1,BIFA,1,Tuition,730000,DAY,UNREGISTERED,PLANNED
MRU2023000550,2023/2024,1,1,BIFA,52,Functional,985250,DAY,UNREGISTERED,PLANNED
MRU2023000550,2023/2024,2,1,BIFA,1,Tuition,730000,DAY,UNREGISTERED,PLANNED
MRU2023000550,2023/2024,2,1,BIFA,52,Functional,895250,DAY,UNREGISTERED,PLANNED
MRU2023000555,2023/2024,2,1,BBEI,1,Tuition,280000,INSERVICE,UNREGISTERED,PLANNED
MRU2023000555,2023/2024,2,1,BBEI,52,Functional,154000,INSERVICE,UNREGISTERED,PLANNED
MRU2023000555,2023/2024,3,1,BBEI,1,Tuition,280000,INSERVICE,UNREGISTERED,PLANNED
MRU2023000555,2023/2024,3,1,BBEI,52,Functional,154000,INSERVICE,UNREGISTERED,PLANNED
MRU2023000556,2023/2024,1,1,BVS,1,Tuition,730000,DAY,UNREGISTERED,PLANNED
MRU2023000556,2023/2024,1,1,BVS,52,Functional,985250,DAY,UNREGISTERED,PLANNED
MRU2023000556,2023/2024,2,1,BVS,1,Tuition,730000,DAY,UNREGISTERED,PLANNED
MRU2023000556,2023/2024,2,1,BVS,52,Functional,895250,DAY,UNREGISTERED,PLANNED
MRU2023000557,2023/2024,1,1,BEICT,1,Tuition,680000,DAY,UNREGISTERED,PLANNED
MRU2023000557,2023/2024,1,1,BEICT,52,Functional,767000,DAY,UNREGISTERED,PLANNED
MRU2023000557,2023/2024,2,1,BEICT,1,Tuition,680000,DAY,UNREGISTERED,PLANNED
MRU2023000557,2023/2024,2,1,BEICT,52,Functional,677000,DAY,UNREGISTERED,PLANNED
MRU2023000558,2023/2024,1,1,SWSA,1,Tuition,630000,DAY,UNREGISTERED,PLANNED
MRU2023000558,2023/2024,1,1,SWSA,52,Functional,767000,DAY,UNREGISTERED,PLANNED
MRU2023000558,2023/2024,2,1,SWSA,1,Tuition,630000,DAY,UNREGISTERED,PLANNED
MRU2023000558,2023/2024,2,1,SWSA,52,Functional,877000,DAY,UNREGISTERED,PLANNED
MRU2023000560,2023/2024,1,1,BBA,1,Tuition,630000,DAY,UNREGISTERED,PLANNED
MRU2023000560,2023/2024,1,1,BBA,52,Functional,767000,DAY,UNREGISTERED,PLANNED
MRU2023000560,2023/2024,2,1,BBA,1,Tuition,630000,DAY,UNREGISTERED,PLANNED
MRU2023000560,2023/2024,2,1,BBA,52,Functional,677000,DAY,UNREGISTERED,PLANNED
MRU2023000569,2023/2024,2,1,BAED,1,Tuition,630000,DAY,UNREGISTERED,PLANNED
MRU2023000569,2023/2024,2,1,BAED,52,Functional,677000,DAY,UNREGISTERED,PLANNED
MRU2023000574,2023/2024,1,1,BBA,1,Tuition,630000,DAY,UNREGISTERED,PLANNED
MRU2023000574,2023/2024,1,1,BBA,52,Functional,767000,DAY,UNREGISTERED,PLANNED
MRU2023000574,2023/2024,2,1,BBA,52,Functional,677000,DAY,UNREGISTERED,PLANNED
MRU2023000576,2023/2024,1,3,BEE,1,Tuition,1455000,DAY,REGISTERED,PLANNED
MRU2023000576,2023/2024,1,3,BEE,52,Functional,1298000,DAY,REGISTERED,PLANNED
MRU2023000576,2023/2024,2,2,BEE,1,Tuition,1455000,DAY,REGISTERED,PLANNED
MRU2023000576,2023/2024,2,2,BEE,52,Functional,1488000,DAY,REGISTERED,PLANNED
MRU2023000580,2023/2024,1,1,BAED,52,Functional,767000,DAY,REGISTERED,PLANNED
MRU2023000580,2023/2024,2,1,BAED,1,Tuition,630000,DAY,UNREGISTERED,PLANNED
MRU2023000580,2023/2024,2,1,BAED,52,Functional,677000,DAY,UNREGISTERED,PLANNED
MRU2023000587,2023/2024,1,1,BEICT,1,Tuition,680000,DAY,UNREGISTERED,PLANNED
MRU2023000587,2023/2024,1,1,BEICT,52,Functional,767000,DAY,UNREGISTERED,PLANNED
MRU2023000587,2023/2024,2,1,BEICT,1,Tuition,680000,DAY,UNREGISTERED,PLANNED
MRU2023000587,2023/2024,2,1,BEICT,52,Functional,677000,DAY,UNREGISTERED,PLANNED
MRU2023000590,2023/2024,1,1,DTHM,1,Tuition,530000,DAY,UNREGISTERED,PLANNED
MRU2023000590,2023/2024,1,1,DTHM,52,Functional,1033700,DAY,UNREGISTERED,PLANNED
MRU2023000590,2023/2024,2,1,DTHM,1,Tuition,530000,DAY,UNREGISTERED,PLANNED
MRU2023000590,2023/2024,2,1,DTHM,52,Functional,943700,DAY,UNREGISTERED,PLANNED
MRU2023000592,2023/2024,1,1,BAED,1,Tuition,630000,DAY,UNREGISTERED,PLANNED
MRU2023000592,2023/2024,1,1,BAED,52,Functional,767000,DAY,UNREGISTERED,PLANNED
MRU2023000592,2023/2024,2,1,BAED,1,Tuition,630000,DAY,UNREGISTERED,PLANNED
MRU2023000592,2023/2024,2,1,BAED,52,Functional,677000,DAY,UNREGISTERED,PLANNED
MRU2023000593,2023/2024,1,1,BBA,1,Tuition,630000,DAY,UNREGISTERED,PLANNED
MRU2023000593,2023/2024,1,1,BBA,52,Functional,767000,DAY,UNREGISTERED,PLANNED
MRU2023000593,2023/2024,2,1,BBA,1,Tuition,630000,DAY,UNREGISTERED,PLANNED
MRU2023000593,2023/2024,2,1,BBA,52,Functional,677000,DAY,UNREGISTERED,PLANNED
MRU2023000596,2023/2024,1,1,BEICT,1,Tuition,680000,DAY,UNREGISTERED,PLANNED
MRU2023000596,2023/2024,1,1,BEICT,52,Functional,767000,DAY,UNREGISTERED,PLANNED
MRU2023000596,2023/2024,2,1,BEICT,1,Tuition,680000,DAY,UNREGISTERED,PLANNED
MRU2023000596,2023/2024,2,1,BEICT,52,Functional,677000,DAY,UNREGISTERED,PLANNED
MRU2023000598,2023/2024,1,1,BAED,1,Tuition,630000,DAY,UNREGISTERED,PLANNED
MRU2023000598,2023/2024,1,1,BAED,52,Functional,767000,DAY,UNREGISTERED,PLANNED
MRU2023000598,2023/2024,2,1,BAED,1,Tuition,630000,DAY,UNREGISTERED,PLANNED
MRU2023000598,2023/2024,2,1,BAED,52,Functional,677000,DAY,UNREGISTERED,PLANNED
MRU2023000598,2024/2025,2,2,BAED,1,Tuition,630000,DAY,REGISTERED,PLANNED
MRU2023000598,2024/2025,2,2,BAED,52,Functional,853000,DAY,REGISTERED,PLANNED
MRU2023000599,2023/2024,1,1,SWSA,1,Tuition,630000,DAY,UNREGISTERED,PLANNED
MRU2023000599,2023/2024,1,1,SWSA,52,Functional,767000,DAY,UNREGISTERED,PLANNED
MRU2023000599,2023/2024,2,1,SWSA,1,Tuition,630000,DAY,UNREGISTERED,PLANNED
MRU2023000599,2023/2024,2,1,SWSA,52,Functional,877000,DAY,UNREGISTERED,PLANNED
MRU2023000601,2023/2024,1,1,DEE,1,Tuition,530000,DAY,UNREGISTERED,PLANNED
MRU2023000601,2023/2024,1,1,DEE,52,Functional,1058500,DAY,UNREGISTERED,PLANNED
MRU2023000603,2023/2024,1,1,BAED,1,Tuition,630000,DAY,UNREGISTERED,PLANNED
MRU2023000603,2023/2024,1,1,BAED,52,Functional,767000,DAY,UNREGISTERED,PLANNED
MRU2023000603,2023/2024,2,1,BAED,1,Tuition,630000,DAY,UNREGISTERED,PLANNED
MRU2023000603,2023/2024,2,1,BAED,52,Functional,677000,DAY,UNREGISTERED,PLANNED
MRU2023000604,2023/2024,1,1,BAED,1,Tuition,630000,DAY,UNREGISTERED,PLANNED
MRU2023000604,2023/2024,1,1,BAED,52,Functional,767000,DAY,UNREGISTERED,PLANNED
MRU2023000604,2023/2024,2,1,BAED,1,Tuition,630000,DAY,UNREGISTERED,PLANNED
MRU2023000604,2023/2024,2,1,BAED,52,Functional,677000,DAY,UNREGISTERED,PLANNED
MRU2023000609,2023/2024,1,1,BSAF,1,Tuition,630000,DAY,UNREGISTERED,PLANNED
MRU2023000609,2023/2024,1,1,BSAF,52,Functional,767000,DAY,UNREGISTERED,PLANNED
MRU2023000610,2023/2024,1,1,BBA,1,Tuition,630000,DAY,UNREGISTERED,PLANNED
MRU2023000610,2023/2024,1,1,BBA,52,Functional,767000,DAY,UNREGISTERED,PLANNED
MRU2023000610,2023/2024,2,1,BBA,1,Tuition,630000,DAY,UNREGISTERED,PLANNED
MRU2023000610,2023/2024,2,1,BBA,52,Functional,677000,DAY,UNREGISTERED,PLANNED
MRU2023000612,2023/2024,1,1,BBA,1,Tuition,630000,DAY,REGISTERED,PLANNED
MRU2023000612,2023/2024,1,1,BBA,52,Functional,767000,DAY,REGISTERED,PLANNED
MRU2023000612,2023/2024,2,1,BBA,52,Functional,677000,DAY,REGISTERED,PLANNED
MRU2023000616,2023/2024,1,1,BIT,1,Tuition,780000,DAY,UNREGISTERED,PLANNED
MRU2023000616,2023/2024,1,1,BIT,52,Functional,867000,DAY,UNREGISTERED,PLANNED
MRU2023000616,2023/2024,2,1,BIT,1,Tuition,780000,DAY,UNREGISTERED,PLANNED
MRU2023000616,2023/2024,2,1,BIT,52,Functional,677000,DAY,UNREGISTERED,PLANNED
MRU2023000617,2023/2024,1,1,BSAF,1,Tuition,630000,DAY,UNREGISTERED,PLANNED
MRU2023000617,2023/2024,1,1,BSAF,52,Functional,767000,DAY,UNREGISTERED,PLANNED
MRU2023000617,2023/2024,2,1,BSAF,1,Tuition,630000,DAY,UNREGISTERED,PLANNED
MRU2023000617,2023/2024,2,1,BSAF,52,Functional,677000,DAY,UNREGISTERED,PLANNED
MRU2023000618,2023/2024,1,1,BAED,1,Tuition,630000,DAY,UNREGISTERED,PLANNED
MRU2023000618,2023/2024,1,1,BAED,52,Functional,767000,DAY,UNREGISTERED,PLANNED
MRU2023000618,2023/2024,2,1,BAED,1,Tuition,630000,DAY,UNREGISTERED,PLANNED
MRU2023000618,2023/2024,2,1,BAED,52,Functional,677000,DAY,UNREGISTERED,PLANNED
MRU2023000619,2023/2024,1,1,BVS,1,Tuition,730000,DAY,UNREGISTERED,PLANNED
MRU2023000619,2023/2024,1,1,BVS,52,Functional,985250,DAY,UNREGISTERED,PLANNED
MRU2023000619,2023/2024,2,1,BVS,1,Tuition,730000,DAY,UNREGISTERED,PLANNED
MRU2023000619,2023/2024,2,1,BVS,52,Functional,895250,DAY,UNREGISTERED,PLANNED
MRU2023000620,2023/2024,1,1,BAED,1,Tuition,630000,DAY,UNREGISTERED,PLANNED
MRU2023000620,2023/2024,1,1,BAED,52,Functional,767000,DAY,UNREGISTERED,PLANNED
MRU2023000620,2023/2024,2,1,BAED,1,Tuition,630000,DAY,UNREGISTERED,PLANNED
MRU2023000620,2023/2024,2,1,BAED,52,Functional,677000,DAY,UNREGISTERED,PLANNED
MRU2023000622,2023/2024,1,1,BIT,1,Tuition,780000,DAY,UNREGISTERED,PLANNED
MRU2023000622,2023/2024,1,1,BIT,52,Functional,867000,DAY,UNREGISTERED,PLANNED
MRU2023000622,2023/2024,2,1,BIT,1,Tuition,780000,DAY,UNREGISTERED,PLANNED
MRU2023000622,2023/2024,2,1,BIT,52,Functional,677000,DAY,UNREGISTERED,PLANNED
MRU2023000625,2023/2024,1,1,BEICT,1,Tuition,680000,DAY,UNREGISTERED,PLANNED
MRU2023000625,2023/2024,1,1,BEICT,52,Functional,767000,DAY,UNREGISTERED,PLANNED
MRU2023000625,2023/2024,2,1,BEICT,1,Tuition,680000,DAY,UNREGISTERED,PLANNED
MRU2023000625,2023/2024,2,1,BEICT,52,Functional,677000,DAY,UNREGISTERED,PLANNED
MRU2023000626,2023/2024,1,1,BMC,1,Tuition,780000,DAY,UNREGISTERED,PLANNED
MRU2023000626,2023/2024,1,1,BMC,52,Functional,887000,DAY,UNREGISTERED,PLANNED
MRU2023000626,2023/2024,2,1,BMC,1,Tuition,780000,DAY,UNREGISTERED,PLANNED
MRU2023000626,2023/2024,2,1,BMC,52,Functional,797000,DAY,UNREGISTERED,PLANNED
MRU2023000630,2023/2024,1,1,DCE,1,Tuition,530000,DAY,UNREGISTERED,PLANNED
MRU2023000630,2023/2024,1,1,DCE,52,Functional,984500,DAY,UNREGISTERED,PLANNED
MRU2023000632,2023/2024,1,1,SWSA,1,Tuition,630000,DAY,UNREGISTERED,PLANNED
MRU2023000632,2023/2024,1,1,SWSA,52,Functional,767000,DAY,UNREGISTERED,PLANNED
MRU2023000632,2023/2024,2,1,SWSA,1,Tuition,630000,DAY,UNREGISTERED,PLANNED
MRU2023000632,2023/2024,2,1,SWSA,52,Functional,877000,DAY,UNREGISTERED,PLANNED
MRU2023000633,2023/2024,1,1,BAED,1,Tuition,630000,DAY,UNREGISTERED,PLANNED
MRU2023000633,2023/2024,1,1,BAED,52,Functional,767000,DAY,UNREGISTERED,PLANNED
MRU2023000633,2023/2024,2,1,BAED,1,Tuition,630000,DAY,UNREGISTERED,PLANNED
MRU2023000633,2023/2024,2,1,BAED,52,Functional,677000,DAY,UNREGISTERED,PLANNED
MRU2023000639,2023/2024,1,1,BAED,1,Tuition,630000,DAY,UNREGISTERED,PLANNED
MRU2023000639,2023/2024,1,1,BAED,52,Functional,767000,DAY,UNREGISTERED,PLANNED
MRU2023000640,2023/2024,1,1,BEICT,1,Tuition,680000,DAY,UNREGISTERED,PLANNED
MRU2023000640,2023/2024,1,1,BEICT,52,Functional,767000,DAY,UNREGISTERED,PLANNED
MRU2023000640,2023/2024,2,1,BEICT,1,Tuition,680000,DAY,UNREGISTERED,PLANNED
MRU2023000640,2023/2024,2,1,BEICT,52,Functional,677000,DAY,UNREGISTERED,PLANNED
MRU2023000643,2023/2024,1,1,BBA,1,Tuition,630000,DAY,UNREGISTERED,PLANNED
MRU2023000643,2023/2024,1,1,BBA,52,Functional,767000,DAY,UNREGISTERED,PLANNED
MRU2023000643,2023/2024,2,1,BBA,1,Tuition,630000,DAY,UNREGISTERED,PLANNED
MRU2023000643,2023/2024,2,1,BBA,52,Functional,677000,DAY,UNREGISTERED,PLANNED
MRU2023000646,2023/2024,1,1,BEICT,1,Tuition,680000,DAY,UNREGISTERED,PLANNED
MRU2023000646,2023/2024,1,1,BEICT,52,Functional,767000,DAY,UNREGISTERED,PLANNED
MRU2023000646,2023/2024,2,1,BEICT,1,Tuition,680000,DAY,UNREGISTERED,PLANNED
MRU2023000646,2023/2024,2,1,BEICT,52,Functional,677000,DAY,UNREGISTERED,PLANNED
MRU2023000650,2023/2024,1,1,SWSA,1,Tuition,630000,DAY,UNREGISTERED,PLANNED
MRU2023000650,2023/2024,1,1,SWSA,52,Functional,767000,DAY,UNREGISTERED,PLANNED
MRU2023000650,2023/2024,2,1,SWSA,1,Tuition,630000,DAY,UNREGISTERED,PLANNED
MRU2023000650,2023/2024,2,1,SWSA,52,Functional,877000,DAY,UNREGISTERED,PLANNED
MRU2023000651,2023/2024,1,1,BEICT,1,Tuition,680000,DAY,UNREGISTERED,PLANNED
MRU2023000651,2023/2024,1,1,BEICT,52,Functional,767000,DAY,UNREGISTERED,PLANNED
MRU2023000651,2023/2024,2,1,BEICT,1,Tuition,680000,DAY,REGISTERED,PLANNED
MRU2023000651,2023/2024,2,1,BEICT,52,Functional,677000,DAY,REGISTERED,PLANNED
MRU2023000654,2023/2024,1,1,BPA,1,Tuition,630000,DAY,UNREGISTERED,PLANNED
MRU2023000654,2023/2024,1,1,BPA,52,Functional,767000,DAY,UNREGISTERED,PLANNED
MRU2023000654,2023/2024,2,1,BPA,1,Tuition,630000,DAY,UNREGISTERED,PLANNED
MRU2023000654,2023/2024,2,1,BPA,52,Functional,677000,DAY,UNREGISTERED,PLANNED
MRU2023000656,2023/2024,1,1,BAED,1,Tuition,630000,DAY,UNREGISTERED,PLANNED
MRU2023000656,2023/2024,1,1,BAED,52,Functional,767000,DAY,UNREGISTERED,PLANNED
MRU2023000656,2023/2024,2,1,BAED,1,Tuition,630000,DAY,UNREGISTERED,PLANNED
MRU2023000656,2023/2024,2,1,BAED,52,Functional,677000,DAY,UNREGISTERED,PLANNED
MRU2023000657,2023/2024,1,1,BAED,1,Tuition,630000,DAY,UNREGISTERED,PLANNED
MRU2023000657,2023/2024,1,1,BAED,52,Functional,767000,DAY,UNREGISTERED,PLANNED
MRU2023000657,2023/2024,2,1,BAED,1,Tuition,630000,DAY,UNREGISTERED,PLANNED
MRU2023000657,2023/2024,2,1,BAED,52,Functional,677000,DAY,UNREGISTERED,PLANNED
MRU2023000658,2023/2024,1,1,BMC,1,Tuition,780000,DAY,UNREGISTERED,PLANNED
MRU2023000658,2023/2024,1,1,BMC,52,Functional,887000,DAY,UNREGISTERED,PLANNED
MRU2023000658,2023/2024,2,1,BMC,1,Tuition,780000,DAY,UNREGISTERED,PLANNED
MRU2023000658,2023/2024,2,1,BMC,52,Functional,797000,DAY,UNREGISTERED,PLANNED
MRU2023000659,2023/2024,1,1,BIT,1,Tuition,780000,DAY,UNREGISTERED,PLANNED
MRU2023000659,2023/2024,1,1,BIT,52,Functional,867000,DAY,UNREGISTERED,PLANNED
MRU2023000659,2023/2024,2,1,BIT,1,Tuition,780000,DAY,UNREGISTERED,PLANNED
MRU2023000659,2023/2024,2,1,BIT,52,Functional,677000,DAY,UNREGISTERED,PLANNED
MRU2023000669,2023/2024,1,1,BBA,1,Tuition,630000,DAY,UNREGISTERED,PLANNED
MRU2023000669,2023/2024,1,1,BBA,52,Functional,767000,DAY,UNREGISTERED,PLANNED
MRU2023000669,2023/2024,2,1,BBA,52,Functional,677000,DAY,UNREGISTERED,PLANNED
MRU2023000671,2023/2024,1,1,BTHM,1,Tuition,780000,DAY,UNREGISTERED,PLANNED
MRU2023000671,2023/2024,1,1,BTHM,52,Functional,1033700,DAY,UNREGISTERED,PLANNED
MRU2023000671,2024/2025,1,2,BTHM,52,Functional,953700,DAY,REGISTERED,PLANNED
MRU2023000672,2023/2024,1,3,BCE,1,Tuition,1455000,DAY,REGISTERED,PLANNED
MRU2023000672,2023/2024,1,3,BCE,52,Functional,1298000,DAY,REGISTERED,PLANNED
MRU2023000672,2023/2024,2,3,BCE,1,Tuition,1455000,DAY,REGISTERED,PLANNED
MRU2023000672,2023/2024,2,3,BCE,52,Functional,1488000,DAY,REGISTERED,PLANNED
MRU2023000675,2023/2024,1,1,DPA,1,Tuition,430000,WEEKEND,UNREGISTERED,PLANNED
MRU2023000675,2023/2024,1,1,DPA,52,Functional,767000,WEEKEND,UNREGISTERED,PLANNED
MRU2023000675,2024/2025,2,2,DPA,1,Tuition,430000,WEEKEND,UNREGISTERED,PLANNED
MRU2023000675,2024/2025,2,2,DPA,52,Functional,733000,WEEKEND,UNREGISTERED,PLANNED
MRU2023000677,2023/2024,1,1,BAED,1,Tuition,630000,DAY,UNREGISTERED,PLANNED
MRU2023000677,2023/2024,1,1,BAED,52,Functional,767000,DAY,UNREGISTERED,PLANNED
MRU2023000677,2023/2024,2,1,BAED,1,Tuition,630000,DAY,UNREGISTERED,PLANNED
MRU2023000677,2023/2024,2,1,BAED,52,Functional,677000,DAY,UNREGISTERED,PLANNED
MRU2023000686,2023/2024,1,1,BSAF,1,Tuition,630000,DAY,UNREGISTERED,PLANNED
MRU2023000686,2023/2024,1,1,BSAF,52,Functional,767000,DAY,UNREGISTERED,PLANNED
MRU2023000686,2023/2024,2,1,BSAF,1,Tuition,630000,DAY,UNREGISTERED,PLANNED
MRU2023000686,2023/2024,2,1,BSAF,52,Functional,677000,DAY,UNREGISTERED,PLANNED
MRU2023000687,2023/2024,1,1,BTHM,1,Tuition,780000,DAY,UNREGISTERED,PLANNED
MRU2023000687,2023/2024,1,1,BTHM,52,Functional,1033700,DAY,UNREGISTERED,PLANNED
MRU2023000687,2023/2024,2,1,BTHM,1,Tuition,780000,DAY,UNREGISTERED,PLANNED
MRU2023000687,2023/2024,2,1,BTHM,52,Functional,943700,DAY,UNREGISTERED,PLANNED
MRU2023000690,2023/2024,1,2,BEE,1,Tuition,1455000,DAY,REGISTERED,PLANNED
MRU2023000690,2023/2024,1,2,BEE,52,Functional,1322000,DAY,REGISTERED,PLANNED
MRU2023000690,2023/2024,2,2,BEE,1,Tuition,1455000,DAY,REGISTERED,PLANNED
MRU2023000690,2023/2024,2,2,BEE,52,Functional,1488000,DAY,REGISTERED,PLANNED
MRU2023000691,2023/2024,1,1,BIT,1,Tuition,780000,WEEKEND,UNREGISTERED,PLANNED
MRU2023000691,2023/2024,1,1,BIT,52,Functional,867000,WEEKEND,UNREGISTERED,PLANNED
MRU2023000692,2023/2024,1,1,BECD,1,Tuition,630000,DAY,UNREGISTERED,PLANNED
MRU2023000692,2023/2024,1,1,BECD,52,Functional,767000,DAY,UNREGISTERED,PLANNED
MRU2023000692,2023/2024,2,1,BECD,1,Tuition,630000,DAY,UNREGISTERED,PLANNED
MRU2023000692,2023/2024,2,1,BECD,52,Functional,677000,DAY,UNREGISTERED,PLANNED
MRU2023000695,2023/2024,2,1,DIT,1,Tuition,430000,DAY,REGISTERED,PLANNED
MRU2023000695,2023/2024,2,1,DIT,52,Functional,677000,DAY,REGISTERED,PLANNED
MRU2023000697,2023/2024,1,1,BAED,1,Tuition,630000,DAY,UNREGISTERED,PLANNED
MRU2023000697,2023/2024,1,1,BAED,52,Functional,767000,DAY,UNREGISTERED,PLANNED
MRU2023000697,2023/2024,2,1,BAED,1,Tuition,630000,DAY,UNREGISTERED,PLANNED
MRU2023000697,2023/2024,2,1,BAED,52,Functional,677000,DAY,UNREGISTERED,PLANNED
MRU2023000699,2023/2024,1,1,BSAF,1,Tuition,630000,WEEKEND,UNREGISTERED,PLANNED
MRU2023000699,2023/2024,1,1,BSAF,52,Functional,767000,WEEKEND,UNREGISTERED,PLANNED
MRU2023000699,2023/2024,2,1,BSAF,1,Tuition,630000,WEEKEND,UNREGISTERED,PLANNED
MRU2023000699,2023/2024,2,1,BSAF,52,Functional,677000,WEEKEND,UNREGISTERED,PLANNED
MRU2023000702,2023/2024,1,1,BIT,1,Tuition,780000,DAY,UNREGISTERED,PLANNED
MRU2023000702,2023/2024,1,1,BIT,52,Functional,867000,DAY,UNREGISTERED,PLANNED
MRU2023000703,2023/2024,1,1,BIT,52,Functional,867000,DAY,REGISTERED,PLANNED
MRU2023000703,2023/2024,2,1,BIT,1,Tuition,780000,DAY,UNREGISTERED,PLANNED
MRU2023000703,2023/2024,2,1,BIT,52,Functional,677000,DAY,UNREGISTERED,PLANNED
MRU2023000704,2023/2024,1,1,BTHM,1,Tuition,780000,DAY,UNREGISTERED,PLANNED
MRU2023000704,2023/2024,1,1,BTHM,52,Functional,1033700,DAY,UNREGISTERED,PLANNED
MRU2023000704,2023/2024,2,1,BTHM,1,Tuition,780000,DAY,UNREGISTERED,PLANNED
MRU2023000704,2023/2024,2,1,BTHM,52,Functional,943700,DAY,UNREGISTERED,PLANNED
MRU2023000705,2023/2024,1,1,DIT,1,Tuition,430000,DAY,UNREGISTERED,PLANNED
MRU2023000705,2023/2024,1,1,DIT,52,Functional,917000,DAY,UNREGISTERED,PLANNED
MRU2023000705,2023/2024,2,1,DIT,1,Tuition,430000,DAY,UNREGISTERED,PLANNED
MRU2023000705,2023/2024,2,1,DIT,52,Functional,677000,DAY,UNREGISTERED,PLANNED
MRU2023000710,2023/2024,1,1,BIT,1,Tuition,780000,WEEKEND,UNREGISTERED,PLANNED
MRU2023000710,2023/2024,1,1,BIT,52,Functional,867000,WEEKEND,UNREGISTERED,PLANNED
MRU2023000710,2023/2024,2,1,BIT,1,Tuition,780000,WEEKEND,UNREGISTERED,PLANNED
MRU2023000710,2023/2024,2,1,BIT,52,Functional,677000,WEEKEND,UNREGISTERED,PLANNED
MRU2023000714,2023/2024,1,1,BBA,1,Tuition,630000,DAY,UNREGISTERED,PLANNED
MRU2023000714,2023/2024,1,1,BBA,52,Functional,767000,DAY,UNREGISTERED,PLANNED
MRU2023000714,2023/2024,2,1,BBA,52,Functional,677000,DAY,UNREGISTERED,PLANNED
MRU2023000715,2023/2024,2,1,BSAF,1,Tuition,630000,DAY,UNREGISTERED,PLANNED
MRU2023000715,2023/2024,2,1,BSAF,52,Functional,677000,DAY,UNREGISTERED,PLANNED
MRU2023000717,2023/2024,1,1,BBA,1,Tuition,630000,DAY,REGISTERED,PLANNED
MRU2023000717,2023/2024,1,1,BBA,52,Functional,767000,DAY,REGISTERED,PLANNED
MRU2023000717,2023/2024,2,1,BBA,1,Tuition,630000,DAY,REGISTERED,PLANNED
MRU2023000717,2023/2024,2,1,BBA,52,Functional,677000,DAY,REGISTERED,PLANNED
MRU2023000718,2023/2024,1,1,BIT,1,Tuition,780000,DAY,UNREGISTERED,PLANNED
MRU2023000718,2023/2024,1,1,BIT,52,Functional,867000,DAY,UNREGISTERED,PLANNED
MRU2023000718,2023/2024,2,1,BIT,1,Tuition,780000,DAY,UNREGISTERED,PLANNED
MRU2023000718,2023/2024,2,1,BIT,52,Functional,677000,DAY,UNREGISTERED,PLANNED
MRU2023000719,2023/2024,1,1,BIFA,1,Tuition,730000,DAY,UNREGISTERED,PLANNED
MRU2023000719,2023/2024,1,1,BIFA,52,Functional,985250,DAY,UNREGISTERED,PLANNED
MRU2023000719,2023/2024,2,1,BIFA,1,Tuition,730000,DAY,UNREGISTERED,PLANNED
MRU2023000719,2023/2024,2,1,BIFA,52,Functional,895250,DAY,UNREGISTERED,PLANNED
MRU2023000720,2023/2024,1,1,DAD,1,Tuition,530000,DAY,UNREGISTERED,PLANNED
MRU2023000720,2023/2024,1,1,DAD,52,Functional,985250,DAY,UNREGISTERED,PLANNED
MRU2023000721,2023/2024,1,1,BECD,1,Tuition,630000,DAY,UNREGISTERED,PLANNED
MRU2023000721,2023/2024,1,1,BECD,52,Functional,767000,DAY,UNREGISTERED,PLANNED
MRU2023000721,2023/2024,2,1,BECD,1,Tuition,630000,DAY,CLEARED,PLANNED
MRU2023000721,2023/2024,2,1,BECD,52,Functional,677000,DAY,CLEARED,PLANNED
MRU2023000727,2023/2024,1,1,BIT,1,Tuition,780000,DAY,UNREGISTERED,PLANNED
MRU2023000727,2023/2024,1,1,BIT,52,Functional,867000,DAY,UNREGISTERED,PLANNED
MRU2023000727,2023/2024,2,1,BIT,1,Tuition,780000,DAY,UNREGISTERED,PLANNED
MRU2023000727,2023/2024,2,1,BIT,52,Functional,677000,DAY,UNREGISTERED,PLANNED
MRU2023000727,2024/2025,1,2,BIT,1,Tuition,780000,DAY,UNREGISTERED,PLANNED
MRU2023000727,2024/2025,1,2,BIT,52,Functional,787000,DAY,UNREGISTERED,PLANNED
MRU2023000731,2023/2024,1,1,BSAF,1,Tuition,630000,DAY,UNREGISTERED,PLANNED
MRU2023000731,2023/2024,1,1,BSAF,52,Functional,767000,DAY,UNREGISTERED,PLANNED
MRU2023000731,2023/2024,2,1,BSAF,1,Tuition,630000,DAY,UNREGISTERED,PLANNED
MRU2023000731,2023/2024,2,1,BSAF,52,Functional,677000,DAY,UNREGISTERED,PLANNED
MRU2023000734,2023/2024,1,1,BAED,1,Tuition,630000,DAY,UNREGISTERED,PLANNED
MRU2023000734,2023/2024,1,1,BAED,52,Functional,767000,DAY,UNREGISTERED,PLANNED
MRU2023000734,2023/2024,2,1,BAED,1,Tuition,630000,DAY,UNREGISTERED,PLANNED
MRU2023000734,2023/2024,2,1,BAED,52,Functional,677000,DAY,UNREGISTERED,PLANNED
MRU2023000736,2023/2024,1,1,BBA,1,Tuition,630000,DAY,REGISTERED,PLANNED
MRU2023000736,2023/2024,1,1,BBA,52,Functional,767000,DAY,REGISTERED,PLANNED
MRU2023000736,2023/2024,2,1,BBA,1,Tuition,630000,DAY,REGISTERED,PLANNED
MRU2023000736,2023/2024,2,1,BBA,52,Functional,677000,DAY,REGISTERED,PLANNED
MRU2023000739,2023/2024,1,1,DIT,1,Tuition,430000,DAY,UNREGISTERED,PLANNED
MRU2023000739,2023/2024,1,1,DIT,52,Functional,917000,DAY,UNREGISTERED,PLANNED
MRU2023000739,2023/2024,2,1,DIT,1,Tuition,430000,DAY,UNREGISTERED,PLANNED
MRU2023000739,2023/2024,2,1,DIT,52,Functional,677000,DAY,UNREGISTERED,PLANNED
MRU2023000746,2023/2024,1,1,BAED,1,Tuition,630000,DAY,UNREGISTERED,PLANNED
MRU2023000746,2023/2024,1,1,BAED,52,Functional,767000,DAY,UNREGISTERED,PLANNED
MRU2023000746,2023/2024,2,1,BAED,1,Tuition,630000,DAY,UNREGISTERED,PLANNED
MRU2023000746,2023/2024,2,1,BAED,52,Functional,677000,DAY,UNREGISTERED,PLANNED
MRU2023000747,2023/2024,1,1,BAED,1,Tuition,630000,DAY,UNREGISTERED,PLANNED
MRU2023000747,2023/2024,1,1,BAED,52,Functional,767000,DAY,UNREGISTERED,PLANNED
MRU2023000747,2023/2024,2,1,BAED,1,Tuition,630000,DAY,UNREGISTERED,PLANNED
MRU2023000747,2023/2024,2,1,BAED,52,Functional,677000,DAY,UNREGISTERED,PLANNED
MRU2023000749,2023/2024,1,1,DJ,1,Tuition,530000,DAY,UNREGISTERED,PLANNED
MRU2023000749,2023/2024,1,1,DJ,52,Functional,879500,DAY,UNREGISTERED,PLANNED
MRU2023000749,2023/2024,2,1,DJ,1,Tuition,530000,DAY,UNREGISTERED,PLANNED
MRU2023000749,2023/2024,2,1,DJ,52,Functional,789500,DAY,UNREGISTERED,PLANNED
MRU2023000750,2023/2024,1,1,BAED,1,Tuition,630000,DAY,UNREGISTERED,PLANNED
MRU2023000750,2023/2024,1,1,BAED,52,Functional,767000,DAY,UNREGISTERED,PLANNED
MRU2023000750,2023/2024,2,1,BAED,1,Tuition,630000,DAY,UNREGISTERED,PLANNED
MRU2023000750,2023/2024,2,1,BAED,52,Functional,677000,DAY,UNREGISTERED,PLANNED
MRU2023000751,2023/2024,1,1,BEICT,1,Tuition,680000,DAY,UNREGISTERED,PLANNED
MRU2023000751,2023/2024,1,1,BEICT,52,Functional,767000,DAY,UNREGISTERED,PLANNED
MRU2023000751,2023/2024,2,1,BEICT,1,Tuition,680000,DAY,UNREGISTERED,PLANNED
MRU2023000751,2023/2024,2,1,BEICT,52,Functional,677000,DAY,UNREGISTERED,PLANNED
MRU2023000751,2024/2025,1,2,BEICT,52,Functional,687000,DAY,REGISTERED,PLANNED
MRU2023000755,2023/2024,1,1,BAED,1,Tuition,630000,DAY,UNREGISTERED,PLANNED
MRU2023000755,2023/2024,1,1,BAED,52,Functional,767000,DAY,UNREGISTERED,PLANNED
MRU2023000755,2023/2024,2,1,BAED,1,Tuition,630000,DAY,UNREGISTERED,PLANNED
MRU2023000755,2023/2024,2,1,BAED,52,Functional,677000,DAY,UNREGISTERED,PLANNED
MRU2023000763,2023/2024,1,1,DTHM,1,Tuition,530000,DAY,UNREGISTERED,PLANNED
MRU2023000763,2023/2024,1,1,DTHM,52,Functional,1033700,DAY,UNREGISTERED,PLANNED
MRU2023000763,2023/2024,2,1,DTHM,1,Tuition,530000,DAY,UNREGISTERED,PLANNED
MRU2023000763,2023/2024,2,1,DTHM,52,Functional,943700,DAY,UNREGISTERED,PLANNED
MRU2023000766,2023/2024,3,1,DPE,1,Tuition,230000,INSERVICE,UNREGISTERED,PLANNED
MRU2023000766,2023/2024,3,1,DPE,52,Functional,264000,INSERVICE,UNREGISTERED,PLANNED
MRU2023000766,2024/2025,1,2,DPE,1,Tuition,230000,INSERVICE,REGISTERED,PLANNED
MRU2023000766,2024/2025,1,2,DPE,52,Functional,154000,INSERVICE,REGISTERED,PLANNED
MRU2023000766,2024/2025,2,2,DPE,1,Tuition,230000,INSERVICE,REGISTERED,PLANNED
MRU2023000766,2024/2025,2,2,DPE,52,Functional,154000,INSERVICE,REGISTERED,PLANNED
MRU2023000767,2023/2024,1,1,DTHM,1,Tuition,530000,DAY,UNREGISTERED,PLANNED
MRU2023000767,2023/2024,1,1,DTHM,52,Functional,1033700,DAY,UNREGISTERED,PLANNED
MRU2023000767,2023/2024,2,1,DTHM,1,Tuition,530000,DAY,REGISTERED,PLANNED
MRU2023000767,2023/2024,2,1,DTHM,52,Functional,943700,DAY,REGISTERED,PLANNED
MRU2023000771,2023/2024,1,1,BEICT,1,Tuition,680000,DAY,UNREGISTERED,PLANNED
MRU2023000771,2023/2024,1,1,BEICT,52,Functional,767000,DAY,UNREGISTERED,PLANNED
MRU2023000771,2023/2024,2,1,BEICT,1,Tuition,680000,DAY,UNREGISTERED,PLANNED
MRU2023000771,2023/2024,2,1,BEICT,52,Functional,677000,DAY,UNREGISTERED,PLANNED
MRU2023000776,2023/2024,1,1,BCE,1,Tuition,1455000,DAY,UNREGISTERED,PLANNED
MRU2023000776,2023/2024,1,1,BCE,52,Functional,1402000,DAY,UNREGISTERED,PLANNED
MRU2023000776,2023/2024,2,1,BCE,1,Tuition,1455000,DAY,UNREGISTERED,PLANNED
MRU2023000776,2023/2024,2,1,BCE,52,Functional,1312000,DAY,UNREGISTERED,PLANNED
MRU2023000779,2023/2024,1,1,BBA,1,Tuition,630000,DAY,UNREGISTERED,PLANNED
MRU2023000779,2023/2024,1,1,BBA,52,Functional,767000,DAY,UNREGISTERED,PLANNED
MRU2023000779,2023/2024,2,1,BBA,1,Tuition,630000,DAY,UNREGISTERED,PLANNED
MRU2023000779,2023/2024,2,1,BBA,52,Functional,677000,DAY,UNREGISTERED,PLANNED
MRU2023000784,2023/2024,1,1,DJ,1,Tuition,530000,DAY,UNREGISTERED,PLANNED
MRU2023000784,2023/2024,1,1,DJ,52,Functional,879500,DAY,UNREGISTERED,PLANNED
MRU2023000786,2023/2024,1,1,BAED,1,Tuition,630000,DAY,UNREGISTERED,PLANNED
MRU2023000786,2023/2024,1,1,BAED,52,Functional,767000,DAY,UNREGISTERED,PLANNED
MRU2023000786,2023/2024,2,1,BAED,1,Tuition,630000,DAY,UNREGISTERED,PLANNED
MRU2023000786,2023/2024,2,1,BAED,52,Functional,677000,DAY,UNREGISTERED,PLANNED
MRU2023000790,2023/2024,1,1,DCE,1,Tuition,530000,WEEKEND,UNREGISTERED,PLANNED
MRU2023000790,2023/2024,1,1,DCE,52,Functional,984500,WEEKEND,UNREGISTERED,PLANNED
MRU2023000790,2023/2024,2,1,DCE,1,Tuition,530000,WEEKEND,UNREGISTERED,PLANNED
MRU2023000790,2023/2024,2,1,DCE,52,Functional,1094500,WEEKEND,UNREGISTERED,PLANNED
MRU2023000798,2023/2024,1,1,BEICT,1,Tuition,680000,DAY,UNREGISTERED,PLANNED
MRU2023000798,2023/2024,1,1,BEICT,52,Functional,767000,DAY,UNREGISTERED,PLANNED
MRU2023000798,2023/2024,2,1,BEICT,1,Tuition,680000,DAY,UNREGISTERED,PLANNED
MRU2023000798,2023/2024,2,1,BEICT,52,Functional,677000,DAY,UNREGISTERED,PLANNED
MRU2023000798,2024/2025,1,2,BEICT,52,Functional,687000,DAY,REGISTERED,PLANNED
MRU2023000801,2023/2024,1,1,DIT,1,Tuition,430000,DAY,REGISTERED,PLANNED
MRU2023000801,2023/2024,1,1,DIT,52,Functional,917000,DAY,REGISTERED,PLANNED
MRU2023000801,2023/2024,2,1,DIT,1,Tuition,430000,DAY,REGISTERED,PLANNED
MRU2023000801,2023/2024,2,1,DIT,52,Functional,677000,DAY,REGISTERED,PLANNED
MRU2023000805,2023/2024,2,1,BEE,1,Tuition,1455000,DAY,UNREGISTERED,PLANNED
MRU2023000805,2023/2024,2,1,BEE,52,Functional,1312000,DAY,UNREGISTERED,PLANNED
MRU2023000806,2023/2024,1,1,BIT,1,Tuition,780000,WEEKEND,UNREGISTERED,PLANNED
MRU2023000806,2023/2024,1,1,BIT,52,Functional,867000,WEEKEND,UNREGISTERED,PLANNED
MRU2023000806,2023/2024,2,1,BIT,1,Tuition,780000,WEEKEND,UNREGISTERED,PLANNED
MRU2023000806,2023/2024,2,1,BIT,52,Functional,677000,WEEKEND,UNREGISTERED,PLANNED
MRU2023000809,2023/2024,1,1,BEICT,1,Tuition,680000,DAY,UNREGISTERED,PLANNED
MRU2023000809,2023/2024,1,1,BEICT,52,Functional,767000,DAY,UNREGISTERED,PLANNED
MRU2023000809,2023/2024,2,1,BEICT,1,Tuition,680000,DAY,UNREGISTERED,PLANNED
MRU2023000809,2023/2024,2,1,BEICT,52,Functional,677000,DAY,UNREGISTERED,PLANNED
MRU2023000810,2023/2024,1,1,BVS,1,Tuition,730000,DAY,UNREGISTERED,PLANNED
MRU2023000810,2023/2024,1,1,BVS,52,Functional,985250,DAY,UNREGISTERED,PLANNED
MRU2023000810,2023/2024,2,1,BVS,1,Tuition,730000,DAY,UNREGISTERED,PLANNED
MRU2023000810,2023/2024,2,1,BVS,52,Functional,895250,DAY,UNREGISTERED,PLANNED
MRU2023000814,2023/2024,1,1,BBA,1,Tuition,630000,DAY,UNREGISTERED,PLANNED
MRU2023000814,2023/2024,1,1,BBA,52,Functional,767000,DAY,UNREGISTERED,PLANNED
MRU2023000814,2023/2024,2,1,BBA,1,Tuition,630000,DAY,UNREGISTERED,PLANNED
MRU2023000814,2023/2024,2,1,BBA,52,Functional,677000,DAY,UNREGISTERED,PLANNED
MRU2023000815,2023/2024,1,3,BEE,1,Tuition,1455000,DAY,REGISTERED,PLANNED
MRU2023000815,2023/2024,1,3,BEE,52,Functional,1298000,DAY,REGISTERED,PLANNED
MRU2023000815,2023/2024,2,2,BEE,1,Tuition,1455000,DAY,REGISTERED,PLANNED
MRU2023000815,2023/2024,2,2,BEE,52,Functional,1488000,DAY,REGISTERED,PLANNED
MRU2023000816,2023/2024,1,1,BAED,1,Tuition,630000,DAY,UNREGISTERED,PLANNED
MRU2023000816,2023/2024,1,1,BAED,52,Functional,767000,DAY,UNREGISTERED,PLANNED
MRU2023000816,2023/2024,2,1,BAED,1,Tuition,630000,DAY,UNREGISTERED,PLANNED
MRU2023000816,2023/2024,2,1,BAED,52,Functional,677000,DAY,UNREGISTERED,PLANNED
MRU2023000821,2023/2024,1,1,BEICT,1,Tuition,680000,DAY,UNREGISTERED,PLANNED
MRU2023000821,2023/2024,1,1,BEICT,52,Functional,767000,DAY,UNREGISTERED,PLANNED
MRU2023000821,2023/2024,2,1,BEICT,1,Tuition,680000,DAY,UNREGISTERED,PLANNED
MRU2023000821,2023/2024,2,1,BEICT,52,Functional,677000,DAY,UNREGISTERED,PLANNED
MRU2023000824,2023/2024,1,1,DAF,1,Tuition,430000,DAY,UNREGISTERED,PLANNED
MRU2023000824,2023/2024,1,1,DAF,52,Functional,767000,DAY,UNREGISTERED,PLANNED
MRU2023000824,2023/2024,2,1,DAF,1,Tuition,430000,DAY,UNREGISTERED,PLANNED
MRU2023000824,2023/2024,2,1,DAF,52,Functional,677000,DAY,UNREGISTERED,PLANNED
MRU2023000825,2023/2024,1,1,SWSA,1,Tuition,630000,DAY,UNREGISTERED,PLANNED
MRU2023000825,2023/2024,1,1,SWSA,52,Functional,767000,DAY,UNREGISTERED,PLANNED
MRU2023000825,2023/2024,2,1,SWSA,1,Tuition,630000,DAY,UNREGISTERED,PLANNED
MRU2023000825,2023/2024,2,1,SWSA,52,Functional,877000,DAY,UNREGISTERED,PLANNED
MRU2023000826,2023/2024,1,1,SWSA,1,Tuition,630000,DAY,UNREGISTERED,PLANNED
MRU2023000826,2023/2024,1,1,SWSA,52,Functional,767000,DAY,UNREGISTERED,PLANNED
MRU2023000826,2023/2024,2,1,SWSA,1,Tuition,630000,DAY,UNREGISTERED,PLANNED
MRU2023000826,2023/2024,2,1,SWSA,52,Functional,877000,DAY,UNREGISTERED,PLANNED
MRU2023000834,2023/2024,1,1,BIT,1,Tuition,780000,DAY,UNREGISTERED,PLANNED
MRU2023000834,2023/2024,1,1,BIT,52,Functional,867000,DAY,UNREGISTERED,PLANNED
MRU2023000834,2023/2024,2,1,BIT,1,Tuition,780000,DAY,UNREGISTERED,PLANNED
MRU2023000834,2023/2024,2,1,BIT,52,Functional,677000,DAY,UNREGISTERED,PLANNED
MRU2023000835,2023/2024,1,1,BHRM,1,Tuition,630000,DAY,UNREGISTERED,PLANNED
MRU2023000835,2023/2024,1,1,BHRM,52,Functional,767000,DAY,UNREGISTERED,PLANNED
MRU2023000835,2023/2024,2,1,BHRM,1,Tuition,630000,DAY,UNREGISTERED,PLANNED
MRU2023000835,2023/2024,2,1,BHRM,52,Functional,677000,DAY,UNREGISTERED,PLANNED
MRU2023000836,2023/2024,1,1,BAED,1,Tuition,630000,DAY,UNREGISTERED,PLANNED
MRU2023000836,2023/2024,1,1,BAED,52,Functional,767000,DAY,UNREGISTERED,PLANNED
MRU2023000836,2023/2024,2,1,BAED,1,Tuition,630000,DAY,UNREGISTERED,PLANNED
MRU2023000836,2023/2024,2,1,BAED,52,Functional,677000,DAY,UNREGISTERED,PLANNED
MRU2023000852,2023/2024,1,2,BSAF,1,Tuition,630000,WEEKEND,UNREGISTERED,PLANNED
MRU2023000852,2023/2024,1,2,BSAF,52,Functional,687000,WEEKEND,UNREGISTERED,PLANNED
MRU2023000852,2023/2024,2,2,BSAF,1,Tuition,630000,WEEKEND,UNREGISTERED,PLANNED
MRU2023000852,2023/2024,2,2,BSAF,52,Functional,653000,WEEKEND,UNREGISTERED,PLANNED
MRU2023000857,2023/2024,1,1,BTHM,1,Tuition,780000,DAY,UNREGISTERED,PLANNED
MRU2023000857,2023/2024,1,1,BTHM,52,Functional,1033700,DAY,UNREGISTERED,PLANNED
MRU2023000857,2023/2024,2,1,BTHM,1,Tuition,780000,DAY,UNREGISTERED,PLANNED
MRU2023000857,2023/2024,2,1,BTHM,52,Functional,943700,DAY,UNREGISTERED,PLANNED
MRU2023000860,2023/2024,1,1,BSAF,1,Tuition,630000,DAY,UNREGISTERED,PLANNED
MRU2023000860,2023/2024,1,1,BSAF,52,Functional,767000,DAY,UNREGISTERED,PLANNED
MRU2023000860,2023/2024,2,1,BSAF,1,Tuition,630000,DAY,UNREGISTERED,PLANNED
MRU2023000860,2023/2024,2,1,BSAF,52,Functional,677000,DAY,UNREGISTERED,PLANNED
MRU2023000870,2023/2024,1,1,BEICT,1,Tuition,680000,DAY,UNREGISTERED,PLANNED
MRU2023000870,2023/2024,1,1,BEICT,52,Functional,767000,DAY,UNREGISTERED,PLANNED
MRU2023000871,2023/2024,1,1,BAED,1,Tuition,630000,DAY,UNREGISTERED,PLANNED
MRU2023000871,2023/2024,1,1,BAED,52,Functional,767000,DAY,UNREGISTERED,PLANNED
MRU2023000871,2023/2024,2,1,BAED,1,Tuition,630000,DAY,UNREGISTERED,PLANNED
MRU2023000871,2023/2024,2,1,BAED,52,Functional,677000,DAY,UNREGISTERED,PLANNED
MRU2023000872,2023/2024,1,1,SWSA,1,Tuition,630000,DAY,UNREGISTERED,PLANNED
MRU2023000872,2023/2024,1,1,SWSA,52,Functional,767000,DAY,UNREGISTERED,PLANNED
MRU2023000872,2023/2024,2,1,SWSA,1,Tuition,630000,DAY,UNREGISTERED,PLANNED
MRU2023000872,2023/2024,2,1,SWSA,52,Functional,877000,DAY,UNREGISTERED,PLANNED
MRU2023000877,2023/2024,1,1,SWSA,1,Tuition,630000,DAY,UNREGISTERED,PLANNED
MRU2023000877,2023/2024,1,1,SWSA,52,Functional,767000,DAY,UNREGISTERED,PLANNED
MRU2023000877,2023/2024,2,1,SWSA,1,Tuition,630000,DAY,UNREGISTERED,PLANNED
MRU2023000877,2023/2024,2,1,SWSA,52,Functional,877000,DAY,UNREGISTERED,PLANNED
MRU2023000878,2023/2024,1,1,BEICT,1,Tuition,680000,DAY,UNREGISTERED,PLANNED
MRU2023000878,2023/2024,1,1,BEICT,52,Functional,767000,DAY,UNREGISTERED,PLANNED
MRU2023000878,2023/2024,2,1,BEICT,1,Tuition,680000,DAY,UNREGISTERED,PLANNED
MRU2023000878,2023/2024,2,1,BEICT,52,Functional,677000,DAY,UNREGISTERED,PLANNED
MRU2023000884,2023/2024,1,1,BCE,52,Functional,1402000,DAY,REGISTERED,PLANNED
MRU2023000884,2023/2024,2,1,BCE,1,Tuition,1455000,DAY,UNREGISTERED,PLANNED
MRU2023000884,2023/2024,2,1,BCE,52,Functional,1312000,DAY,UNREGISTERED,PLANNED
MRU2023000886,2023/2024,1,1,DCE,1,Tuition,530000,DAY,UNREGISTERED,PLANNED
MRU2023000886,2023/2024,1,1,DCE,52,Functional,984500,DAY,UNREGISTERED,PLANNED
MRU2023000886,2023/2024,2,1,DCE,1,Tuition,530000,DAY,UNREGISTERED,PLANNED
MRU2023000886,2023/2024,2,1,DCE,52,Functional,1094500,DAY,UNREGISTERED,PLANNED
MRU2023000887,2023/2024,1,1,BSM,1,Tuition,630000,DAY,UNREGISTERED,PLANNED
MRU2023000887,2023/2024,1,1,BSM,52,Functional,767000,DAY,UNREGISTERED,PLANNED
MRU2023000887,2024/2025,2,2,BSM,1,Tuition,630000,DAY,CLEARED,PLANNED
MRU2023000887,2024/2025,2,2,BSM,52,Functional,653000,DAY,CLEARED,PLANNED
MRU2023000889,2023/2024,1,1,BAED,1,Tuition,630000,DAY,UNREGISTERED,PLANNED
MRU2023000889,2023/2024,1,1,BAED,52,Functional,767000,DAY,UNREGISTERED,PLANNED
MRU2023000889,2023/2024,2,1,BAED,1,Tuition,630000,DAY,UNREGISTERED,PLANNED
MRU2023000889,2023/2024,2,1,BAED,52,Functional,677000,DAY,UNREGISTERED,PLANNED
MRU2023000890,2023/2024,1,1,BAED,1,Tuition,630000,DAY,UNREGISTERED,PLANNED
MRU2023000890,2023/2024,1,1,BAED,52,Functional,767000,DAY,UNREGISTERED,PLANNED
MRU2023000890,2023/2024,2,1,BAED,1,Tuition,630000,DAY,UNREGISTERED,PLANNED
MRU2023000890,2023/2024,2,1,BAED,52,Functional,677000,DAY,UNREGISTERED,PLANNED
MRU2023000893,2023/2024,1,1,BEICT,1,Tuition,680000,DAY,UNREGISTERED,PLANNED
MRU2023000893,2023/2024,1,1,BEICT,52,Functional,767000,DAY,UNREGISTERED,PLANNED
MRU2023000893,2023/2024,2,1,BEICT,1,Tuition,680000,DAY,UNREGISTERED,PLANNED
MRU2023000893,2023/2024,2,1,BEICT,52,Functional,677000,DAY,UNREGISTERED,PLANNED
MRU2023000895,2023/2024,1,1,BSAF,1,Tuition,630000,DAY,UNREGISTERED,PLANNED
MRU2023000895,2023/2024,1,1,BSAF,52,Functional,767000,DAY,UNREGISTERED,PLANNED
MRU2023000895,2023/2024,2,1,BSAF,1,Tuition,630000,DAY,UNREGISTERED,PLANNED
MRU2023000895,2023/2024,2,1,BSAF,52,Functional,677000,DAY,UNREGISTERED,PLANNED
MRU2023000899,2023/2024,1,3,BEE,1,Tuition,1455000,DAY,REGISTERED,PLANNED
MRU2023000899,2023/2024,1,3,BEE,52,Functional,1298000,DAY,REGISTERED,PLANNED
MRU2023000908,2023/2024,1,1,BEICT,1,Tuition,680000,DAY,UNREGISTERED,PLANNED
MRU2023000908,2023/2024,1,1,BEICT,52,Functional,767000,DAY,UNREGISTERED,PLANNED
MRU2023000912,2023/2024,1,1,BHRM,1,Tuition,630000,WEEKEND,UNREGISTERED,PLANNED
MRU2023000912,2023/2024,1,1,BHRM,52,Functional,767000,WEEKEND,UNREGISTERED,PLANNED
MRU2023000912,2023/2024,2,1,BHRM,1,Tuition,630000,WEEKEND,UNREGISTERED,PLANNED
MRU2023000912,2023/2024,2,1,BHRM,52,Functional,677000,WEEKEND,UNREGISTERED,PLANNED
MRU2023000914,2023/2024,1,1,BAED,1,Tuition,630000,DAY,UNREGISTERED,PLANNED
MRU2023000914,2023/2024,1,1,BAED,52,Functional,767000,DAY,UNREGISTERED,PLANNED
MRU2023000914,2023/2024,2,1,BAED,1,Tuition,630000,DAY,UNREGISTERED,PLANNED
MRU2023000914,2023/2024,2,1,BAED,52,Functional,677000,DAY,UNREGISTERED,PLANNED
MRU2023000915,2023/2024,1,1,BSAF,1,Tuition,630000,DAY,UNREGISTERED,PLANNED
MRU2023000915,2023/2024,1,1,BSAF,52,Functional,767000,DAY,UNREGISTERED,PLANNED
MRU2023000915,2023/2024,2,1,BSAF,1,Tuition,630000,DAY,UNREGISTERED,PLANNED
MRU2023000915,2023/2024,2,1,BSAF,52,Functional,677000,DAY,UNREGISTERED,PLANNED
MRU2023000917,2023/2024,1,1,BBA,1,Tuition,630000,DAY,UNREGISTERED,PLANNED
MRU2023000917,2023/2024,1,1,BBA,52,Functional,767000,DAY,UNREGISTERED,PLANNED
MRU2023000917,2023/2024,2,1,BBA,52,Functional,677000,DAY,UNREGISTERED,PLANNED
MRU2023000920,2023/2024,1,1,BSAF,1,Tuition,630000,DAY,UNREGISTERED,PLANNED
MRU2023000920,2023/2024,1,1,BSAF,52,Functional,767000,DAY,UNREGISTERED,PLANNED
MRU2023000920,2023/2024,2,1,BSAF,1,Tuition,630000,DAY,UNREGISTERED,PLANNED
MRU2023000920,2023/2024,2,1,BSAF,52,Functional,677000,DAY,UNREGISTERED,PLANNED
MRU2023000931,2023/2024,1,1,BAED,1,Tuition,630000,DAY,UNREGISTERED,PLANNED
MRU2023000931,2023/2024,1,1,BAED,52,Functional,767000,DAY,UNREGISTERED,PLANNED
MRU2023000931,2023/2024,2,1,BAED,1,Tuition,630000,DAY,UNREGISTERED,PLANNED
MRU2023000931,2023/2024,2,1,BAED,52,Functional,677000,DAY,UNREGISTERED,PLANNED
MRU2023000932,2023/2024,1,1,BTHM,1,Tuition,780000,DAY,UNREGISTERED,PLANNED
MRU2023000932,2023/2024,1,1,BTHM,52,Functional,1033700,DAY,UNREGISTERED,PLANNED
MRU2023000932,2023/2024,2,1,BTHM,1,Tuition,780000,DAY,UNREGISTERED,PLANNED
MRU2023000932,2023/2024,2,1,BTHM,52,Functional,943700,DAY,UNREGISTERED,PLANNED
MRU2023000934,2023/2024,1,1,BPA,1,Tuition,630000,DAY,UNREGISTERED,PLANNED
MRU2023000934,2023/2024,1,1,BPA,52,Functional,767000,DAY,UNREGISTERED,PLANNED
MRU2023000934,2023/2024,2,1,BPA,1,Tuition,630000,DAY,UNREGISTERED,PLANNED
MRU2023000934,2023/2024,2,1,BPA,52,Functional,677000,DAY,UNREGISTERED,PLANNED
MRU2023000936,2023/2024,1,1,BSAF,1,Tuition,630000,DAY,UNREGISTERED,PLANNED
MRU2023000936,2023/2024,1,1,BSAF,52,Functional,767000,DAY,UNREGISTERED,PLANNED
MRU2023000936,2023/2024,2,1,BSAF,1,Tuition,630000,DAY,UNREGISTERED,PLANNED
MRU2023000936,2023/2024,2,1,BSAF,52,Functional,677000,DAY,UNREGISTERED,PLANNED
MRU2023000937,2023/2024,1,1,BBA,1,Tuition,630000,DAY,REGISTERED,PLANNED
MRU2023000937,2023/2024,1,1,BBA,52,Functional,767000,DAY,REGISTERED,PLANNED
MRU2023000937,2023/2024,2,1,BBA,1,Tuition,630000,DAY,UNREGISTERED,PLANNED
MRU2023000937,2023/2024,2,1,BBA,52,Functional,677000,DAY,UNREGISTERED,PLANNED
MRU2023000941,2023/2024,1,1,BSAF,1,Tuition,630000,DAY,REGISTERED,PLANNED
MRU2023000941,2023/2024,1,1,BSAF,52,Functional,767000,DAY,REGISTERED,PLANNED
MRU2023000941,2023/2024,2,1,BSAF,1,Tuition,630000,DAY,REGISTERED,PLANNED
MRU2023000941,2023/2024,2,1,BSAF,52,Functional,677000,DAY,REGISTERED,PLANNED
MRU2023000943,2023/2024,1,2,BEE,1,Tuition,1455000,DAY,REGISTERED,PLANNED
MRU2023000943,2023/2024,1,2,BEE,52,Functional,1322000,DAY,REGISTERED,PLANNED
MRU2023000943,2023/2024,2,2,BEE,1,Tuition,1455000,DAY,REGISTERED,PLANNED
MRU2023000943,2023/2024,2,2,BEE,52,Functional,1488000,DAY,REGISTERED,PLANNED
MRU2023000944,2023/2024,1,2,BEE,1,Tuition,1455000,DAY,UNREGISTERED,PLANNED
MRU2023000944,2023/2024,1,2,BEE,52,Functional,1322000,DAY,UNREGISTERED,PLANNED
MRU2023000945,2023/2024,1,1,BVS,1,Tuition,730000,DAY,UNREGISTERED,PLANNED
MRU2023000945,2023/2024,1,1,BVS,52,Functional,985250,DAY,UNREGISTERED,PLANNED
MRU2023000945,2023/2024,2,1,BVS,1,Tuition,730000,DAY,REGISTERED,PLANNED
MRU2023000945,2023/2024,2,1,BVS,52,Functional,895250,DAY,REGISTERED,PLANNED
MRU2023000952,2023/2024,1,1,BEE,1,Tuition,1455000,DAY,REGISTERED,PLANNED
MRU2023000952,2023/2024,1,1,BEE,52,Functional,1402000,DAY,REGISTERED,PLANNED
MRU2023000952,2023/2024,2,1,BEE,1,Tuition,1455000,DAY,REGISTERED,PLANNED
MRU2023000952,2023/2024,2,1,BEE,52,Functional,1312000,DAY,REGISTERED,PLANNED
MRU2023000954,2023/2024,1,1,BSAF,1,Tuition,630000,DAY,UNREGISTERED,PLANNED
MRU2023000954,2023/2024,1,1,BSAF,52,Functional,767000,DAY,UNREGISTERED,PLANNED
MRU2023000954,2023/2024,2,1,BSAF,1,Tuition,630000,DAY,UNREGISTERED,PLANNED
MRU2023000954,2023/2024,2,1,BSAF,52,Functional,677000,DAY,UNREGISTERED,PLANNED
MRU2023000955,2024/2025,1,3,BTHM,1,Tuition,780000,DAY,REGISTERED,PLANNED
MRU2023000955,2024/2025,1,3,BTHM,52,Functional,929700,DAY,REGISTERED,PLANNED
MRU2023000955,2024/2025,2,3,BTHM,1,Tuition,780000,DAY,REGISTERED,PLANNED
MRU2023000955,2024/2025,2,3,BTHM,52,Functional,1199700,DAY,REGISTERED,PLANNED
MRU2023000957,2023/2024,1,1,SWSA,1,Tuition,630000,DAY,UNREGISTERED,PLANNED
MRU2023000957,2023/2024,1,1,SWSA,52,Functional,767000,DAY,UNREGISTERED,PLANNED
MRU2023000957,2023/2024,2,1,SWSA,1,Tuition,630000,DAY,UNREGISTERED,PLANNED
MRU2023000957,2023/2024,2,1,SWSA,52,Functional,877000,DAY,UNREGISTERED,PLANNED
MRU2023000958,2023/2024,1,1,DTHM,1,Tuition,530000,DAY,REGISTERED,PLANNED
MRU2023000958,2023/2024,1,1,DTHM,52,Functional,1033700,DAY,REGISTERED,PLANNED
MRU2023000958,2023/2024,2,1,DTHM,1,Tuition,530000,DAY,REGISTERED,PLANNED
MRU2023000958,2023/2024,2,1,DTHM,52,Functional,943700,DAY,REGISTERED,PLANNED
MRU2023000959,2023/2024,1,1,BTHM,1,Tuition,780000,DAY,UNREGISTERED,PLANNED
MRU2023000959,2023/2024,1,1,BTHM,52,Functional,1033700,DAY,UNREGISTERED,PLANNED
MRU2023000959,2023/2024,2,1,BTHM,1,Tuition,780000,DAY,UNREGISTERED,PLANNED
MRU2023000959,2023/2024,2,1,BTHM,52,Functional,943700,DAY,UNREGISTERED,PLANNED
MRU2023000961,2023/2024,1,1,DAD,52,Functional,985250,DAY,REGISTERED,PLANNED
MRU2023000963,2023/2024,1,1,BAED,1,Tuition,630000,DAY,UNREGISTERED,PLANNED
MRU2023000963,2023/2024,1,1,BAED,52,Functional,767000,DAY,UNREGISTERED,PLANNED
MRU2023000963,2023/2024,2,1,BAED,1,Tuition,630000,DAY,UNREGISTERED,PLANNED
MRU2023000963,2023/2024,2,1,BAED,52,Functional,677000,DAY,UNREGISTERED,PLANNED
MRU2023000972,2023/2024,1,1,BBA,1,Tuition,630000,WEEKEND,UNREGISTERED,PLANNED
MRU2023000972,2023/2024,1,1,BBA,52,Functional,767000,WEEKEND,UNREGISTERED,PLANNED
MRU2023000972,2023/2024,2,1,BBA,52,Functional,677000,WEEKEND,UNREGISTERED,PLANNED
MRU2023000974,2023/2024,1,1,BTHM,1,Tuition,780000,DAY,UNREGISTERED,PLANNED
MRU2023000974,2023/2024,1,1,BTHM,52,Functional,1033700,DAY,UNREGISTERED,PLANNED
MRU2023000974,2023/2024,2,1,BTHM,1,Tuition,780000,DAY,UNREGISTERED,PLANNED
MRU2023000974,2023/2024,2,1,BTHM,52,Functional,943700,DAY,UNREGISTERED,PLANNED
MRU2023000977,2023/2024,1,1,BMC,1,Tuition,780000,DAY,UNREGISTERED,PLANNED
MRU2023000977,2023/2024,1,1,BMC,52,Functional,887000,DAY,UNREGISTERED,PLANNED
MRU2023000977,2023/2024,2,1,BMC,1,Tuition,780000,DAY,UNREGISTERED,PLANNED
MRU2023000977,2023/2024,2,1,BMC,52,Functional,797000,DAY,UNREGISTERED,PLANNED
MRU2023000978,2023/2024,1,2,BCE,1,Tuition,1455000,DAY,UNREGISTERED,PLANNED
MRU2023000978,2023/2024,1,2,BCE,52,Functional,1322000,DAY,UNREGISTERED,PLANNED
MRU2023000978,2023/2024,2,2,BCE,1,Tuition,1455000,DAY,UNREGISTERED,PLANNED
MRU2023000978,2023/2024,2,2,BCE,52,Functional,1488000,DAY,UNREGISTERED,PLANNED
MRU2023000979,2023/2024,1,1,BECD,1,Tuition,630000,DAY,UNREGISTERED,PLANNED
MRU2023000979,2023/2024,1,1,BECD,52,Functional,767000,DAY,UNREGISTERED,PLANNED
MRU2023000979,2023/2024,2,1,BECD,1,Tuition,630000,DAY,UNREGISTERED,PLANNED
MRU2023000979,2023/2024,2,1,BECD,52,Functional,677000,DAY,UNREGISTERED,PLANNED
MRU2023000980,2023/2024,1,1,DTHM,1,Tuition,530000,DAY,UNREGISTERED,PLANNED
MRU2023000980,2023/2024,1,1,DTHM,52,Functional,1033700,DAY,UNREGISTERED,PLANNED
MRU2023000981,2023/2024,1,1,BTHM,1,Tuition,780000,DAY,UNREGISTERED,PLANNED
MRU2023000981,2023/2024,1,1,BTHM,52,Functional,1033700,DAY,UNREGISTERED,PLANNED
MRU2023000981,2023/2024,2,1,BTHM,1,Tuition,780000,DAY,UNREGISTERED,PLANNED
MRU2023000981,2023/2024,2,1,BTHM,52,Functional,943700,DAY,UNREGISTERED,PLANNED
MRU2023000982,2023/2024,1,1,BMC,1,Tuition,780000,DAY,UNREGISTERED,PLANNED
MRU2023000982,2023/2024,1,1,BMC,52,Functional,887000,DAY,UNREGISTERED,PLANNED
MRU2023000982,2023/2024,2,1,BMC,1,Tuition,780000,DAY,UNREGISTERED,PLANNED
MRU2023000982,2023/2024,2,1,BMC,52,Functional,797000,DAY,UNREGISTERED,PLANNED
MRU2023000983,2023/2024,1,1,BIT,1,Tuition,780000,DAY,UNREGISTERED,PLANNED
MRU2023000983,2023/2024,1,1,BIT,52,Functional,867000,DAY,UNREGISTERED,PLANNED
MRU2023000983,2023/2024,2,1,BIT,1,Tuition,780000,DAY,UNREGISTERED,PLANNED
MRU2023000983,2023/2024,2,1,BIT,52,Functional,677000,DAY,UNREGISTERED,PLANNED
MRU2023000989,2023/2024,1,1,BEICT,1,Tuition,680000,DAY,UNREGISTERED,PLANNED
MRU2023000989,2023/2024,1,1,BEICT,52,Functional,767000,DAY,UNREGISTERED,PLANNED
MRU2023000989,2023/2024,2,1,BEICT,1,Tuition,680000,DAY,UNREGISTERED,PLANNED
MRU2023000989,2023/2024,2,1,BEICT,52,Functional,677000,DAY,UNREGISTERED,PLANNED
MRU2023000990,2023/2024,1,1,BPA,1,Tuition,630000,DAY,UNREGISTERED,PLANNED
MRU2023000990,2023/2024,1,1,BPA,52,Functional,767000,DAY,UNREGISTERED,PLANNED
MRU2023000990,2023/2024,2,1,BPA,1,Tuition,630000,DAY,UNREGISTERED,PLANNED
MRU2023000990,2023/2024,2,1,BPA,52,Functional,677000,DAY,UNREGISTERED,PLANNED
MRU2023000993,2023/2024,1,1,BEICT,1,Tuition,680000,DAY,UNREGISTERED,PLANNED
MRU2023000993,2023/2024,1,1,BEICT,52,Functional,767000,DAY,UNREGISTERED,PLANNED
MRU2023000995,2023/2024,1,1,BEICT,1,Tuition,680000,DAY,UNREGISTERED,PLANNED
MRU2023000995,2023/2024,1,1,BEICT,52,Functional,767000,DAY,UNREGISTERED,PLANNED
MRU2023000995,2023/2024,2,1,BEICT,1,Tuition,680000,DAY,UNREGISTERED,PLANNED
MRU2023000995,2023/2024,2,1,BEICT,52,Functional,677000,DAY,UNREGISTERED,PLANNED
MRU2023000995,2024/2025,2,2,BEICT,1,Tuition,680000,DAY,UNREGISTERED,PLANNED
MRU2023000995,2024/2025,2,2,BEICT,52,Functional,853000,DAY,UNREGISTERED,PLANNED
MRU2023000999,2023/2024,1,1,BEE,1,Tuition,1455000,DAY,UNREGISTERED,PLANNED
MRU2023000999,2023/2024,1,1,BEE,52,Functional,1402000,DAY,UNREGISTERED,PLANNED
MRU2023000999,2023/2024,2,1,BEE,1,Tuition,1455000,DAY,REGISTERED,PLANNED
MRU2023000999,2023/2024,2,1,BEE,52,Functional,1312000,DAY,REGISTERED,PLANNED
MRU2023001002,2023/2024,1,1,BBA,1,Tuition,630000,WEEKEND,UNREGISTERED,PLANNED
MRU2023001002,2023/2024,1,1,BBA,52,Functional,767000,WEEKEND,UNREGISTERED,PLANNED
MRU2023001002,2023/2024,2,1,BBA,1,Tuition,630000,WEEKEND,UNREGISTERED,PLANNED
MRU2023001002,2023/2024,2,1,BBA,52,Functional,677000,WEEKEND,UNREGISTERED,PLANNED
MRU2023001003,2023/2024,1,1,BIT,1,Tuition,780000,WEEKEND,UNREGISTERED,PLANNED
MRU2023001003,2023/2024,1,1,BIT,52,Functional,867000,WEEKEND,UNREGISTERED,PLANNED
MRU2023001005,2023/2024,1,1,BAED,1,Tuition,630000,DAY,UNREGISTERED,PLANNED
MRU2023001005,2023/2024,1,1,BAED,52,Functional,767000,DAY,UNREGISTERED,PLANNED
MRU2023001005,2023/2024,2,1,BAED,1,Tuition,630000,DAY,UNREGISTERED,PLANNED
MRU2023001005,2023/2024,2,1,BAED,52,Functional,677000,DAY,UNREGISTERED,PLANNED
MRU2023001008,2023/2024,1,1,BAED,1,Tuition,630000,DAY,UNREGISTERED,PLANNED
MRU2023001008,2023/2024,1,1,BAED,52,Functional,767000,DAY,UNREGISTERED,PLANNED
MRU2023001008,2023/2024,2,1,BAED,1,Tuition,630000,DAY,UNREGISTERED,PLANNED
MRU2023001008,2023/2024,2,1,BAED,52,Functional,677000,DAY,UNREGISTERED,PLANNED
MRU2023001010,2023/2024,2,1,DJ,1,Tuition,530000,DAY,REGISTERED,PLANNED
MRU2023001010,2023/2024,2,1,DJ,52,Functional,789500,DAY,REGISTERED,PLANNED
MRU2023001012,2023/2024,1,1,BSAF,1,Tuition,630000,DAY,UNREGISTERED,PLANNED
MRU2023001012,2023/2024,1,1,BSAF,52,Functional,767000,DAY,UNREGISTERED,PLANNED
MRU2023001012,2023/2024,2,1,BSAF,1,Tuition,630000,DAY,UNREGISTERED,PLANNED
MRU2023001012,2023/2024,2,1,BSAF,52,Functional,677000,DAY,UNREGISTERED,PLANNED
MRU2023001018,2023/2024,1,1,BSAF,1,Tuition,630000,DAY,UNREGISTERED,PLANNED
MRU2023001018,2023/2024,1,1,BSAF,52,Functional,767000,DAY,UNREGISTERED,PLANNED
MRU2023001018,2023/2024,2,1,BSAF,1,Tuition,630000,DAY,UNREGISTERED,PLANNED
MRU2023001018,2023/2024,2,1,BSAF,52,Functional,677000,DAY,UNREGISTERED,PLANNED
MRU2023001019,2023/2024,1,1,BAED,1,Tuition,630000,DAY,UNREGISTERED,PLANNED
MRU2023001019,2023/2024,1,1,BAED,52,Functional,767000,DAY,UNREGISTERED,PLANNED
MRU2023001019,2023/2024,2,1,BAED,1,Tuition,630000,DAY,UNREGISTERED,PLANNED
MRU2023001019,2023/2024,2,1,BAED,52,Functional,677000,DAY,UNREGISTERED,PLANNED
MRU2023001020,2023/2024,1,1,BPLM,1,Tuition,630000,DAY,UNREGISTERED,PLANNED
MRU2023001020,2023/2024,1,1,BPLM,52,Functional,767000,DAY,UNREGISTERED,PLANNED
MRU2023001020,2023/2024,2,1,BPLM,1,Tuition,630000,DAY,UNREGISTERED,PLANNED
MRU2023001020,2023/2024,2,1,BPLM,52,Functional,677000,DAY,UNREGISTERED,PLANNED
MRU2023001021,2024/2025,1,2,BBEI,1,Tuition,280000,INSERVICE,REGISTERED,PLANNED
MRU2023001021,2024/2025,1,2,BBEI,52,Functional,154000,INSERVICE,REGISTERED,PLANNED
MRU2023001021,2024/2025,2,2,BBEI,1,Tuition,280000,INSERVICE,REGISTERED,PLANNED
MRU2023001021,2024/2025,2,2,BBEI,52,Functional,154000,INSERVICE,REGISTERED,PLANNED
MRU2023001023,2023/2024,1,1,BSAF,1,Tuition,630000,DAY,UNREGISTERED,PLANNED
MRU2023001023,2023/2024,1,1,BSAF,52,Functional,767000,DAY,UNREGISTERED,PLANNED
MRU2023001023,2023/2024,2,1,BSAF,1,Tuition,630000,DAY,UNREGISTERED,PLANNED
MRU2023001023,2023/2024,2,1,BSAF,52,Functional,677000,DAY,UNREGISTERED,PLANNED
MRU2023001026,2023/2024,1,1,BEICT,1,Tuition,680000,DAY,UNREGISTERED,PLANNED
MRU2023001026,2023/2024,1,1,BEICT,52,Functional,767000,DAY,UNREGISTERED,PLANNED
MRU2023001026,2023/2024,2,1,BEICT,1,Tuition,680000,DAY,UNREGISTERED,PLANNED
MRU2023001026,2023/2024,2,1,BEICT,52,Functional,677000,DAY,UNREGISTERED,PLANNED
MRU2023001031,2023/2024,2,1,BAED,1,Tuition,630000,DAY,UNREGISTERED,PLANNED
MRU2023001031,2023/2024,2,1,BAED,52,Functional,677000,DAY,UNREGISTERED,PLANNED
MRU2023001035,2024/2025,1,2,BED(S),1,Tuition,280000,INSERVICE,REGISTERED,PLANNED
MRU2023001035,2024/2025,1,2,BED(S),52,Functional,154000,INSERVICE,REGISTERED,PLANNED
MRU2023001035,2024/2025,2,2,BED(S),1,Tuition,280000,INSERVICE,REGISTERED,PLANNED
MRU2023001035,2024/2025,2,2,BED(S),52,Functional,154000,INSERVICE,REGISTERED,PLANNED
MRU2023001035,2024/2025,3,2,BED(S),1,Tuition,280000,INSERVICE,REGISTERED,PLANNED
MRU2023001035,2024/2025,3,2,BED(S),52,Functional,154000,INSERVICE,REGISTERED,PLANNED
MRU2023001042,2023/2024,1,3,BEE,1,Tuition,1455000,DAY,REGISTERED,PLANNED
MRU2023001042,2023/2024,1,3,BEE,52,Functional,1298000,DAY,REGISTERED,PLANNED
MRU2023001042,2023/2024,2,2,BEE,1,Tuition,1455000,DAY,REGISTERED,PLANNED
MRU2023001042,2023/2024,2,2,BEE,52,Functional,1488000,DAY,REGISTERED,PLANNED
MRU2023001045,2023/2024,1,1,BED(P),1,Tuition,280000,INSERVICE,UNREGISTERED,PLANNED
MRU2023001045,2023/2024,1,1,BED(P),52,Functional,184000,INSERVICE,UNREGISTERED,PLANNED
MRU2023001045,2023/2024,3,1,BED(P),1,Tuition,280000,INSERVICE,UNREGISTERED,PLANNED
MRU2023001045,2023/2024,3,1,BED(P),52,Functional,154000,INSERVICE,UNREGISTERED,PLANNED
MRU2023001049,2023/2024,1,1,BTHM,1,Tuition,780000,DAY,UNREGISTERED,PLANNED
MRU2023001049,2023/2024,1,1,BTHM,52,Functional,1033700,DAY,UNREGISTERED,PLANNED
MRU2023001049,2023/2024,2,1,BTHM,1,Tuition,780000,DAY,UNREGISTERED,PLANNED
MRU2023001049,2023/2024,2,1,BTHM,52,Functional,943700,DAY,UNREGISTERED,PLANNED
MRU2023001050,2023/2024,1,1,BIT,1,Tuition,780000,DAY,UNREGISTERED,PLANNED
MRU2023001050,2023/2024,1,1,BIT,52,Functional,867000,DAY,UNREGISTERED,PLANNED
MRU2023001054,2023/2024,1,1,BAED,1,Tuition,630000,DAY,UNREGISTERED,PLANNED
MRU2023001054,2023/2024,1,1,BAED,52,Functional,767000,DAY,UNREGISTERED,PLANNED
MRU2023001054,2023/2024,2,1,BAED,1,Tuition,630000,DAY,UNREGISTERED,PLANNED
MRU2023001054,2023/2024,2,1,BAED,52,Functional,677000,DAY,UNREGISTERED,PLANNED
MRU2023001056,2023/2024,1,1,BTHM,1,Tuition,780000,DAY,UNREGISTERED,PLANNED
MRU2023001056,2023/2024,1,1,BTHM,52,Functional,1033700,DAY,UNREGISTERED,PLANNED
MRU2023001056,2023/2024,2,1,BTHM,1,Tuition,780000,DAY,UNREGISTERED,PLANNED
MRU2023001056,2023/2024,2,1,BTHM,52,Functional,943700,DAY,UNREGISTERED,PLANNED
MRU2023001058,2023/2024,1,1,BBA,1,Tuition,630000,DAY,UNREGISTERED,PLANNED
MRU2023001058,2023/2024,1,1,BBA,52,Functional,767000,DAY,UNREGISTERED,PLANNED
MRU2023001058,2023/2024,2,1,BBA,1,Tuition,630000,DAY,UNREGISTERED,PLANNED
MRU2023001058,2023/2024,2,1,BBA,52,Functional,677000,DAY,UNREGISTERED,PLANNED
MRU2023001060,2023/2024,1,1,BBA,1,Tuition,630000,DAY,UNREGISTERED,PLANNED
MRU2023001060,2023/2024,1,1,BBA,52,Functional,767000,DAY,UNREGISTERED,PLANNED
MRU2023001060,2023/2024,2,1,BBA,1,Tuition,630000,DAY,UNREGISTERED,PLANNED
MRU2023001060,2023/2024,2,1,BBA,52,Functional,677000,DAY,UNREGISTERED,PLANNED
MRU2023001062,2023/2024,1,2,BCE,1,Tuition,1455000,DAY,REGISTERED,PLANNED
MRU2023001062,2023/2024,1,2,BCE,52,Functional,1322000,DAY,REGISTERED,PLANNED
MRU2023001062,2023/2024,2,2,BCE,1,Tuition,1455000,DAY,REGISTERED,PLANNED
MRU2023001062,2023/2024,2,2,BCE,52,Functional,1488000,DAY,REGISTERED,PLANNED
MRU2023001066,2023/2024,1,1,BBA,1,Tuition,630000,DAY,UNREGISTERED,PLANNED
MRU2023001066,2023/2024,1,1,BBA,52,Functional,767000,DAY,UNREGISTERED,PLANNED
MRU2023001066,2023/2024,2,1,BBA,1,Tuition,630000,DAY,UNREGISTERED,PLANNED
MRU2023001066,2023/2024,2,1,BBA,52,Functional,677000,DAY,UNREGISTERED,PLANNED
MRU2023001069,2023/2024,1,1,BIT,1,Tuition,780000,DAY,UNREGISTERED,PLANNED
MRU2023001069,2023/2024,1,1,BIT,52,Functional,867000,DAY,UNREGISTERED,PLANNED
MRU2023001069,2023/2024,2,1,BIT,1,Tuition,780000,DAY,UNREGISTERED,PLANNED
MRU2023001069,2023/2024,2,1,BIT,52,Functional,677000,DAY,UNREGISTERED,PLANNED
MRU2023001073,2023/2024,1,1,BED(P),1,Tuition,280000,INSERVICE,UNREGISTERED,PLANNED
MRU2023001073,2023/2024,1,1,BED(P),52,Functional,184000,INSERVICE,UNREGISTERED,PLANNED
MRU2023001073,2023/2024,3,1,BED(P),1,Tuition,280000,INSERVICE,UNREGISTERED,PLANNED
MRU2023001073,2023/2024,3,1,BED(P),52,Functional,154000,INSERVICE,UNREGISTERED,PLANNED
MRU2023001073,2024/2025,2,2,BED(P),1,Tuition,280000,INSERVICE,UNREGISTERED,PLANNED
MRU2023001073,2024/2025,2,2,BED(P),52,Functional,154000,INSERVICE,UNREGISTERED,PLANNED
MRU2023001073,2025/2026,3,3,BED(P),1,Tuition,280000,INSERVICE,REGISTERED,PLANNED
MRU2023001073,2025/2026,3,3,BED(P),52,Functional,234000,INSERVICE,REGISTERED,PLANNED
MRU2023001077,2024/2025,1,3,BIT,1,Tuition,780000,DAY,UNREGISTERED,PLANNED
MRU2023001077,2024/2025,1,3,BIT,52,Functional,763000,DAY,UNREGISTERED,PLANNED
MRU2023001081,2023/2024,1,1,BED(S),1,Tuition,280000,INSERVICE,UNREGISTERED,PLANNED
MRU2023001081,2023/2024,1,1,BED(S),52,Functional,184000,INSERVICE,UNREGISTERED,PLANNED
MRU2023001081,2023/2024,3,1,BED(S),1,Tuition,280000,INSERVICE,UNREGISTERED,PLANNED
MRU2023001081,2023/2024,3,1,BED(S),52,Functional,154000,INSERVICE,UNREGISTERED,PLANNED
MRU2023001081,2024/2025,2,2,BED(S),1,Tuition,280000,INSERVICE,UNREGISTERED,PLANNED
MRU2023001081,2024/2025,2,2,BED(S),52,Functional,154000,INSERVICE,UNREGISTERED,PLANNED
MRU2023001085,2023/2024,1,1,BEICT,1,Tuition,680000,DAY,UNREGISTERED,PLANNED
MRU2023001085,2023/2024,1,1,BEICT,52,Functional,767000,DAY,UNREGISTERED,PLANNED
MRU2023001085,2023/2024,2,1,BEICT,1,Tuition,680000,DAY,UNREGISTERED,PLANNED
MRU2023001085,2023/2024,2,1,BEICT,52,Functional,677000,DAY,UNREGISTERED,PLANNED
MRU2023001093,2023/2024,1,1,BIT,52,Functional,867000,WEEKEND,REGISTERED,PLANNED
MRU2023001099,2023/2024,1,1,BIT,1,Tuition,780000,DAY,UNREGISTERED,PLANNED
MRU2023001099,2023/2024,1,1,BIT,52,Functional,867000,DAY,UNREGISTERED,PLANNED
MRU2023001099,2023/2024,2,1,BIT,1,Tuition,780000,DAY,UNREGISTERED,PLANNED
MRU2023001099,2023/2024,2,1,BIT,52,Functional,677000,DAY,UNREGISTERED,PLANNED
MRU2023001100,2023/2024,1,1,DTHM,1,Tuition,530000,DAY,UNREGISTERED,PLANNED
MRU2023001100,2023/2024,1,1,DTHM,52,Functional,1033700,DAY,UNREGISTERED,PLANNED
MRU2023001100,2023/2024,2,1,DTHM,1,Tuition,530000,DAY,UNREGISTERED,PLANNED
MRU2023001100,2023/2024,2,1,DTHM,52,Functional,943700,DAY,UNREGISTERED,PLANNED
MRU2023001103,2024/2025,2,2,DIT,1,Tuition,430000,DAY,UNREGISTERED,PLANNED
MRU2023001103,2024/2025,2,2,DIT,52,Functional,933000,DAY,UNREGISTERED,PLANNED
MRU2023001104,2023/2024,1,1,BED(P),1,Tuition,280000,INSERVICE,UNREGISTERED,PLANNED
MRU2023001104,2023/2024,1,1,BED(P),52,Functional,184000,INSERVICE,UNREGISTERED,PLANNED
MRU2023001104,2023/2024,3,1,BED(P),1,Tuition,280000,INSERVICE,UNREGISTERED,PLANNED
MRU2023001104,2023/2024,3,1,BED(P),52,Functional,154000,INSERVICE,UNREGISTERED,PLANNED
MRU2023001104,2024/2025,1,2,BED(P),1,Tuition,280000,INSERVICE,REGISTERED,PLANNED
MRU2023001104,2024/2025,1,2,BED(P),52,Functional,154000,INSERVICE,REGISTERED,PLANNED
MRU2023001106,2023/2024,1,1,BAED,1,Tuition,630000,DAY,UNREGISTERED,PLANNED
MRU2023001106,2023/2024,1,1,BAED,52,Functional,767000,DAY,UNREGISTERED,PLANNED
MRU2023001106,2023/2024,2,1,BAED,1,Tuition,630000,DAY,UNREGISTERED,PLANNED
MRU2023001106,2023/2024,2,1,BAED,52,Functional,677000,DAY,UNREGISTERED,PLANNED
MRU2023001107,2023/2024,1,1,BBA,1,Tuition,630000,DAY,UNREGISTERED,PLANNED
MRU2023001107,2023/2024,1,1,BBA,52,Functional,767000,DAY,UNREGISTERED,PLANNED
MRU2023001107,2023/2024,2,1,BBA,52,Functional,677000,DAY,UNREGISTERED,PLANNED
MRU2023001112,2023/2024,1,1,DAD,1,Tuition,530000,DAY,UNREGISTERED,PLANNED
MRU2023001112,2023/2024,1,1,DAD,52,Functional,985250,DAY,UNREGISTERED,PLANNED
MRU2023001112,2023/2024,2,2,DAD,1,Tuition,530000,DAY,UNREGISTERED,PLANNED
MRU2023001112,2023/2024,2,2,DAD,52,Functional,1151250,DAY,UNREGISTERED,PLANNED
MRU2023001120,2023/2024,1,1,BED(P),1,Tuition,280000,INSERVICE,UNREGISTERED,PLANNED
MRU2023001120,2023/2024,1,1,BED(P),52,Functional,184000,INSERVICE,UNREGISTERED,PLANNED
MRU2023001120,2023/2024,2,1,BED(P),1,Tuition,280000,INSERVICE,UNREGISTERED,PLANNED
MRU2023001120,2023/2024,2,1,BED(P),52,Functional,154000,INSERVICE,UNREGISTERED,PLANNED
MRU2023001120,2023/2024,3,1,BED(P),1,Tuition,280000,INSERVICE,UNREGISTERED,PLANNED
MRU2023001120,2023/2024,3,1,BED(P),52,Functional,154000,INSERVICE,UNREGISTERED,PLANNED
MRU2023001123,2023/2024,1,1,BAED,1,Tuition,630000,DAY,UNREGISTERED,PLANNED
MRU2023001123,2023/2024,1,1,BAED,52,Functional,767000,DAY,UNREGISTERED,PLANNED
MRU2023001123,2023/2024,2,1,BAED,1,Tuition,630000,DAY,UNREGISTERED,PLANNED
MRU2023001123,2023/2024,2,1,BAED,52,Functional,677000,DAY,UNREGISTERED,PLANNED
MRU2023001124,2023/2024,1,1,BAED,1,Tuition,630000,DAY,UNREGISTERED,PLANNED
MRU2023001124,2023/2024,1,1,BAED,52,Functional,767000,DAY,UNREGISTERED,PLANNED
MRU2023001125,2023/2024,1,1,BEICT,1,Tuition,680000,DAY,UNREGISTERED,PLANNED
MRU2023001125,2023/2024,1,1,BEICT,52,Functional,767000,DAY,UNREGISTERED,PLANNED
MRU2023001125,2023/2024,2,1,BEICT,1,Tuition,680000,DAY,UNREGISTERED,PLANNED
MRU2023001125,2023/2024,2,1,BEICT,52,Functional,677000,DAY,UNREGISTERED,PLANNED
MRU2023001129,2023/2024,2,1,DPE,1,Tuition,230000,INSERVICE,UNREGISTERED,PLANNED
MRU2023001129,2023/2024,2,1,DPE,52,Functional,154000,INSERVICE,UNREGISTERED,PLANNED
MRU2023001129,2023/2024,3,1,DPE,1,Tuition,230000,INSERVICE,UNREGISTERED,PLANNED
MRU2023001129,2023/2024,3,1,DPE,52,Functional,264000,INSERVICE,UNREGISTERED,PLANNED
MRU2023001129,2024/2025,1,2,DPE,1,Tuition,230000,INSERVICE,UNREGISTERED,PLANNED
MRU2023001129,2024/2025,1,2,DPE,52,Functional,154000,INSERVICE,UNREGISTERED,PLANNED
MRU2023001131,2023/2024,1,1,BCE,1,Tuition,1455000,DAY,UNREGISTERED,PLANNED
MRU2023001131,2023/2024,1,1,BCE,52,Functional,1402000,DAY,UNREGISTERED,PLANNED
MRU2023001131,2023/2024,2,1,BCE,1,Tuition,1455000,DAY,UNREGISTERED,PLANNED
MRU2023001131,2023/2024,2,1,BCE,52,Functional,1312000,DAY,UNREGISTERED,PLANNED
MRU2023001133,2023/2024,1,2,BEE,1,Tuition,1455000,DAY,REGISTERED,PLANNED
MRU2023001133,2023/2024,1,2,BEE,52,Functional,1322000,DAY,REGISTERED,PLANNED
MRU2023001133,2023/2024,2,2,BEE,1,Tuition,1455000,DAY,REGISTERED,PLANNED
MRU2023001133,2023/2024,2,2,BEE,52,Functional,1488000,DAY,REGISTERED,PLANNED
MRU2023001144,2023/2024,1,1,DFD,1,Tuition,530000,DAY,UNREGISTERED,PLANNED
MRU2023001144,2023/2024,1,1,DFD,52,Functional,985250,DAY,UNREGISTERED,PLANNED
MRU2023001145,2023/2024,1,1,BIT,1,Tuition,780000,WEEKEND,UNREGISTERED,PLANNED
MRU2023001145,2023/2024,1,1,BIT,52,Functional,867000,WEEKEND,UNREGISTERED,PLANNED
MRU2023001145,2023/2024,2,1,BIT,1,Tuition,780000,WEEKEND,UNREGISTERED,PLANNED
MRU2023001145,2023/2024,2,1,BIT,52,Functional,677000,WEEKEND,UNREGISTERED,PLANNED
MRU2023001148,2023/2024,1,1,BED(P),1,Tuition,280000,INSERVICE,UNREGISTERED,PLANNED
MRU2023001148,2023/2024,1,1,BED(P),52,Functional,184000,INSERVICE,UNREGISTERED,PLANNED
MRU2023001148,2023/2024,2,1,BED(P),1,Tuition,280000,INSERVICE,UNREGISTERED,PLANNED
MRU2023001148,2023/2024,2,1,BED(P),52,Functional,154000,INSERVICE,UNREGISTERED,PLANNED
MRU2023001148,2023/2024,3,1,BED(P),1,Tuition,280000,INSERVICE,UNREGISTERED,PLANNED
MRU2023001148,2023/2024,3,1,BED(P),52,Functional,154000,INSERVICE,UNREGISTERED,PLANNED
MRU2023001148,2024/2025,2,2,BED(P),1,Tuition,280000,INSERVICE,UNREGISTERED,PLANNED
MRU2023001148,2024/2025,2,2,BED(P),52,Functional,154000,INSERVICE,UNREGISTERED,PLANNED
MRU2023001151,2023/2024,2,1,BED(P),1,Tuition,280000,INSERVICE,UNREGISTERED,PLANNED
MRU2023001151,2023/2024,2,1,BED(P),52,Functional,154000,INSERVICE,UNREGISTERED,PLANNED
MRU2023001151,2023/2024,3,1,BED(P),1,Tuition,280000,INSERVICE,UNREGISTERED,PLANNED
MRU2023001151,2023/2024,3,1,BED(P),52,Functional,154000,INSERVICE,UNREGISTERED,PLANNED
MRU2023001151,2024/2025,1,2,BED(P),1,Tuition,280000,INSERVICE,UNREGISTERED,PLANNED
MRU2023001151,2024/2025,1,2,BED(P),52,Functional,154000,INSERVICE,UNREGISTERED,PLANNED
MRU2023001155,2023/2024,1,1,BECD,1,Tuition,630000,DAY,UNREGISTERED,PLANNED
MRU2023001155,2023/2024,1,1,BECD,52,Functional,767000,DAY,UNREGISTERED,PLANNED
MRU2023001155,2023/2024,2,1,BECD,1,Tuition,630000,DAY,UNREGISTERED,PLANNED
MRU2023001155,2023/2024,2,1,BECD,52,Functional,677000,DAY,UNREGISTERED,PLANNED
MRU2023001162,2023/2024,1,1,BEICT,1,Tuition,680000,DAY,UNREGISTERED,PLANNED
MRU2023001162,2023/2024,1,1,BEICT,52,Functional,767000,DAY,UNREGISTERED,PLANNED
MRU2023001162,2023/2024,2,1,BEICT,1,Tuition,680000,DAY,UNREGISTERED,PLANNED
MRU2023001162,2023/2024,2,1,BEICT,52,Functional,677000,DAY,UNREGISTERED,PLANNED
MRU2023001163,2023/2024,1,2,BCE,1,Tuition,1455000,DAY,UNREGISTERED,PLANNED
MRU2023001163,2023/2024,1,2,BCE,52,Functional,1322000,DAY,UNREGISTERED,PLANNED
MRU2023001163,2023/2024,2,2,BCE,1,Tuition,1455000,DAY,UNREGISTERED,PLANNED
MRU2023001163,2023/2024,2,2,BCE,52,Functional,1488000,DAY,UNREGISTERED,PLANNED
MRU2023001165,2023/2024,2,1,BED(S),1,Tuition,280000,INSERVICE,UNREGISTERED,PLANNED
MRU2023001165,2023/2024,2,1,BED(S),52,Functional,154000,INSERVICE,UNREGISTERED,PLANNED
MRU2023001165,2025/2026,2,3,BED(S),1,Tuition,280000,INSERVICE,REGISTERED,PLANNED
MRU2023001168,2023/2024,1,1,BMC,1,Tuition,780000,DAY,UNREGISTERED,PLANNED
MRU2023001168,2023/2024,1,1,BMC,52,Functional,887000,DAY,UNREGISTERED,PLANNED
MRU2023001168,2023/2024,2,1,BMC,1,Tuition,780000,DAY,UNREGISTERED,PLANNED
MRU2023001168,2023/2024,2,1,BMC,52,Functional,797000,DAY,UNREGISTERED,PLANNED
MRU2023001169,2023/2024,2,1,DPE,1,Tuition,230000,INSERVICE,UNREGISTERED,PLANNED
MRU2023001169,2023/2024,2,1,DPE,52,Functional,154000,INSERVICE,UNREGISTERED,PLANNED
MRU2023001169,2023/2024,3,1,DPE,1,Tuition,230000,INSERVICE,UNREGISTERED,PLANNED
MRU2023001169,2023/2024,3,1,DPE,52,Functional,264000,INSERVICE,UNREGISTERED,PLANNED
MRU2023001172,2023/2024,1,1,DPE,1,Tuition,230000,INSERVICE,REGISTERED,PLANNED
MRU2023001172,2023/2024,1,1,DPE,52,Functional,184000,INSERVICE,REGISTERED,PLANNED
MRU2023001172,2023/2024,3,1,DPE,1,Tuition,230000,INSERVICE,UNREGISTERED,PLANNED
MRU2023001172,2023/2024,3,1,DPE,52,Functional,264000,INSERVICE,UNREGISTERED,PLANNED
MRU2023001173,2023/2024,2,1,DPE,1,Tuition,230000,INSERVICE,UNREGISTERED,PLANNED
MRU2023001173,2023/2024,2,1,DPE,52,Functional,154000,INSERVICE,UNREGISTERED,PLANNED
MRU2023001173,2023/2024,3,1,DPE,1,Tuition,230000,INSERVICE,UNREGISTERED,PLANNED
MRU2023001173,2023/2024,3,1,DPE,52,Functional,264000,INSERVICE,UNREGISTERED,PLANNED
MRU2023001180,2023/2024,2,1,DPE,1,Tuition,230000,INSERVICE,UNREGISTERED,PLANNED
MRU2023001180,2023/2024,2,1,DPE,52,Functional,154000,INSERVICE,UNREGISTERED,PLANNED
MRU2023001180,2023/2024,3,1,DPE,1,Tuition,230000,INSERVICE,UNREGISTERED,PLANNED
MRU2023001180,2023/2024,3,1,DPE,52,Functional,264000,INSERVICE,UNREGISTERED,PLANNED
MRU2023001181,2023/2024,1,1,BTHM,1,Tuition,780000,DAY,UNREGISTERED,PLANNED
MRU2023001181,2023/2024,1,1,BTHM,52,Functional,1033700,DAY,UNREGISTERED,PLANNED
MRU2023001182,2023/2024,2,1,BED(P),1,Tuition,280000,INSERVICE,UNREGISTERED,PLANNED
MRU2023001182,2023/2024,2,1,BED(P),52,Functional,154000,INSERVICE,UNREGISTERED,PLANNED
MRU2023001182,2023/2024,3,1,BED(P),1,Tuition,280000,INSERVICE,UNREGISTERED,PLANNED
MRU2023001182,2023/2024,3,1,BED(P),52,Functional,154000,INSERVICE,UNREGISTERED,PLANNED
MRU2023001182,2024/2025,1,2,BED(P),1,Tuition,280000,INSERVICE,REGISTERED,PLANNED
MRU2023001182,2024/2025,1,2,BED(P),52,Functional,154000,INSERVICE,REGISTERED,PLANNED
MRU2023001190,2023/2024,2,1,BED(P),1,Tuition,280000,INSERVICE,UNREGISTERED,PLANNED
MRU2023001190,2023/2024,2,1,BED(P),52,Functional,154000,INSERVICE,UNREGISTERED,PLANNED
MRU2023001190,2023/2024,3,1,BED(P),1,Tuition,280000,INSERVICE,UNREGISTERED,PLANNED
MRU2023001190,2023/2024,3,1,BED(P),52,Functional,154000,INSERVICE,UNREGISTERED,PLANNED
MRU2023001190,2024/2025,1,2,BED(P),1,Tuition,280000,INSERVICE,REGISTERED,PLANNED
MRU2023001190,2024/2025,1,2,BED(P),52,Functional,154000,INSERVICE,REGISTERED,PLANNED
MRU2023001191,2023/2024,1,1,BEICT,1,Tuition,680000,DAY,UNREGISTERED,PLANNED
MRU2023001191,2023/2024,1,1,BEICT,52,Functional,767000,DAY,UNREGISTERED,PLANNED
MRU2023001191,2023/2024,2,1,BEICT,1,Tuition,680000,DAY,UNREGISTERED,PLANNED
MRU2023001191,2023/2024,2,1,BEICT,52,Functional,677000,DAY,UNREGISTERED,PLANNED
MRU2023001194,2024/2025,2,2,BSAF,1,Tuition,630000,DAY,UNREGISTERED,PLANNED
MRU2023001194,2024/2025,2,2,BSAF,52,Functional,653000,DAY,UNREGISTERED,PLANNED
MRU2023001199,2023/2024,2,1,DEE,1,Tuition,530000,DAY,REGISTERED,PLANNED
MRU2023001199,2023/2024,2,1,DEE,52,Functional,1168500,DAY,REGISTERED,PLANNED
MRU2023001199,2024/2025,1,2,DEE,1,Tuition,530000,DAY,REGISTERED,PLANNED
MRU2023001199,2024/2025,1,2,DEE,52,Functional,978500,DAY,REGISTERED,PLANNED
MRU2023001200,2023/2024,1,1,BEICT,1,Tuition,680000,DAY,UNREGISTERED,PLANNED
MRU2023001200,2023/2024,1,1,BEICT,52,Functional,767000,DAY,UNREGISTERED,PLANNED
MRU2023001200,2023/2024,2,1,BEICT,1,Tuition,680000,DAY,UNREGISTERED,PLANNED
MRU2023001200,2023/2024,2,1,BEICT,52,Functional,677000,DAY,UNREGISTERED,PLANNED
MRU2023001202,2023/2024,2,1,DIT,52,Functional,677000,DAY,UNREGISTERED,PLANNED
MRU2023001206,2023/2024,1,1,BAED,1,Tuition,630000,DAY,UNREGISTERED,PLANNED
MRU2023001206,2023/2024,1,1,BAED,52,Functional,767000,DAY,UNREGISTERED,PLANNED
MRU2023001206,2024/2025,2,2,BAED,1,Tuition,630000,DAY,UNREGISTERED,PLANNED
MRU2023001206,2024/2025,2,2,BAED,52,Functional,853000,DAY,UNREGISTERED,PLANNED
MRU2023001210,2023/2024,1,1,BCE,1,Tuition,1455000,DAY,UNREGISTERED,PLANNED
MRU2023001210,2023/2024,1,1,BCE,52,Functional,1402000,DAY,UNREGISTERED,PLANNED
MRU2023001210,2023/2024,2,1,BCE,1,Tuition,1455000,DAY,UNREGISTERED,PLANNED
MRU2023001210,2023/2024,2,1,BCE,52,Functional,1312000,DAY,UNREGISTERED,PLANNED
MRU2023001211,2023/2024,1,2,BEE,1,Tuition,1455000,DAY,REGISTERED,PLANNED
MRU2023001211,2023/2024,1,2,BEE,52,Functional,1322000,DAY,REGISTERED,PLANNED
MRU2023001211,2023/2024,2,2,BEE,1,Tuition,1455000,DAY,REGISTERED,PLANNED
MRU2023001211,2023/2024,2,2,BEE,52,Functional,1488000,DAY,REGISTERED,PLANNED
MRU2023001212,2023/2024,1,2,BEE,1,Tuition,1455000,DAY,REGISTERED,PLANNED
MRU2023001212,2023/2024,1,2,BEE,52,Functional,1322000,DAY,REGISTERED,PLANNED
MRU2023001212,2023/2024,2,2,BEE,1,Tuition,1455000,DAY,REGISTERED,PLANNED
MRU2023001212,2023/2024,2,2,BEE,52,Functional,1488000,DAY,REGISTERED,PLANNED
MRU2023001213,2023/2024,1,2,BEE,1,Tuition,1455000,DAY,REGISTERED,PLANNED
MRU2023001213,2023/2024,1,2,BEE,52,Functional,1322000,DAY,REGISTERED,PLANNED
MRU2023001213,2023/2024,2,2,BEE,1,Tuition,1455000,DAY,REGISTERED,PLANNED
MRU2023001213,2023/2024,2,2,BEE,52,Functional,1488000,DAY,REGISTERED,PLANNED
MRU2023001226,2023/2024,2,1,SWSA,1,Tuition,630000,DAY,UNREGISTERED,PLANNED
MRU2023001226,2023/2024,2,1,SWSA,52,Functional,877000,DAY,UNREGISTERED,PLANNED
MRU2023001227,2023/2024,2,1,BED(P),1,Tuition,280000,INSERVICE,REGISTERED,PLANNED
MRU2023001227,2023/2024,2,1,BED(P),52,Functional,154000,INSERVICE,REGISTERED,PLANNED
MRU2023001227,2023/2024,3,1,BED(P),1,Tuition,280000,INSERVICE,REGISTERED,PLANNED
MRU2023001227,2023/2024,3,1,BED(P),52,Functional,154000,INSERVICE,REGISTERED,PLANNED
MRU2023001229,2023/2024,1,3,BCE,1,Tuition,1455000,WEEKEND,UNREGISTERED,PLANNED
MRU2023001229,2023/2024,1,3,BCE,52,Functional,1298000,WEEKEND,UNREGISTERED,PLANNED
MRU2023001232,2023/2024,3,1,DPE,1,Tuition,230000,INSERVICE,UNREGISTERED,PLANNED
MRU2023001232,2023/2024,3,1,DPE,52,Functional,264000,INSERVICE,UNREGISTERED,PLANNED
MRU2023001232,2024/2025,2,2,DPE,1,Tuition,230000,INSERVICE,REGISTERED,PLANNED
MRU2023001232,2024/2025,2,2,DPE,52,Functional,154000,INSERVICE,REGISTERED,PLANNED
MRU2023001232,2024/2025,3,2,DPE,1,Tuition,230000,INSERVICE,REGISTERED,PLANNED
MRU2023001232,2024/2025,3,2,DPE,52,Functional,344000,INSERVICE,REGISTERED,PLANNED
MRU2023001241,2023/2024,1,1,DPE,1,Tuition,230000,INSERVICE,UNREGISTERED,PLANNED
MRU2023001241,2023/2024,1,1,DPE,52,Functional,184000,INSERVICE,UNREGISTERED,PLANNED
MRU2023001241,2023/2024,3,1,DPE,1,Tuition,230000,INSERVICE,UNREGISTERED,PLANNED
MRU2023001241,2023/2024,3,1,DPE,52,Functional,264000,INSERVICE,UNREGISTERED,PLANNED
MRU2023001241,2024/2025,1,2,DPE,1,Tuition,230000,INSERVICE,REGISTERED,PLANNED
MRU2023001241,2024/2025,1,2,DPE,52,Functional,154000,INSERVICE,REGISTERED,PLANNED
MRU2023001243,2023/2024,2,2,BEE,1,Tuition,1455000,DAY,REGISTERED,PLANNED
MRU2023001243,2024/2025,1,3,BEE,1,Tuition,1455000,DAY,REGISTERED,PLANNED
MRU2023001245,2023/2024,2,1,DPE,1,Tuition,230000,INSERVICE,UNREGISTERED,PLANNED
MRU2023001245,2023/2024,2,1,DPE,52,Functional,154000,INSERVICE,UNREGISTERED,PLANNED
MRU2023001245,2023/2024,3,1,DPE,1,Tuition,230000,INSERVICE,UNREGISTERED,PLANNED
MRU2023001245,2023/2024,3,1,DPE,52,Functional,264000,INSERVICE,UNREGISTERED,PLANNED
MRU2023001246,2023/2024,2,1,BED(ECD),1,Tuition,280000,INSERVICE,UNREGISTERED,PLANNED
MRU2023001246,2023/2024,2,1,BED(ECD),52,Functional,154000,INSERVICE,UNREGISTERED,PLANNED
MRU2023001249,2023/2024,2,1,DPE,1,Tuition,230000,INSERVICE,UNREGISTERED,PLANNED
MRU2023001249,2023/2024,2,1,DPE,52,Functional,154000,INSERVICE,UNREGISTERED,PLANNED
MRU2023001249,2023/2024,3,1,DPE,1,Tuition,230000,INSERVICE,UNREGISTERED,PLANNED
MRU2023001249,2023/2024,3,1,DPE,52,Functional,264000,INSERVICE,UNREGISTERED,PLANNED
MRU2023001257,2023/2024,1,1,BEICT,1,Tuition,680000,DAY,UNREGISTERED,PLANNED
MRU2023001257,2023/2024,1,1,BEICT,52,Functional,767000,DAY,UNREGISTERED,PLANNED
MRU2023001258,2023/2024,2,1,DPE,1,Tuition,230000,INSERVICE,UNREGISTERED,PLANNED
MRU2023001258,2023/2024,2,1,DPE,52,Functional,154000,INSERVICE,UNREGISTERED,PLANNED
MRU2023001258,2023/2024,3,1,DPE,1,Tuition,230000,INSERVICE,UNREGISTERED,PLANNED
MRU2023001258,2023/2024,3,1,DPE,52,Functional,264000,INSERVICE,UNREGISTERED,PLANNED
MRU2023001261,2023/2024,2,1,DPE,1,Tuition,230000,INSERVICE,UNREGISTERED,PLANNED
MRU2023001261,2023/2024,2,1,DPE,52,Functional,154000,INSERVICE,UNREGISTERED,PLANNED
MRU2023001261,2023/2024,3,1,DPE,1,Tuition,230000,INSERVICE,UNREGISTERED,PLANNED
MRU2023001261,2023/2024,3,1,DPE,52,Functional,264000,INSERVICE,UNREGISTERED,PLANNED
MRU2023001261,2024/2025,2,2,DPE,1,Tuition,230000,INSERVICE,REGISTERED,PLANNED
MRU2023001261,2024/2025,2,2,DPE,52,Functional,154000,INSERVICE,REGISTERED,PLANNED
MRU2023001261,2024/2025,3,2,DPE,1,Tuition,230000,INSERVICE,REGISTERED,PLANNED
MRU2023001261,2024/2025,3,2,DPE,52,Functional,344000,INSERVICE,REGISTERED,PLANNED
MRU2023001263,2023/2024,2,1,DPE,1,Tuition,230000,INSERVICE,UNREGISTERED,PLANNED
MRU2023001263,2023/2024,2,1,DPE,52,Functional,154000,INSERVICE,UNREGISTERED,PLANNED
MRU2023001263,2023/2024,3,1,DPE,1,Tuition,230000,INSERVICE,UNREGISTERED,PLANNED
MRU2023001263,2023/2024,3,1,DPE,52,Functional,264000,INSERVICE,UNREGISTERED,PLANNED
MRU2023001264,2023/2024,1,3,BCE,1,Tuition,1455000,WEEKEND,UNREGISTERED,PLANNED
MRU2023001264,2023/2024,1,3,BCE,52,Functional,1298000,WEEKEND,UNREGISTERED,PLANNED
MRU2023001266,2023/2024,2,1,DPE,1,Tuition,230000,INSERVICE,CLEARED,PLANNED
MRU2023001266,2023/2024,2,1,DPE,52,Functional,154000,INSERVICE,CLEARED,PLANNED
MRU2023001266,2023/2024,3,1,DPE,1,Tuition,230000,INSERVICE,UNREGISTERED,PLANNED
MRU2023001266,2023/2024,3,1,DPE,52,Functional,264000,INSERVICE,UNREGISTERED,PLANNED
MRU2023001267,2023/2024,2,1,BED(P),1,Tuition,280000,INSERVICE,UNREGISTERED,PLANNED
MRU2023001267,2023/2024,2,1,BED(P),52,Functional,154000,INSERVICE,UNREGISTERED,PLANNED
MRU2023001267,2023/2024,3,1,BED(P),1,Tuition,280000,INSERVICE,UNREGISTERED,PLANNED
MRU2023001267,2023/2024,3,1,BED(P),52,Functional,154000,INSERVICE,UNREGISTERED,PLANNED
MRU2023001269,2024/2025,2,2,DCE,1,Tuition,530000,DAY,UNREGISTERED,PLANNED
MRU2023001269,2024/2025,2,2,DCE,52,Functional,1150500,DAY,UNREGISTERED,PLANNED
MRU2023001274,2023/2024,2,1,DPE,1,Tuition,230000,INSERVICE,UNREGISTERED,PLANNED
MRU2023001274,2023/2024,2,1,DPE,52,Functional,154000,INSERVICE,UNREGISTERED,PLANNED
MRU2023001274,2023/2024,3,1,DPE,1,Tuition,230000,INSERVICE,UNREGISTERED,PLANNED
MRU2023001274,2023/2024,3,1,DPE,52,Functional,264000,INSERVICE,UNREGISTERED,PLANNED
MRU2023001275,2023/2024,1,1,BED(P),1,Tuition,280000,INSERVICE,UNREGISTERED,PLANNED
MRU2023001275,2023/2024,1,1,BED(P),52,Functional,184000,INSERVICE,UNREGISTERED,PLANNED
MRU2023001275,2023/2024,2,1,BED(P),1,Tuition,280000,INSERVICE,UNREGISTERED,PLANNED
MRU2023001275,2023/2024,2,1,BED(P),52,Functional,154000,INSERVICE,UNREGISTERED,PLANNED
MRU2023001275,2023/2024,3,1,BED(P),1,Tuition,280000,INSERVICE,UNREGISTERED,PLANNED
MRU2023001275,2023/2024,3,1,BED(P),52,Functional,154000,INSERVICE,UNREGISTERED,PLANNED
MRU2023001277,2023/2024,1,1,BED(P),1,Tuition,280000,INSERVICE,UNREGISTERED,PLANNED
MRU2023001277,2023/2024,1,1,BED(P),52,Functional,184000,INSERVICE,UNREGISTERED,PLANNED
MRU2023001277,2023/2024,2,1,BED(P),1,Tuition,280000,INSERVICE,UNREGISTERED,PLANNED
MRU2023001277,2023/2024,2,1,BED(P),52,Functional,154000,INSERVICE,UNREGISTERED,PLANNED
MRU2023001284,2023/2024,2,1,BED(P),1,Tuition,280000,INSERVICE,REGISTERED,PLANNED
MRU2023001284,2023/2024,2,1,BED(P),52,Functional,154000,INSERVICE,REGISTERED,PLANNED
MRU2023001284,2023/2024,3,1,BED(P),1,Tuition,280000,INSERVICE,REGISTERED,PLANNED
MRU2023001284,2023/2024,3,1,BED(P),52,Functional,154000,INSERVICE,REGISTERED,PLANNED
MRU2023001287,2023/2024,1,1,BBA,1,Tuition,630000,DAY,UNREGISTERED,PLANNED
MRU2023001287,2023/2024,1,1,BBA,52,Functional,767000,DAY,UNREGISTERED,PLANNED
MRU2023001288,2024/2025,1,2,DPE,1,Tuition,230000,INSERVICE,REGISTERED,PLANNED
MRU2023001288,2024/2025,1,2,DPE,52,Functional,154000,INSERVICE,REGISTERED,PLANNED
MRU2023001289,2024/2025,1,2,DPE,1,Tuition,230000,INSERVICE,REGISTERED,PLANNED
MRU2023001289,2024/2025,1,2,DPE,52,Functional,154000,INSERVICE,REGISTERED,PLANNED
MRU2023001289,2024/2025,2,2,DPE,1,Tuition,230000,INSERVICE,REGISTERED,PLANNED
MRU2023001289,2024/2025,2,2,DPE,52,Functional,154000,INSERVICE,REGISTERED,PLANNED
MRU2023001294,2023/2024,1,1,BED(P),1,Tuition,280000,INSERVICE,UNREGISTERED,PLANNED
MRU2023001294,2023/2024,1,1,BED(P),52,Functional,184000,INSERVICE,UNREGISTERED,PLANNED
MRU2023001294,2023/2024,2,1,BED(P),1,Tuition,280000,INSERVICE,UNREGISTERED,PLANNED
MRU2023001294,2023/2024,2,1,BED(P),52,Functional,154000,INSERVICE,UNREGISTERED,PLANNED
MRU2023001294,2023/2024,3,1,BED(P),1,Tuition,280000,INSERVICE,UNREGISTERED,PLANNED
MRU2023001294,2023/2024,3,1,BED(P),52,Functional,154000,INSERVICE,UNREGISTERED,PLANNED
MRU2023001295,2023/2024,1,1,BED(P),1,Tuition,280000,INSERVICE,UNREGISTERED,PLANNED
MRU2023001295,2023/2024,1,1,BED(P),52,Functional,184000,INSERVICE,UNREGISTERED,PLANNED
MRU2023001295,2023/2024,2,1,BED(P),1,Tuition,280000,INSERVICE,UNREGISTERED,PLANNED
MRU2023001295,2023/2024,2,1,BED(P),52,Functional,154000,INSERVICE,UNREGISTERED,PLANNED
MRU2023001295,2023/2024,3,1,BED(P),1,Tuition,280000,INSERVICE,UNREGISTERED,PLANNED
MRU2023001295,2023/2024,3,1,BED(P),52,Functional,154000,INSERVICE,UNREGISTERED,PLANNED
MRU2023001296,2023/2024,2,1,DPE,1,Tuition,230000,INSERVICE,UNREGISTERED,PLANNED
MRU2023001296,2023/2024,2,1,DPE,52,Functional,154000,INSERVICE,UNREGISTERED,PLANNED
MRU2023001296,2023/2024,3,1,DPE,1,Tuition,230000,INSERVICE,UNREGISTERED,PLANNED
MRU2023001296,2023/2024,3,1,DPE,52,Functional,264000,INSERVICE,UNREGISTERED,PLANNED
MRU2023001296,2024/2025,1,2,DPE,1,Tuition,230000,INSERVICE,REGISTERED,PLANNED
MRU2023001296,2024/2025,1,2,DPE,52,Functional,154000,INSERVICE,REGISTERED,PLANNED
MRU2023001296,2024/2025,2,2,DPE,1,Tuition,230000,INSERVICE,REGISTERED,PLANNED
MRU2023001296,2024/2025,2,2,DPE,52,Functional,154000,INSERVICE,REGISTERED,PLANNED
MRU2023001298,2023/2024,1,1,BED(P),1,Tuition,280000,INSERVICE,UNREGISTERED,PLANNED
MRU2023001298,2023/2024,1,1,BED(P),52,Functional,184000,INSERVICE,UNREGISTERED,PLANNED
MRU2023001298,2023/2024,2,1,BED(P),1,Tuition,280000,INSERVICE,UNREGISTERED,PLANNED
MRU2023001298,2023/2024,2,1,BED(P),52,Functional,154000,INSERVICE,UNREGISTERED,PLANNED
MRU2023001300,2023/2024,2,1,DPE,1,Tuition,230000,INSERVICE,UNREGISTERED,PLANNED
MRU2023001300,2023/2024,2,1,DPE,52,Functional,154000,INSERVICE,UNREGISTERED,PLANNED
MRU2023001303,2023/2024,1,1,BED(P),1,Tuition,280000,INSERVICE,UNREGISTERED,PLANNED
MRU2023001303,2023/2024,1,1,BED(P),52,Functional,184000,INSERVICE,UNREGISTERED,PLANNED
MRU2023001303,2023/2024,2,1,BED(P),1,Tuition,280000,INSERVICE,UNREGISTERED,PLANNED
MRU2023001303,2023/2024,2,1,BED(P),52,Functional,154000,INSERVICE,UNREGISTERED,PLANNED
MRU2023001303,2023/2024,3,1,BED(P),1,Tuition,280000,INSERVICE,UNREGISTERED,PLANNED
MRU2023001303,2023/2024,3,1,BED(P),52,Functional,154000,INSERVICE,UNREGISTERED,PLANNED
MRU2023001304,2023/2024,2,1,BED(P),1,Tuition,280000,INSERVICE,UNREGISTERED,PLANNED
MRU2023001304,2023/2024,2,1,BED(P),52,Functional,154000,INSERVICE,UNREGISTERED,PLANNED
MRU2023001305,2022/2023,1,1,BED(P),1,Tuition,280000,INSERVICE,UNREGISTERED,PLANNED
MRU2023001305,2022/2023,1,1,BED(P),52,Functional,184000,INSERVICE,UNREGISTERED,PLANNED
MRU2023001305,2022/2023,2,1,BED(P),1,Tuition,280000,INSERVICE,UNREGISTERED,PLANNED
MRU2023001305,2022/2023,2,1,BED(P),52,Functional,154000,INSERVICE,UNREGISTERED,PLANNED
MRU2023001305,2022/2023,3,1,BED(P),1,Tuition,280000,INSERVICE,UNREGISTERED,PLANNED
MRU2023001305,2022/2023,3,1,BED(P),52,Functional,154000,INSERVICE,UNREGISTERED,PLANNED
MRU2023001305,2023/2024,2,2,BED(P),1,Tuition,280000,INSERVICE,REGISTERED,PLANNED
MRU2023001305,2023/2024,2,2,BED(P),52,Functional,154000,INSERVICE,REGISTERED,PLANNED
MRU2023001305,2023/2024,3,2,BED(P),1,Tuition,280000,INSERVICE,REGISTERED,PLANNED
MRU2023001305,2023/2024,3,2,BED(P),52,Functional,154000,INSERVICE,REGISTERED,PLANNED
MRU2023001306,2023/2024,2,1,BED(P),1,Tuition,280000,INSERVICE,UNREGISTERED,PLANNED
MRU2023001306,2023/2024,2,1,BED(P),52,Functional,154000,INSERVICE,UNREGISTERED,PLANNED
MRU2023001306,2023/2024,3,1,BED(P),1,Tuition,280000,INSERVICE,UNREGISTERED,PLANNED
MRU2023001306,2023/2024,3,1,BED(P),52,Functional,154000,INSERVICE,UNREGISTERED,PLANNED
MRU2023001307,2023/2024,2,1,DPE,1,Tuition,230000,INSERVICE,UNREGISTERED,PLANNED
MRU2023001307,2023/2024,2,1,DPE,52,Functional,154000,INSERVICE,UNREGISTERED,PLANNED
MRU2023001307,2023/2024,3,1,DPE,1,Tuition,230000,INSERVICE,UNREGISTERED,PLANNED
MRU2023001307,2023/2024,3,1,DPE,52,Functional,264000,INSERVICE,UNREGISTERED,PLANNED
MRU2023001308,2023/2024,2,1,BED(S),1,Tuition,280000,INSERVICE,UNREGISTERED,PLANNED
MRU2023001308,2023/2024,2,1,BED(S),52,Functional,154000,INSERVICE,UNREGISTERED,PLANNED
MRU2023001308,2023/2024,3,1,BED(S),1,Tuition,280000,INSERVICE,UNREGISTERED,PLANNED
MRU2023001308,2023/2024,3,1,BED(S),52,Functional,154000,INSERVICE,UNREGISTERED,PLANNED
MRU2023001309,2023/2024,2,1,BED(P),1,Tuition,280000,INSERVICE,UNREGISTERED,PLANNED
MRU2023001309,2023/2024,2,1,BED(P),52,Functional,154000,INSERVICE,UNREGISTERED,PLANNED
MRU2023001309,2023/2024,3,1,BED(P),1,Tuition,280000,INSERVICE,UNREGISTERED,PLANNED
MRU2023001309,2023/2024,3,1,BED(P),52,Functional,154000,INSERVICE,UNREGISTERED,PLANNED
MRU2023001311,2024/2025,1,2,DPE,1,Tuition,230000,INSERVICE,REGISTERED,PLANNED
MRU2023001311,2024/2025,1,2,DPE,52,Functional,154000,INSERVICE,REGISTERED,PLANNED
MRU2023001325,2023/2024,1,1,BED(P),1,Tuition,280000,INSERVICE,UNREGISTERED,PLANNED
MRU2023001325,2023/2024,1,1,BED(P),52,Functional,184000,INSERVICE,UNREGISTERED,PLANNED
MRU2023001325,2023/2024,2,1,BED(P),1,Tuition,280000,INSERVICE,UNREGISTERED,PLANNED
MRU2023001325,2023/2024,2,1,BED(P),52,Functional,154000,INSERVICE,UNREGISTERED,PLANNED
MRU2023001325,2023/2024,3,1,BED(P),1,Tuition,280000,INSERVICE,UNREGISTERED,PLANNED
MRU2023001325,2023/2024,3,1,BED(P),52,Functional,154000,INSERVICE,UNREGISTERED,PLANNED
MRU2023001326,2023/2024,2,1,DPE,1,Tuition,230000,INSERVICE,UNREGISTERED,PLANNED
MRU2023001326,2023/2024,2,1,DPE,52,Functional,154000,INSERVICE,UNREGISTERED,PLANNED
MRU2023001328,2023/2024,2,1,DPE,1,Tuition,230000,INSERVICE,UNREGISTERED,PLANNED
MRU2023001328,2023/2024,2,1,DPE,52,Functional,154000,INSERVICE,UNREGISTERED,PLANNED
MRU2023001332,2023/2024,1,1,BED(P),1,Tuition,280000,INSERVICE,UNREGISTERED,PLANNED
MRU2023001332,2023/2024,1,1,BED(P),52,Functional,184000,INSERVICE,UNREGISTERED,PLANNED
MRU2023001332,2023/2024,2,1,BED(P),1,Tuition,280000,INSERVICE,UNREGISTERED,PLANNED
MRU2023001332,2023/2024,2,1,BED(P),52,Functional,154000,INSERVICE,UNREGISTERED,PLANNED
MRU2023001332,2023/2024,3,1,BED(P),1,Tuition,280000,INSERVICE,UNREGISTERED,PLANNED
MRU2023001332,2023/2024,3,1,BED(P),52,Functional,154000,INSERVICE,UNREGISTERED,PLANNED
MRU2023001333,2023/2024,1,1,BEICT,1,Tuition,680000,DAY,UNREGISTERED,PLANNED
MRU2023001333,2023/2024,1,1,BEICT,52,Functional,767000,DAY,UNREGISTERED,PLANNED
MRU2023001333,2023/2024,2,1,BEICT,1,Tuition,680000,DAY,UNREGISTERED,PLANNED
MRU2023001333,2023/2024,2,1,BEICT,52,Functional,677000,DAY,UNREGISTERED,PLANNED
MRU2023001334,2025/2026,1,3,BIT,1,Tuition,780000,WEEKEND,DEAD YEAR,PLANNED
MRU2023001334,2025/2026,1,3,BIT,52,Functional,763000,WEEKEND,DEAD YEAR,PLANNED
MRU2023001336,2023/2024,1,1,BED(P),1,Tuition,280000,INSERVICE,UNREGISTERED,PLANNED
MRU2023001336,2023/2024,1,1,BED(P),52,Functional,184000,INSERVICE,UNREGISTERED,PLANNED
MRU2023001336,2023/2024,2,1,BED(P),1,Tuition,280000,INSERVICE,UNREGISTERED,PLANNED
MRU2023001336,2023/2024,2,1,BED(P),52,Functional,154000,INSERVICE,UNREGISTERED,PLANNED
MRU2023001340,2023/2024,1,1,DPE,1,Tuition,230000,INSERVICE,UNREGISTERED,PLANNED
MRU2023001340,2023/2024,1,1,DPE,52,Functional,184000,INSERVICE,UNREGISTERED,PLANNED
MRU2023001340,2023/2024,2,1,DPE,1,Tuition,230000,INSERVICE,UNREGISTERED,PLANNED
MRU2023001340,2023/2024,2,1,DPE,52,Functional,154000,INSERVICE,UNREGISTERED,PLANNED
MRU2023001342,2023/2024,2,1,DPE,1,Tuition,230000,INSERVICE,REGISTERED,PLANNED
MRU2023001342,2023/2024,2,1,DPE,52,Functional,154000,INSERVICE,REGISTERED,PLANNED
MRU2023001343,2023/2024,1,1,BED(P),1,Tuition,280000,INSERVICE,UNREGISTERED,PLANNED
MRU2023001343,2023/2024,1,1,BED(P),52,Functional,184000,INSERVICE,UNREGISTERED,PLANNED
MRU2023001343,2023/2024,2,1,BED(P),1,Tuition,280000,INSERVICE,UNREGISTERED,PLANNED
MRU2023001343,2023/2024,2,1,BED(P),52,Functional,154000,INSERVICE,UNREGISTERED,PLANNED
MRU2023001344,2023/2024,2,1,DIT,1,Tuition,430000,DAY,UNREGISTERED,PLANNED
MRU2023001344,2023/2024,2,1,DIT,52,Functional,677000,DAY,UNREGISTERED,PLANNED
MRU2023001345,2023/2024,1,1,DPE,1,Tuition,230000,INSERVICE,REGISTERED,PLANNED
MRU2023001345,2023/2024,1,1,DPE,52,Functional,184000,INSERVICE,REGISTERED,PLANNED
MRU2023001345,2023/2024,2,1,DPE,1,Tuition,230000,INSERVICE,REGISTERED,PLANNED
MRU2023001345,2023/2024,2,1,DPE,52,Functional,154000,INSERVICE,REGISTERED,PLANNED
MRU2023001345,2023/2024,3,1,DPE,1,Tuition,230000,INSERVICE,REGISTERED,PLANNED
MRU2023001345,2023/2024,3,1,DPE,52,Functional,264000,INSERVICE,REGISTERED,PLANNED
MRU2023001345,2024/2025,1,2,DPE,1,Tuition,230000,INSERVICE,REGISTERED,PLANNED
MRU2023001345,2024/2025,1,2,DPE,52,Functional,154000,INSERVICE,REGISTERED,PLANNED
MRU2023001346,2023/2024,1,1,BSAF,1,Tuition,630000,WEEKEND,UNREGISTERED,PLANNED
MRU2023001346,2023/2024,1,1,BSAF,52,Functional,767000,WEEKEND,UNREGISTERED,PLANNED
MRU2023001346,2024/2025,1,2,BSAF,1,Tuition,630000,WEEKEND,UNREGISTERED,PLANNED
MRU2023001346,2024/2025,1,2,BSAF,52,Functional,687000,WEEKEND,UNREGISTERED,PLANNED
MRU2023001347,2023/2024,1,1,DPE,1,Tuition,230000,INSERVICE,REGISTERED,PLANNED
MRU2023001347,2023/2024,1,1,DPE,52,Functional,184000,INSERVICE,REGISTERED,PLANNED
MRU2023001347,2023/2024,2,1,DPE,1,Tuition,230000,INSERVICE,UNREGISTERED,PLANNED
MRU2023001347,2023/2024,2,1,DPE,52,Functional,154000,INSERVICE,UNREGISTERED,PLANNED
MRU2023001347,2023/2024,3,1,DPE,1,Tuition,230000,INSERVICE,UNREGISTERED,PLANNED
MRU2023001347,2023/2024,3,1,DPE,52,Functional,264000,INSERVICE,UNREGISTERED,PLANNED
MRU2023001348,2023/2024,1,1,DPE,1,Tuition,230000,INSERVICE,CLEARED,PLANNED
MRU2023001348,2023/2024,1,1,DPE,52,Functional,184000,INSERVICE,CLEARED,PLANNED
MRU2023001348,2023/2024,2,1,DPE,1,Tuition,230000,INSERVICE,UNREGISTERED,PLANNED
MRU2023001348,2023/2024,2,1,DPE,52,Functional,154000,INSERVICE,UNREGISTERED,PLANNED
MRU2023001348,2023/2024,3,1,DPE,1,Tuition,230000,INSERVICE,UNREGISTERED,PLANNED
MRU2023001348,2023/2024,3,1,DPE,52,Functional,264000,INSERVICE,UNREGISTERED,PLANNED
MRU2023001349,2023/2024,1,1,DPE,1,Tuition,230000,INSERVICE,REGISTERED,PLANNED
MRU2023001349,2023/2024,1,1,DPE,52,Functional,184000,INSERVICE,REGISTERED,PLANNED
MRU2023001349,2023/2024,2,1,DPE,1,Tuition,230000,INSERVICE,UNREGISTERED,PLANNED
MRU2023001349,2023/2024,2,1,DPE,52,Functional,154000,INSERVICE,UNREGISTERED,PLANNED
MRU2023001350,2023/2024,1,1,DPE,1,Tuition,230000,INSERVICE,REGISTERED,PLANNED
MRU2023001350,2023/2024,1,1,DPE,52,Functional,184000,INSERVICE,REGISTERED,PLANNED
MRU2023001358,2023/2024,2,1,DPE,1,Tuition,230000,INSERVICE,UNREGISTERED,PLANNED
MRU2023001358,2023/2024,2,1,DPE,52,Functional,154000,INSERVICE,UNREGISTERED,PLANNED
MRU2023001358,2023/2024,3,1,DPE,1,Tuition,230000,INSERVICE,UNREGISTERED,PLANNED
MRU2023001358,2023/2024,3,1,DPE,52,Functional,264000,INSERVICE,UNREGISTERED,PLANNED
MRU2023001359,2023/2024,1,1,DPE,1,Tuition,230000,INSERVICE,REGISTERED,PLANNED
MRU2023001359,2023/2024,1,1,DPE,52,Functional,184000,INSERVICE,REGISTERED,PLANNED
MRU2023001359,2024/2025,2,2,DPE,1,Tuition,230000,INSERVICE,REGISTERED,PLANNED
MRU2023001359,2024/2025,2,2,DPE,52,Functional,154000,INSERVICE,REGISTERED,PLANNED
MRU2023001361,2023/2024,1,1,BED(P),1,Tuition,280000,INSERVICE,UNREGISTERED,PLANNED
MRU2023001361,2023/2024,1,1,BED(P),52,Functional,184000,INSERVICE,UNREGISTERED,PLANNED
MRU2023001362,2023/2024,2,1,BED(P),1,Tuition,280000,INSERVICE,UNREGISTERED,PLANNED
MRU2023001362,2023/2024,2,1,BED(P),52,Functional,154000,INSERVICE,UNREGISTERED,PLANNED
MRU2023001362,2023/2024,3,1,BED(P),1,Tuition,280000,INSERVICE,UNREGISTERED,PLANNED
MRU2023001362,2023/2024,3,1,BED(P),52,Functional,154000,INSERVICE,UNREGISTERED,PLANNED
MRU2023001365,2023/2024,1,1,BEICT,1,Tuition,680000,DAY,UNREGISTERED,PLANNED
MRU2023001365,2023/2024,1,1,BEICT,52,Functional,767000,DAY,UNREGISTERED,PLANNED
MRU2023001365,2023/2024,2,1,BEICT,1,Tuition,680000,DAY,REGISTERED,PLANNED
MRU2023001365,2023/2024,2,1,BEICT,52,Functional,677000,DAY,REGISTERED,PLANNED
MRU2023001367,2023/2024,1,1,BEICT,1,Tuition,680000,DAY,UNREGISTERED,PLANNED
MRU2023001367,2023/2024,1,1,BEICT,52,Functional,767000,DAY,UNREGISTERED,PLANNED
MRU2023001368,2023/2024,1,1,BED(P),1,Tuition,280000,INSERVICE,UNREGISTERED,PLANNED
MRU2023001368,2023/2024,1,1,BED(P),52,Functional,184000,INSERVICE,UNREGISTERED,PLANNED
MRU2023001368,2023/2024,2,1,BED(P),1,Tuition,280000,INSERVICE,UNREGISTERED,PLANNED
MRU2023001368,2023/2024,2,1,BED(P),52,Functional,154000,INSERVICE,UNREGISTERED,PLANNED
MRU2023001368,2023/2024,3,1,BED(P),1,Tuition,280000,INSERVICE,UNREGISTERED,PLANNED
MRU2023001368,2023/2024,3,1,BED(P),52,Functional,154000,INSERVICE,UNREGISTERED,PLANNED
MRU2023001370,2024/2025,2,2,DAF,1,Tuition,430000,WEEKEND,UNREGISTERED,PLANNED
MRU2023001370,2024/2025,2,2,DAF,52,Functional,733000,WEEKEND,UNREGISTERED,PLANNED
MRU2023001374,2023/2024,2,1,BAED,1,Tuition,630000,DAY,UNREGISTERED,PLANNED
MRU2023001374,2023/2024,2,1,BAED,52,Functional,677000,DAY,UNREGISTERED,PLANNED
MRU2023001375,2023/2024,1,1,DPE,1,Tuition,230000,INSERVICE,REGISTERED,PLANNED
MRU2023001375,2023/2024,1,1,DPE,52,Functional,184000,INSERVICE,REGISTERED,PLANNED
MRU2023001376,2023/2024,2,1,BED(P),1,Tuition,280000,INSERVICE,UNREGISTERED,PLANNED
MRU2023001376,2023/2024,2,1,BED(P),52,Functional,154000,INSERVICE,UNREGISTERED,PLANNED
MRU2023001377,2023/2024,1,1,BED(P),1,Tuition,280000,INSERVICE,UNREGISTERED,PLANNED
MRU2023001377,2023/2024,1,1,BED(P),52,Functional,184000,INSERVICE,UNREGISTERED,PLANNED
MRU2023001377,2023/2024,2,1,BED(P),1,Tuition,280000,INSERVICE,UNREGISTERED,PLANNED
MRU2023001377,2023/2024,2,1,BED(P),52,Functional,154000,INSERVICE,UNREGISTERED,PLANNED
MRU2023001382,2023/2024,1,1,BED(P),1,Tuition,280000,INSERVICE,UNREGISTERED,PLANNED
MRU2023001382,2023/2024,1,1,BED(P),52,Functional,184000,INSERVICE,UNREGISTERED,PLANNED
MRU2023001384,2023/2024,2,1,BAED,1,Tuition,630000,DAY,REGISTERED,PLANNED
MRU2023001384,2023/2024,2,1,BAED,52,Functional,677000,DAY,REGISTERED,PLANNED
MRU2023001385,2023/2024,1,1,BVS,1,Tuition,730000,DAY,UNREGISTERED,PLANNED
MRU2023001385,2023/2024,1,1,BVS,52,Functional,985250,DAY,UNREGISTERED,PLANNED
MRU2023001385,2024/2025,2,2,BVS,1,Tuition,730000,DAY,REGISTERED,PLANNED
MRU2023001385,2024/2025,2,2,BVS,52,Functional,1071250,DAY,REGISTERED,PLANNED
MRU2023001388,2024/2025,2,2,BSAF,1,Tuition,630000,WEEKEND,CLEARED,PLANNED
MRU2023001388,2024/2025,2,2,BSAF,52,Functional,653000,WEEKEND,CLEARED,PLANNED
MRU2023001390,2024/2025,2,3,BCE,1,Tuition,1455000,DAY,UNREGISTERED,PLANNED
MRU2023001390,2024/2025,2,3,BCE,52,Functional,1488000,DAY,UNREGISTERED,PLANNED
MRU2023001394,2023/2024,2,1,BTHM,1,Tuition,780000,DAY,UNREGISTERED,PLANNED
MRU2023001394,2023/2024,2,1,BTHM,52,Functional,943700,DAY,UNREGISTERED,PLANNED
MRU2023001395,2023/2024,2,1,BECD,1,Tuition,630000,DAY,UNREGISTERED,PLANNED
MRU2023001395,2023/2024,2,1,BECD,52,Functional,677000,DAY,UNREGISTERED,PLANNED
MRU2023001398,2023/2024,2,1,BEICT,1,Tuition,680000,DAY,UNREGISTERED,PLANNED
MRU2023001398,2023/2024,2,1,BEICT,52,Functional,677000,DAY,UNREGISTERED,PLANNED
MRU2023001401,2024/2025,2,2,SWSA,1,Tuition,630000,DAY,UNREGISTERED,PLANNED
MRU2023001401,2024/2025,2,2,SWSA,52,Functional,853000,DAY,UNREGISTERED,PLANNED
MRU2023001402,2023/2024,2,1,BSAF,1,Tuition,630000,DAY,UNREGISTERED,PLANNED
MRU2023001402,2023/2024,2,1,BSAF,52,Functional,677000,DAY,UNREGISTERED,PLANNED
MRU2023001403,2023/2024,1,2,BSAF,52,Functional,687000,WEEKEND,UNREGISTERED,PLANNED
MRU2023001404,2023/2024,2,1,BEICT,1,Tuition,680000,DAY,REGISTERED,PLANNED
MRU2023001404,2023/2024,2,1,BEICT,52,Functional,677000,DAY,REGISTERED,PLANNED
MRU2023001406,2023/2024,2,1,BBA,1,Tuition,630000,WEEKEND,UNREGISTERED,PLANNED
MRU2023001406,2023/2024,2,1,BBA,52,Functional,677000,WEEKEND,UNREGISTERED,PLANNED
MRU2023001411,2023/2024,2,1,BSAF,1,Tuition,630000,DAY,UNREGISTERED,PLANNED
MRU2023001411,2023/2024,2,1,BSAF,52,Functional,677000,DAY,UNREGISTERED,PLANNED
MRU2023001421,2023/2024,1,1,BEICT,1,Tuition,680000,DAY,UNREGISTERED,PLANNED
MRU2023001421,2023/2024,1,1,BEICT,52,Functional,767000,DAY,UNREGISTERED,PLANNED
MRU2023001421,2023/2024,2,1,BEICT,1,Tuition,680000,DAY,UNREGISTERED,PLANNED
MRU2023001421,2023/2024,2,1,BEICT,52,Functional,677000,DAY,UNREGISTERED,PLANNED
MRU2023001422,2023/2024,1,2,BIFA,1,Tuition,730000,DAY,UNREGISTERED,PLANNED
MRU2023001422,2023/2024,1,2,BIFA,52,Functional,905250,DAY,UNREGISTERED,PLANNED
MRU2023001428,2023/2024,2,1,BMC,1,Tuition,780000,DAY,UNREGISTERED,PLANNED
MRU2023001428,2023/2024,2,1,BMC,52,Functional,797000,DAY,UNREGISTERED,PLANNED
MRU2023001432,2023/2024,2,2,BCE,1,Tuition,1455000,WEEKEND,UNREGISTERED,PLANNED
MRU2023001432,2023/2024,2,2,BCE,52,Functional,1488000,WEEKEND,UNREGISTERED,PLANNED
MRU2023001435,2023/2024,2,1,BBA,1,Tuition,630000,WEEKEND,UNREGISTERED,PLANNED
MRU2023001435,2023/2024,2,1,BBA,52,Functional,677000,WEEKEND,UNREGISTERED,PLANNED
MRU2023001438,2023/2024,1,1,BVS,1,Tuition,730000,DAY,UNREGISTERED,PLANNED
MRU2023001438,2023/2024,1,1,BVS,52,Functional,985250,DAY,UNREGISTERED,PLANNED
MRU2023001438,2023/2024,2,1,BVS,1,Tuition,730000,DAY,UNREGISTERED,PLANNED
MRU2023001438,2023/2024,2,1,BVS,52,Functional,895250,DAY,UNREGISTERED,PLANNED
MRU2023001441,2023/2024,2,1,BEICT,1,Tuition,680000,DAY,UNREGISTERED,PLANNED
MRU2023001441,2023/2024,2,1,BEICT,52,Functional,677000,DAY,UNREGISTERED,PLANNED
MRU2023001442,2024/2025,2,2,DIT,1,Tuition,430000,DAY,UNREGISTERED,PLANNED
MRU2023001442,2024/2025,2,2,DIT,52,Functional,933000,DAY,UNREGISTERED,PLANNED
MRU2023001444,2023/2024,1,1,DAF,1,Tuition,430000,DAY,REGISTERED,PLANNED
MRU2023001444,2023/2024,1,1,DAF,52,Functional,767000,DAY,REGISTERED,PLANNED
MRU2023001444,2024/2025,2,2,DAF,1,Tuition,430000,DAY,UNREGISTERED,PLANNED
MRU2023001444,2024/2025,2,2,DAF,52,Functional,733000,DAY,UNREGISTERED,PLANNED
MRU2023001446,2023/2024,1,1,DEE,1,Tuition,530000,DAY,UNREGISTERED,PLANNED
MRU2023001446,2023/2024,1,1,DEE,52,Functional,1058500,DAY,UNREGISTERED,PLANNED
MRU2023001448,2023/2024,1,1,BAED,1,Tuition,630000,DAY,UNREGISTERED,PLANNED
MRU2023001448,2023/2024,1,1,BAED,52,Functional,767000,DAY,UNREGISTERED,PLANNED
MRU2023001448,2023/2024,2,1,BAED,1,Tuition,630000,DAY,REGISTERED,PLANNED
MRU2023001448,2023/2024,2,1,BAED,52,Functional,677000,DAY,REGISTERED,PLANNED
MRU2023001453,2023/2024,2,1,BSAF,1,Tuition,630000,WEEKEND,REGISTERED,PLANNED
MRU2023001453,2023/2024,2,1,BSAF,52,Functional,677000,WEEKEND,REGISTERED,PLANNED
MRU2023001455,2025/2026,2,3,BBA,1,Tuition,630000,WEEKEND,CLEARED,PLANNED
MRU2023001455,2025/2026,2,3,BBA,52,Functional,933000,WEEKEND,CLEARED,PLANNED
MRU2023001459,2023/2024,1,1,BBA,1,Tuition,630000,DAY,REGISTERED,PLANNED
MRU2023001459,2023/2024,1,1,BBA,52,Functional,767000,DAY,REGISTERED,PLANNED
MRU2023001463,2023/2024,2,1,DIT,1,Tuition,430000,DAY,UNREGISTERED,PLANNED
MRU2023001463,2023/2024,2,1,DIT,52,Functional,677000,DAY,UNREGISTERED,PLANNED
MRU2023001463,2024/2025,1,2,DIT,1,Tuition,430000,DAY,UNREGISTERED,PLANNED
MRU2023001463,2024/2025,1,2,DIT,52,Functional,837000,DAY,UNREGISTERED,PLANNED
MRU2023001464,2023/2024,1,3,BCE,52,Functional,1298000,WEEKEND,REGISTERED,PLANNED
MRU2023001465,2023/2024,2,1,SWSA,1,Tuition,630000,WEEKEND,UNREGISTERED,PLANNED
MRU2023001465,2023/2024,2,1,SWSA,52,Functional,877000,WEEKEND,UNREGISTERED,PLANNED
MRU2023001466,2023/2024,1,1,BSAF,1,Tuition,630000,DAY,UNREGISTERED,PLANNED
MRU2023001466,2023/2024,1,1,BSAF,52,Functional,767000,DAY,UNREGISTERED,PLANNED
MRU2023001466,2023/2024,2,1,BSAF,1,Tuition,630000,DAY,UNREGISTERED,PLANNED
MRU2023001466,2023/2024,2,1,BSAF,52,Functional,677000,DAY,UNREGISTERED,PLANNED
MRU2023001468,2023/2024,1,2,BEE,1,Tuition,1455000,WEEKEND,UNREGISTERED,PLANNED
MRU2023001468,2023/2024,1,2,BEE,52,Functional,1322000,WEEKEND,UNREGISTERED,PLANNED
MRU2023001483,2023/2024,2,1,DIT,1,Tuition,430000,WEEKEND,CLEARED,PLANNED
MRU2023001483,2023/2024,2,1,DIT,52,Functional,677000,WEEKEND,CLEARED,PLANNED
MRU2023001486,2023/2024,1,1,DPE,1,Tuition,230000,INSERVICE,REGISTERED,PLANNED
MRU2023001486,2023/2024,1,1,DPE,52,Functional,184000,INSERVICE,REGISTERED,PLANNED
MRU2024000005,2023/2024,2,1,BED(P),1,Tuition,280000,INSERVICE,REGISTERED,PLANNED
MRU2024000005,2023/2024,2,1,BED(P),52,Functional,154000,INSERVICE,REGISTERED,PLANNED
MRU2024000006,2023/2024,2,1,BED(P),1,Tuition,280000,INSERVICE,UNREGISTERED,PLANNED
MRU2024000006,2023/2024,2,1,BED(P),52,Functional,154000,INSERVICE,UNREGISTERED,PLANNED
MRU2024000007,2023/2024,2,1,BED(P),1,Tuition,280000,INSERVICE,REGISTERED,PLANNED
MRU2024000007,2023/2024,2,1,BED(P),52,Functional,154000,INSERVICE,REGISTERED,PLANNED
MRU2024000009,2023/2024,2,1,BED(P),1,Tuition,280000,INSERVICE,REGISTERED,PLANNED
MRU2024000009,2023/2024,2,1,BED(P),52,Functional,154000,INSERVICE,REGISTERED,PLANNED
MRU2024000012,2024/2025,3,1,DPE,1,Tuition,230000,INSERVICE,REGISTERED,PLANNED
MRU2024000012,2024/2025,3,1,DPE,52,Functional,264000,INSERVICE,REGISTERED,PLANNED
MRU2024000012,2025/2026,2,2,DPE,1,Tuition,230000,INSERVICE,REGISTERED,PLANNED
MRU2024000012,2025/2026,2,2,DPE,52,Functional,154000,INSERVICE,REGISTERED,PLANNED
MRU2024000013,2023/2024,2,1,DPE,1,Tuition,230000,INSERVICE,UNREGISTERED,PLANNED
MRU2024000013,2023/2024,2,1,DPE,52,Functional,154000,INSERVICE,UNREGISTERED,PLANNED
MRU2024000013,2024/2025,2,2,DPE,1,Tuition,230000,INSERVICE,UNREGISTERED,PLANNED
MRU2024000013,2024/2025,2,2,DPE,52,Functional,154000,INSERVICE,UNREGISTERED,PLANNED
MRU2024000013,2024/2025,3,2,DPE,1,Tuition,230000,INSERVICE,REGISTERED,PLANNED
MRU2024000013,2024/2025,3,2,DPE,52,Functional,344000,INSERVICE,REGISTERED,PLANNED
MRU2024000014,2023/2024,2,1,BED(P),1,Tuition,280000,INSERVICE,REGISTERED,PLANNED
MRU2024000014,2023/2024,2,1,BED(P),52,Functional,154000,INSERVICE,REGISTERED,PLANNED
MRU2024000015,2025/2026,2,2,DPE,1,Tuition,230000,INSERVICE,REGISTERED,PLANNED
MRU2024000015,2025/2026,2,2,DPE,52,Functional,154000,INSERVICE,REGISTERED,PLANNED
MRU2024000017,2024/2025,3,1,DPE,1,Tuition,230000,INSERVICE,REGISTERED,PLANNED
MRU2024000017,2024/2025,3,1,DPE,52,Functional,264000,INSERVICE,REGISTERED,PLANNED
MRU2024000017,2025/2026,2,2,DPE,1,Tuition,230000,INSERVICE,REGISTERED,PLANNED
MRU2024000017,2025/2026,2,2,DPE,52,Functional,154000,INSERVICE,REGISTERED,PLANNED
MRU2024000023,2023/2024,1,1,DPE,1,Tuition,230000,INSERVICE,REGISTERED,PLANNED
MRU2024000023,2023/2024,1,1,DPE,52,Functional,184000,INSERVICE,REGISTERED,PLANNED
MRU2024000023,2024/2025,3,2,DPE,1,Tuition,230000,INSERVICE,REGISTERED,PLANNED
MRU2024000023,2024/2025,3,2,DPE,52,Functional,344000,INSERVICE,REGISTERED,PLANNED
MRU2024000024,2023/2024,2,1,BED(S),1,Tuition,280000,INSERVICE,REGISTERED,PLANNED
MRU2024000024,2023/2024,2,1,BED(S),52,Functional,154000,INSERVICE,REGISTERED,PLANNED
MRU2024000029,2026/2027,1,3,BED(P),1,Tuition,280000,INSERVICE,UNREGISTERED,PLANNED
MRU2024000029,2026/2027,1,3,BED(P),52,Functional,154000,INSERVICE,UNREGISTERED,PLANNED
MRU2024000033,2024/2025,3,1,BED(P),1,Tuition,280000,INSERVICE,UNREGISTERED,PLANNED
MRU2024000033,2024/2025,3,1,BED(P),52,Functional,154000,INSERVICE,UNREGISTERED,PLANNED
MRU2024000048,2024/2025,1,2,BMC,1,Tuition,780000,DAY,CLEARED,PLANNED
MRU2024000048,2024/2025,1,2,BMC,52,Functional,807000,DAY,CLEARED,PLANNED
MRU2024000128,2024/2025,2,1,MBA,1,Tuition,1563500,WEEKEND,UNREGISTERED,PLANNED
MRU2024000128,2024/2025,2,1,MBA,52,Functional,834500,WEEKEND,UNREGISTERED,PLANNED
MRU2024000192,2023/2024,1,1,BMC,1,Tuition,780000,DAY,REGISTERED,PLANNED
MRU2024000192,2023/2024,1,1,BMC,52,Functional,887000,DAY,REGISTERED,PLANNED
MRU2024000200,2023/2024,2,2,BPLM,1,Tuition,630000,WEEKEND,UNREGISTERED,PLANNED
MRU2024000200,2023/2024,2,2,BPLM,52,Functional,653000,WEEKEND,UNREGISTERED,PLANNED
MRU2024000207,2024/2025,1,1,BSAF,1,Tuition,630000,WEEKEND,REGISTERED,PLANNED
MRU2024000207,2024/2025,1,1,BSAF,52,Functional,767000,WEEKEND,REGISTERED,PLANNED
MRU2024000207,2025/2026,1,2,BSAF,1,Tuition,630000,WEEKEND,REGISTERED,PLANNED
MRU2024000207,2025/2026,1,2,BSAF,52,Functional,687000,WEEKEND,REGISTERED,PLANNED
MRU2024000232,2024/2025,2,1,BAED,1,Tuition,630000,DAY,UNREGISTERED,PLANNED
MRU2024000232,2024/2025,2,1,BAED,52,Functional,677000,DAY,UNREGISTERED,PLANNED
MRU2024000256,2024/2025,1,3,BEE,1,Tuition,1455000,WEEKEND,REGISTERED,PLANNED
MRU2024000256,2024/2025,1,3,BEE,52,Functional,1298000,WEEKEND,REGISTERED,PLANNED
MRU2024000257,2023/2024,1,2,BBA,1,Tuition,630000,WEEKEND,REGISTERED,PLANNED
MRU2024000257,2023/2024,1,2,BBA,52,Functional,687000,WEEKEND,REGISTERED,PLANNED
MRU2024000257,2023/2024,2,2,BBA,1,Tuition,630000,WEEKEND,REGISTERED,PLANNED
MRU2024000291,2026/2027,1,3,BED(P),1,Tuition,280000,INSERVICE,REGISTERED,PLANNED
MRU2024000291,2026/2027,1,3,BED(P),52,Functional,154000,INSERVICE,REGISTERED,PLANNED
MRU2024000291,2026/2027,3,3,BED(P),1,Tuition,280000,INSERVICE,CLEARED,PLANNED
MRU2024000291,2026/2027,3,3,BED(P),52,Functional,234000,INSERVICE,CLEARED,PLANNED
MRU2024000302,2024/2025,1,1,BED(P),1,Tuition,280000,INSERVICE,REGISTERED,PLANNED
MRU2024000302,2024/2025,1,1,BED(P),52,Functional,184000,INSERVICE,REGISTERED,PLANNED
MRU2024000302,2024/2025,3,1,BED(P),1,Tuition,280000,INSERVICE,REGISTERED,PLANNED
MRU2024000302,2024/2025,3,1,BED(P),52,Functional,154000,INSERVICE,REGISTERED,PLANNED
MRU2024000302,2026/2027,1,3,BED(P),1,Tuition,280000,INSERVICE,CLEARED,PLANNED
MRU2024000302,2026/2027,1,3,BED(P),52,Functional,154000,INSERVICE,CLEARED,PLANNED
MRU2024000315,2024/2025,1,1,SWSA,1,Tuition,630000,WEEKEND,CLEARED,PLANNED
MRU2024000315,2024/2025,1,1,SWSA,52,Functional,767000,WEEKEND,CLEARED,PLANNED
MRU2024000325,2024/2025,3,1,BED(S),1,Tuition,280000,INSERVICE,UNREGISTERED,PLANNED
MRU2024000325,2024/2025,3,1,BED(S),52,Functional,154000,INSERVICE,UNREGISTERED,PLANNED
MRU2024000352,2026/2027,1,3,BED(P),1,Tuition,280000,INSERVICE,CLEARED,PLANNED
MRU2024000352,2026/2027,1,3,BED(P),52,Functional,154000,INSERVICE,CLEARED,PLANNED
MRU2024000356,2026/2027,1,3,BED(P),1,Tuition,280000,INSERVICE,REGISTERED,PLANNED
MRU2024000356,2026/2027,1,3,BED(P),52,Functional,154000,INSERVICE,REGISTERED,PLANNED
MRU2024000356,2026/2027,3,3,BED(P),1,Tuition,280000,INSERVICE,REGISTERED,PLANNED
MRU2024000356,2026/2027,3,3,BED(P),52,Functional,234000,INSERVICE,REGISTERED,PLANNED
MRU2024000357,2026/2027,1,3,BED(P),1,Tuition,280000,INSERVICE,REGISTERED,PLANNED
MRU2024000357,2026/2027,1,3,BED(P),52,Functional,154000,INSERVICE,REGISTERED,PLANNED
MRU2024000386,2023/2024,1,1,BSAF,1,Tuition,630000,WEEKEND,UNREGISTERED,PLANNED
MRU2024000386,2023/2024,1,1,BSAF,52,Functional,767000,WEEKEND,UNREGISTERED,PLANNED
MRU2024000388,2025/2026,1,2,DBA,1,Tuition,430000,DAY,CLEARED,PLANNED
MRU2024000388,2025/2026,1,2,DBA,52,Functional,687000,DAY,CLEARED,PLANNED
MRU2024000394,2026/2027,1,3,BED(P),1,Tuition,280000,INSERVICE,CLEARED,PLANNED
MRU2024000394,2026/2027,1,3,BED(P),52,Functional,154000,INSERVICE,CLEARED,PLANNED
MRU2024000403,2026/2027,1,3,BED(P),1,Tuition,280000,INSERVICE,REGISTERED,PLANNED
MRU2024000403,2026/2027,1,3,BED(P),52,Functional,154000,INSERVICE,REGISTERED,PLANNED
MRU2024000448,2023/2024,1,1,DBA,1,Tuition,430000,WEEKEND,UNREGISTERED,PLANNED
MRU2024000448,2023/2024,1,1,DBA,52,Functional,767000,WEEKEND,UNREGISTERED,PLANNED
MRU2024000454,2026/2027,1,3,BED(S),1,Tuition,280000,INSERVICE,UNREGISTERED,PLANNED
MRU2024000454,2026/2027,1,3,BED(S),52,Functional,154000,INSERVICE,UNREGISTERED,PLANNED
MRU2024000553,2023/2024,1,2,BSAF,1,Tuition,630000,WEEKEND,REGISTERED,PLANNED
MRU2024000553,2023/2024,1,2,BSAF,52,Functional,687000,WEEKEND,REGISTERED,PLANNED
MRU2024000553,2023/2024,2,2,BSAF,1,Tuition,630000,WEEKEND,REGISTERED,PLANNED
MRU2024000553,2023/2024,2,2,BSAF,52,Functional,653000,WEEKEND,REGISTERED,PLANNED
MRU2024000647,2025/2026,1,2,BEICT,1,Tuition,680000,DAY,CLEARED,PLANNED
MRU2024000647,2025/2026,1,2,BEICT,52,Functional,687000,DAY,CLEARED,PLANNED
MRU2024000659,2024/2025,2,1,DEE,1,Tuition,530000,WEEKEND,UNREGISTERED,PLANNED
MRU2024000659,2024/2025,2,1,DEE,52,Functional,1168500,WEEKEND,UNREGISTERED,PLANNED
MRU2024000714,2024/2025,3,1,MEMA,1,Tuition,528000,INSERVICE,UNREGISTERED,PLANNED
MRU2024000714,2024/2025,3,1,MEMA,52,Functional,289000,INSERVICE,UNREGISTERED,PLANNED
MRU2024000724,2025/2026,1,2,BSAF,1,Tuition,630000,DAY,CLEARED,PLANNED
MRU2024000724,2025/2026,1,2,BSAF,52,Functional,687000,DAY,CLEARED,PLANNED
MRU2024000766,2024/2025,2,1,BIFA,1,Tuition,730000,DAY,UNREGISTERED,PLANNED
MRU2024000766,2024/2025,2,1,BIFA,52,Functional,895250,DAY,UNREGISTERED,PLANNED
MRU2024000846,2024/2025,2,1,BIT,1,Tuition,780000,DAY,REGISTERED,PLANNED
MRU2024000846,2024/2025,2,1,BIT,52,Functional,677000,DAY,REGISTERED,PLANNED
MRU2024000858,2026/2027,1,3,BED(P),1,Tuition,280000,INSERVICE,UNREGISTERED,PLANNED
MRU2024000858,2026/2027,1,3,BED(P),52,Functional,154000,INSERVICE,UNREGISTERED,PLANNED
MRU2024000922,2024/2025,1,1,BAED,1,Tuition,630000,DAY,UNREGISTERED,PLANNED
MRU2024000922,2024/2025,1,1,BAED,52,Functional,767000,DAY,UNREGISTERED,PLANNED
MRU2024000970,2024/2025,1,1,MEMA,1,Tuition,1585000,INSERVICE,UNREGISTERED,PLANNED
MRU2024000970,2024/2025,1,1,MEMA,52,Functional,914500,INSERVICE,UNREGISTERED,PLANNED
MRU2024001021,2024/2025,1,1,BSAF,1,Tuition,630000,WEEKEND,UNREGISTERED,PLANNED
MRU2024001021,2024/2025,1,1,BSAF,52,Functional,767000,WEEKEND,UNREGISTERED,PLANNED
MRU2024001037,2024/2025,1,1,decd,1,Tuition,430000,INSERVICE,UNREGISTERED,PLANNED
MRU2024001037,2024/2025,1,1,decd,52,Functional,767000,INSERVICE,UNREGISTERED,PLANNED
MRU2024001102,2025/2026,1,2,SWSA,1,Tuition,630000,DAY,CLEARED,PLANNED
MRU2024001102,2025/2026,1,2,SWSA,52,Functional,687000,DAY,CLEARED,PLANNED
MRU2024001145,2024/2025,2,1,BSAF,1,Tuition,630000,DAY,DEAD YEAR,PLANNED
MRU2024001145,2024/2025,2,1,BSAF,52,Functional,677000,DAY,DEAD YEAR,PLANNED
MRU2024001196,2024/2025,2,1,MBA,1,Tuition,1563500,WEEKEND,UNREGISTERED,PLANNED
MRU2024001196,2024/2025,2,1,MBA,52,Functional,834500,WEEKEND,UNREGISTERED,PLANNED
MRU2024001198,2024/2025,2,1,DEE,1,Tuition,530000,DAY,UNREGISTERED,PLANNED
MRU2024001198,2024/2025,2,1,DEE,52,Functional,1168500,DAY,UNREGISTERED,PLANNED
MRU2024001244,2024/2025,2,1,BAED,1,Tuition,630000,DAY,UNREGISTERED,PLANNED
MRU2024001244,2024/2025,2,1,BAED,52,Functional,677000,DAY,UNREGISTERED,PLANNED
MRU2024001250,2024/2025,2,1,BAED,1,Tuition,630000,DAY,REGISTERED,PLANNED
MRU2024001250,2024/2025,2,1,BAED,52,Functional,677000,DAY,REGISTERED,PLANNED
MRU2024001266,2025/2026,1,2,BBE,1,Tuition,630000,INSERVICE,REGISTERED,PLANNED
MRU2024001266,2025/2026,1,2,BBE,52,Functional,687000,INSERVICE,REGISTERED,PLANNED
MRU2024001266,2026/2027,2,3,BBE,1,Tuition,630000,INSERVICE,REGISTERED,PLANNED
MRU2024001266,2026/2027,2,3,BBE,52,Functional,933000,INSERVICE,REGISTERED,PLANNED
MRU2024001281,2024/2025,1,1,BAED,1,Tuition,630000,DAY,UNREGISTERED,PLANNED
MRU2024001281,2024/2025,1,1,BAED,52,Functional,767000,DAY,UNREGISTERED,PLANNED
MRU2024001345,2024/2025,2,1,BHRM,1,Tuition,630000,DAY,UNREGISTERED,PLANNED
MRU2024001345,2024/2025,2,1,BHRM,52,Functional,677000,DAY,UNREGISTERED,PLANNED
MRU2024001420,2024/2025,2,1,BBA,1,Tuition,630000,DAY,UNREGISTERED,PLANNED
MRU2024001420,2024/2025,2,1,BBA,52,Functional,677000,DAY,UNREGISTERED,PLANNED
MRU2024001434,2024/2025,1,1,MHHS,1,Tuition,1563500,WEEKEND,UNREGISTERED,PLANNED
MRU2024001434,2024/2025,1,1,MHHS,52,Functional,914500,WEEKEND,UNREGISTERED,PLANNED
MRU2024001434,2024/2025,2,1,MHHS,1,Tuition,1563500,WEEKEND,UNREGISTERED,PLANNED
MRU2024001434,2024/2025,2,1,MHHS,52,Functional,834500,WEEKEND,UNREGISTERED,PLANNED
MRU2024001439,2024/2025,1,1,MEMA,1,Tuition,1585000,INSERVICE,UNREGISTERED,PLANNED
MRU2024001439,2024/2025,1,1,MEMA,52,Functional,914500,INSERVICE,UNREGISTERED,PLANNED
MRU2024001457,2026/2027,1,3,BED(P),1,Tuition,280000,INSERVICE,UNREGISTERED,PLANNED
MRU2024001457,2026/2027,1,3,BED(P),52,Functional,154000,INSERVICE,UNREGISTERED,PLANNED
MRU2024001468,2026/2027,1,3,BED(S),1,Tuition,280000,INSERVICE,UNREGISTERED,PLANNED
MRU2024001468,2026/2027,1,3,BED(S),52,Functional,154000,INSERVICE,UNREGISTERED,PLANNED
MRU2024001527,2024/2025,1,1,MEMA,1,Tuition,1585000,INSERVICE,UNREGISTERED,PLANNED
MRU2024001527,2024/2025,1,1,MEMA,52,Functional,914500,INSERVICE,UNREGISTERED,PLANNED
MRU2024001540,2025/2026,1,2,DPE,1,Tuition,230000,INSERVICE,CLEARED,PLANNED
MRU2024001540,2025/2026,1,2,DPE,52,Functional,154000,INSERVICE,CLEARED,PLANNED
MRU2024001554,2025/2026,1,2,DPE,1,Tuition,230000,INSERVICE,CLEARED,PLANNED
MRU2024001554,2025/2026,1,2,DPE,52,Functional,154000,INSERVICE,CLEARED,PLANNED
MRU2024001577,2026/2027,1,3,BED(S),1,Tuition,280000,INSERVICE,UNREGISTERED,PLANNED
MRU2024001577,2026/2027,1,3,BED(S),52,Functional,154000,INSERVICE,UNREGISTERED,PLANNED
MRU2024001595,2024/2025,1,1,DIT,1,Tuition,430000,DAY,UNREGISTERED,PLANNED
MRU2024001595,2024/2025,1,1,DIT,52,Functional,917000,DAY,UNREGISTERED,PLANNED
MRU2024001595,2024/2025,2,1,DIT,1,Tuition,430000,DAY,UNREGISTERED,PLANNED
MRU2024001595,2024/2025,2,1,DIT,52,Functional,677000,DAY,UNREGISTERED,PLANNED
MRU2024001608,2024/2025,2,1,DPE,1,Tuition,230000,INSERVICE,REGISTERED,PLANNED
MRU2024001608,2024/2025,2,1,DPE,52,Functional,154000,INSERVICE,REGISTERED,PLANNED
MRU2024001612,2026/2027,1,3,BED(P),1,Tuition,280000,INSERVICE,UNREGISTERED,PLANNED
MRU2024001612,2026/2027,1,3,BED(P),52,Functional,154000,INSERVICE,UNREGISTERED,PLANNED
MRU2024001612,2026/2027,3,3,BED(P),1,Tuition,280000,INSERVICE,REGISTERED,PLANNED
MRU2024001612,2026/2027,3,3,BED(P),52,Functional,234000,INSERVICE,REGISTERED,PLANNED
MRU2024001621,2026/2027,1,3,BED(P),1,Tuition,280000,INSERVICE,UNREGISTERED,PLANNED
MRU2024001621,2026/2027,1,3,BED(P),52,Functional,154000,INSERVICE,UNREGISTERED,PLANNED
MRU2024001627,2026/2027,1,3,BED(P),1,Tuition,280000,INSERVICE,UNREGISTERED,PLANNED
MRU2024001627,2026/2027,1,3,BED(P),52,Functional,154000,INSERVICE,UNREGISTERED,PLANNED
MRU2024001627,2026/2027,3,3,BED(P),1,Tuition,280000,INSERVICE,CLEARED,PLANNED
MRU2024001627,2026/2027,3,3,BED(P),52,Functional,234000,INSERVICE,CLEARED,PLANNED
MRU2024001629,2026/2027,1,3,BED(P),1,Tuition,280000,INSERVICE,UNREGISTERED,PLANNED
MRU2024001629,2026/2027,1,3,BED(P),52,Functional,154000,INSERVICE,UNREGISTERED,PLANNED
MRU2024001629,2026/2027,3,3,BED(P),1,Tuition,280000,INSERVICE,REGISTERED,PLANNED
MRU2024001629,2026/2027,3,3,BED(P),52,Functional,234000,INSERVICE,REGISTERED,PLANNED
MRU2024001637,2026/2027,1,3,BED(S),1,Tuition,280000,INSERVICE,UNREGISTERED,PLANNED
MRU2024001637,2026/2027,1,3,BED(S),52,Functional,154000,INSERVICE,UNREGISTERED,PLANNED
MRU2024001637,2026/2027,2,3,BED(S),1,Tuition,280000,INSERVICE,UNREGISTERED,PLANNED
MRU2024001637,2026/2027,2,3,BED(S),52,Functional,154000,INSERVICE,UNREGISTERED,PLANNED
MRU2024001641,2022/2023,1,1,BED(P),1,Tuition,280000,INSERVICE,UNREGISTERED,PLANNED
MRU2024001641,2022/2023,1,1,BED(P),52,Functional,184000,INSERVICE,UNREGISTERED,PLANNED
MRU2024001641,2022/2023,2,1,BED(P),1,Tuition,280000,INSERVICE,UNREGISTERED,PLANNED
MRU2024001641,2022/2023,2,1,BED(P),52,Functional,154000,INSERVICE,UNREGISTERED,PLANNED
MRU2024001641,2022/2023,3,1,BED(P),1,Tuition,280000,INSERVICE,UNREGISTERED,PLANNED
MRU2024001641,2022/2023,3,1,BED(P),52,Functional,154000,INSERVICE,UNREGISTERED,PLANNED
MRU2024001641,2023/2024,1,2,BED(P),1,Tuition,280000,INSERVICE,UNREGISTERED,PLANNED
MRU2024001641,2023/2024,1,2,BED(P),52,Functional,154000,INSERVICE,UNREGISTERED,PLANNED
MRU2024001641,2023/2024,2,2,BED(P),1,Tuition,280000,INSERVICE,REGISTERED,PLANNED
MRU2024001641,2023/2024,2,2,BED(P),52,Functional,154000,INSERVICE,REGISTERED,PLANNED
MRU2024001641,2023/2024,3,2,BED(P),1,Tuition,280000,INSERVICE,REGISTERED,PLANNED
MRU2024001641,2023/2024,3,2,BED(P),52,Functional,154000,INSERVICE,REGISTERED,PLANNED
MRU2024001641,2024/2025,1,3,BED(P),1,Tuition,280000,INSERVICE,REGISTERED,PLANNED
MRU2024001641,2024/2025,1,3,BED(P),52,Functional,154000,INSERVICE,REGISTERED,PLANNED
MRU2024001641,2024/2025,2,3,BED(P),1,Tuition,280000,INSERVICE,REGISTERED,PLANNED
MRU2024001641,2024/2025,2,3,BED(P),52,Functional,154000,INSERVICE,REGISTERED,PLANNED
MRU2024001641,2024/2025,3,3,BED(P),1,Tuition,280000,INSERVICE,REGISTERED,PLANNED
MRU2024001641,2024/2025,3,3,BED(P),52,Functional,234000,INSERVICE,REGISTERED,PLANNED
MRU2024001646,2025/2026,1,2,BED(P),1,Tuition,280000,INSERVICE,CLEARED,PLANNED
MRU2024001646,2025/2026,1,2,BED(P),52,Functional,154000,INSERVICE,CLEARED,PLANNED
MRU2024001646,2026/2027,1,3,BED(P),1,Tuition,280000,INSERVICE,UNREGISTERED,PLANNED
MRU2024001646,2026/2027,1,3,BED(P),52,Functional,154000,INSERVICE,UNREGISTERED,PLANNED
MRU2024001649,2026/2027,1,3,BED(P),1,Tuition,280000,INSERVICE,UNREGISTERED,PLANNED
MRU2024001649,2026/2027,1,3,BED(P),52,Functional,154000,INSERVICE,UNREGISTERED,PLANNED
MRU2024001651,2025/2026,1,2,BED(P),1,Tuition,280000,INSERVICE,CLEARED,PLANNED
MRU2024001651,2025/2026,1,2,BED(P),52,Functional,154000,INSERVICE,CLEARED,PLANNED
MRU2024001651,2026/2027,1,3,BED(P),1,Tuition,280000,INSERVICE,UNREGISTERED,PLANNED
MRU2024001651,2026/2027,1,3,BED(P),52,Functional,154000,INSERVICE,UNREGISTERED,PLANNED
MRU2024001662,2024/2025,3,1,BED(P),1,Tuition,280000,INSERVICE,UNREGISTERED,PLANNED
MRU2024001662,2024/2025,3,1,BED(P),52,Functional,154000,INSERVICE,UNREGISTERED,PLANNED
MRU2024001662,2026/2027,1,3,BED(P),1,Tuition,280000,INSERVICE,UNREGISTERED,PLANNED
MRU2024001662,2026/2027,1,3,BED(P),52,Functional,154000,INSERVICE,UNREGISTERED,PLANNED
MRU2024001665,2024/2025,2,2,BEE,1,Tuition,1455000,WEEKEND,UNREGISTERED,PLANNED
MRU2024001665,2024/2025,2,2,BEE,52,Functional,1488000,WEEKEND,UNREGISTERED,PLANNED
MRU2024001666,2024/2025,2,2,BEE,1,Tuition,1455000,WEEKEND,REGISTERED,PLANNED
MRU2024001666,2024/2025,2,2,BEE,52,Functional,1488000,WEEKEND,REGISTERED,PLANNED
MRU2024001686,2024/2025,1,1,BED(P),1,Tuition,280000,INSERVICE,REGISTERED,PLANNED
MRU2024001686,2024/2025,1,1,BED(P),52,Functional,184000,INSERVICE,REGISTERED,PLANNED
MRU2024001686,2024/2025,2,1,BED(P),1,Tuition,280000,INSERVICE,REGISTERED,PLANNED
MRU2024001686,2024/2025,2,1,BED(P),52,Functional,154000,INSERVICE,REGISTERED,PLANNED
MRU2024001686,2026/2027,1,3,BED(P),1,Tuition,280000,INSERVICE,UNREGISTERED,PLANNED
MRU2024001686,2026/2027,1,3,BED(P),52,Functional,154000,INSERVICE,UNREGISTERED,PLANNED
MRU2024001722,2024/2025,1,1,BED(P),1,Tuition,280000,INSERVICE,REGISTERED,PLANNED
MRU2024001722,2024/2025,1,1,BED(P),52,Functional,184000,INSERVICE,REGISTERED,PLANNED
MRU2024001727,2024/2025,2,1,MEMA,1,Tuition,1585000,WEEKEND,UNREGISTERED,PLANNED
MRU2024001727,2024/2025,2,1,MEMA,52,Functional,834500,WEEKEND,UNREGISTERED,PLANNED
MRU2024001732,2024/2025,1,2,BCE,1,Tuition,1455000,WEEKEND,UNREGISTERED,PLANNED
MRU2024001732,2024/2025,1,2,BCE,52,Functional,1322000,WEEKEND,UNREGISTERED,PLANNED
MRU2024001739,2024/2025,1,1,BSM,1,Tuition,630000,DAY,UNREGISTERED,PLANNED
MRU2024001739,2024/2025,1,1,BSM,52,Functional,767000,DAY,UNREGISTERED,PLANNED
MRU2024001747,2024/2025,1,3,BCE,1,Tuition,1455000,WEEKEND,UNREGISTERED,PLANNED
MRU2024001747,2024/2025,1,3,BCE,52,Functional,1298000,WEEKEND,UNREGISTERED,PLANNED
MRU2024001748,2024/2025,2,1,MEMA,1,Tuition,1585000,INSERVICE,UNREGISTERED,PLANNED
MRU2024001748,2024/2025,2,1,MEMA,52,Functional,834500,INSERVICE,UNREGISTERED,PLANNED
MRU2024001748,2024/2025,3,1,MEMA,1,Tuition,528000,INSERVICE,UNREGISTERED,PLANNED
MRU2024001748,2024/2025,3,1,MEMA,52,Functional,289000,INSERVICE,UNREGISTERED,PLANNED
MRU2024001748,2026/2027,2,1,MEMA,1,Tuition,1585000,INSERVICE,UNREGISTERED,PLANNED
MRU2024001748,2026/2027,2,1,MEMA,52,Functional,834500,INSERVICE,UNREGISTERED,PLANNED
MRU2024001750,2024/2025,1,1,BED(P),1,Tuition,280000,INSERVICE,REGISTERED,PLANNED
MRU2024001750,2024/2025,1,1,BED(P),52,Functional,184000,INSERVICE,REGISTERED,PLANNED
MRU2024001764,2024/2025,1,1,BEICT,1,Tuition,680000,DAY,UNREGISTERED,PLANNED
MRU2024001764,2024/2025,1,1,BEICT,52,Functional,767000,DAY,UNREGISTERED,PLANNED
MRU2024001782,2026/2027,1,3,BED(S),1,Tuition,280000,INSERVICE,UNREGISTERED,PLANNED
MRU2024001782,2026/2027,1,3,BED(S),52,Functional,154000,INSERVICE,UNREGISTERED,PLANNED
MRU2024001782,2026/2027,3,3,BED(S),1,Tuition,280000,INSERVICE,UNREGISTERED,PLANNED
MRU2024001782,2026/2027,3,3,BED(S),52,Functional,234000,INSERVICE,UNREGISTERED,PLANNED
MRU2024001791,2024/2025,1,1,BECD,1,Tuition,630000,DAY,UNREGISTERED,PLANNED
MRU2024001791,2024/2025,1,1,BECD,52,Functional,767000,DAY,UNREGISTERED,PLANNED
MRU2024001794,2024/2025,1,1,DPE,1,Tuition,230000,INSERVICE,UNREGISTERED,PLANNED
MRU2024001794,2024/2025,1,1,DPE,52,Functional,184000,INSERVICE,UNREGISTERED,PLANNED
MRU2024001795,2024/2025,2,1,MEMA,1,Tuition,1585000,INSERVICE,UNREGISTERED,PLANNED
MRU2024001795,2024/2025,2,1,MEMA,52,Functional,834500,INSERVICE,UNREGISTERED,PLANNED
MRU2024001795,2026/2027,2,1,MEMA,1,Tuition,1585000,INSERVICE,UNREGISTERED,PLANNED
MRU2024001795,2026/2027,2,1,MEMA,52,Functional,834500,INSERVICE,UNREGISTERED,PLANNED
MRU2024001799,2024/2025,1,1,DIT,1,Tuition,430000,DAY,UNREGISTERED,PLANNED
MRU2024001799,2024/2025,1,1,DIT,52,Functional,917000,DAY,UNREGISTERED,PLANNED
MRU2024001800,2024/2025,1,1,DIT,1,Tuition,430000,WEEKEND,UNREGISTERED,PLANNED
MRU2024001800,2024/2025,1,1,DIT,52,Functional,917000,WEEKEND,UNREGISTERED,PLANNED
MRU2024001802,2026/2027,1,3,BED(S),1,Tuition,280000,INSERVICE,UNREGISTERED,PLANNED
MRU2024001802,2026/2027,1,3,BED(S),52,Functional,154000,INSERVICE,UNREGISTERED,PLANNED
MRU2024001802,2026/2027,3,3,BED(S),1,Tuition,280000,INSERVICE,UNREGISTERED,PLANNED
MRU2024001802,2026/2027,3,3,BED(S),52,Functional,234000,INSERVICE,UNREGISTERED,PLANNED
MRU2024001806,2026/2027,1,3,BED(S),1,Tuition,280000,INSERVICE,UNREGISTERED,PLANNED
MRU2024001806,2026/2027,1,3,BED(S),52,Functional,154000,INSERVICE,UNREGISTERED,PLANNED
MRU2024001806,2026/2027,3,3,BED(S),1,Tuition,280000,INSERVICE,UNREGISTERED,PLANNED
MRU2024001806,2026/2027,3,3,BED(S),52,Functional,234000,INSERVICE,UNREGISTERED,PLANNED
MRU2024001827,2024/2025,1,1,BEICT,1,Tuition,680000,DAY,UNREGISTERED,PLANNED
MRU2024001827,2024/2025,1,1,BEICT,52,Functional,767000,DAY,UNREGISTERED,PLANNED
MRU2024001835,2024/2025,2,1,BED(P),1,Tuition,280000,INSERVICE,UNREGISTERED,PLANNED
MRU2024001835,2024/2025,2,1,BED(P),52,Functional,154000,INSERVICE,UNREGISTERED,PLANNED
MRU2024001839,2024/2025,1,1,BEICT,1,Tuition,680000,DAY,UNREGISTERED,PLANNED
MRU2024001839,2024/2025,1,1,BEICT,52,Functional,767000,DAY,UNREGISTERED,PLANNED
MRU2024001844,2024/2025,1,1,MEMA,1,Tuition,1585000,INSERVICE,UNREGISTERED,PLANNED
MRU2024001844,2024/2025,1,1,MEMA,52,Functional,914500,INSERVICE,UNREGISTERED,PLANNED
MRU2024001844,2024/2025,2,1,MEMA,1,Tuition,1585000,INSERVICE,UNREGISTERED,PLANNED
MRU2024001844,2024/2025,2,1,MEMA,52,Functional,834500,INSERVICE,UNREGISTERED,PLANNED
MRU2024001844,2024/2025,3,1,MEMA,1,Tuition,528000,INSERVICE,UNREGISTERED,PLANNED
MRU2024001844,2024/2025,3,1,MEMA,52,Functional,289000,INSERVICE,UNREGISTERED,PLANNED
MRU2024001844,2026/2027,2,1,MEMA,1,Tuition,1585000,INSERVICE,UNREGISTERED,PLANNED
MRU2024001844,2026/2027,2,1,MEMA,52,Functional,834500,INSERVICE,UNREGISTERED,PLANNED
MRU2024001858,2024/2025,1,1,BSAF,1,Tuition,630000,WEEKEND,UNREGISTERED,PLANNED
MRU2024001858,2024/2025,1,1,BSAF,52,Functional,767000,WEEKEND,UNREGISTERED,PLANNED
MRU2024001860,2024/2025,1,1,BAED,1,Tuition,630000,DAY,UNREGISTERED,PLANNED
MRU2024001860,2024/2025,1,1,BAED,52,Functional,767000,DAY,UNREGISTERED,PLANNED
MRU2024001864,2024/2025,1,1,BSAF,1,Tuition,630000,DAY,UNREGISTERED,PLANNED
MRU2024001864,2024/2025,1,1,BSAF,52,Functional,767000,DAY,UNREGISTERED,PLANNED
MRU2024001919,2024/2025,1,1,BED(P),1,Tuition,280000,INSERVICE,REGISTERED,PLANNED
MRU2024001919,2024/2025,1,1,BED(P),52,Functional,184000,INSERVICE,REGISTERED,PLANNED
MRU2024001930,2025/2026,1,2,DPE,1,Tuition,230000,INSERVICE,REGISTERED,PLANNED
MRU2024001930,2025/2026,1,2,DPE,52,Functional,154000,INSERVICE,REGISTERED,PLANNED
MRU2024001935,2024/2025,1,2,BECD,1,Tuition,630000,DAY,UNREGISTERED,PLANNED
MRU2024001935,2024/2025,1,2,BECD,52,Functional,687000,DAY,UNREGISTERED,PLANNED
MRU2024001937,2024/2025,1,1,BEICT,1,Tuition,680000,DAY,UNREGISTERED,PLANNED
MRU2024001937,2024/2025,1,1,BEICT,52,Functional,767000,DAY,UNREGISTERED,PLANNED
MRU2024001951,2024/2025,1,1,BBA,1,Tuition,630000,DAY,UNREGISTERED,PLANNED
MRU2024001951,2024/2025,1,1,BBA,52,Functional,767000,DAY,UNREGISTERED,PLANNED
MRU2024001951,2025/2026,1,2,BBA,1,Tuition,630000,DAY,REGISTERED,PLANNED
MRU2024001951,2025/2026,1,2,BBA,52,Functional,687000,DAY,REGISTERED,PLANNED
MRU2024001960,2026/2027,1,3,BED(S),1,Tuition,280000,INSERVICE,UNREGISTERED,PLANNED
MRU2024001960,2026/2027,1,3,BED(S),52,Functional,154000,INSERVICE,UNREGISTERED,PLANNED
MRU2024001960,2026/2027,3,3,BED(S),1,Tuition,280000,INSERVICE,UNREGISTERED,PLANNED
MRU2024001960,2026/2027,3,3,BED(S),52,Functional,234000,INSERVICE,UNREGISTERED,PLANNED
MRU2024001989,2024/2025,1,1,BBA,1,Tuition,630000,WEEKEND,UNREGISTERED,PLANNED
MRU2024001989,2024/2025,1,1,BBA,52,Functional,767000,WEEKEND,UNREGISTERED,PLANNED
MRU2024001998,2024/2025,1,2,BMC,1,Tuition,780000,DAY,UNREGISTERED,PLANNED
MRU2024001998,2024/2025,1,2,BMC,52,Functional,807000,DAY,UNREGISTERED,PLANNED
MRU2024002014,2024/2025,1,1,BAED,1,Tuition,630000,DAY,UNREGISTERED,PLANNED
MRU2024002014,2024/2025,1,1,BAED,52,Functional,767000,DAY,UNREGISTERED,PLANNED
MRU2024002016,2024/2025,1,2,BCE,1,Tuition,1455000,WEEKEND,UNREGISTERED,PLANNED
MRU2024002016,2024/2025,1,2,BCE,52,Functional,1322000,WEEKEND,UNREGISTERED,PLANNED
MRU2024002021,2024/2025,1,1,MHHS,1,Tuition,1563500,WEEKEND,UNREGISTERED,PLANNED
MRU2024002021,2024/2025,1,1,MHHS,52,Functional,914500,WEEKEND,UNREGISTERED,PLANNED
MRU2024002021,2024/2025,2,1,MHHS,1,Tuition,1563500,WEEKEND,UNREGISTERED,PLANNED
MRU2024002021,2024/2025,2,1,MHHS,52,Functional,834500,WEEKEND,UNREGISTERED,PLANNED
MRU2024002022,2024/2025,1,1,BAED,1,Tuition,630000,DAY,UNREGISTERED,PLANNED
MRU2024002022,2024/2025,1,1,BAED,52,Functional,767000,DAY,UNREGISTERED,PLANNED
MRU2024002023,2024/2025,1,1,BVS,1,Tuition,730000,DAY,UNREGISTERED,PLANNED
MRU2024002023,2024/2025,1,1,BVS,52,Functional,985250,DAY,UNREGISTERED,PLANNED
MRU2024002045,2024/2025,1,1,BAED,1,Tuition,630000,DAY,UNREGISTERED,PLANNED
MRU2024002045,2024/2025,1,1,BAED,52,Functional,767000,DAY,UNREGISTERED,PLANNED
MRU2024002047,2024/2025,1,1,BEICT,1,Tuition,680000,DAY,UNREGISTERED,PLANNED
MRU2024002047,2024/2025,1,1,BEICT,52,Functional,767000,DAY,UNREGISTERED,PLANNED
MRU2024002050,2024/2025,1,1,MEMA,1,Tuition,1585000,INSERVICE,UNREGISTERED,PLANNED
MRU2024002050,2024/2025,1,1,MEMA,52,Functional,914500,INSERVICE,UNREGISTERED,PLANNED
MRU2024002060,2024/2025,1,1,DEE,1,Tuition,530000,WEEKEND,UNREGISTERED,PLANNED
MRU2024002060,2024/2025,1,1,DEE,52,Functional,1058500,WEEKEND,UNREGISTERED,PLANNED
MRU2024002062,2024/2025,1,1,BAED,1,Tuition,630000,DAY,UNREGISTERED,PLANNED
MRU2024002062,2024/2025,1,1,BAED,52,Functional,767000,DAY,UNREGISTERED,PLANNED
MRU2024002065,2024/2025,1,1,BAED,1,Tuition,630000,DAY,UNREGISTERED,PLANNED
MRU2024002065,2024/2025,1,1,BAED,52,Functional,767000,DAY,UNREGISTERED,PLANNED
MRU2024002068,2024/2025,1,1,BED(S),1,Tuition,280000,INSERVICE,REGISTERED,PLANNED
MRU2024002068,2024/2025,1,1,BED(S),52,Functional,184000,INSERVICE,REGISTERED,PLANNED
MRU2024002068,2024/2025,2,1,BED(S),1,Tuition,280000,INSERVICE,REGISTERED,PLANNED
MRU2024002068,2024/2025,2,1,BED(S),52,Functional,154000,INSERVICE,REGISTERED,PLANNED
MRU2024002068,2026/2027,1,3,BED(S),1,Tuition,280000,INSERVICE,UNREGISTERED,PLANNED
MRU2024002068,2026/2027,1,3,BED(S),52,Functional,154000,INSERVICE,UNREGISTERED,PLANNED
MRU2024002068,2026/2027,3,3,BED(S),1,Tuition,280000,INSERVICE,UNREGISTERED,PLANNED
MRU2024002068,2026/2027,3,3,BED(S),52,Functional,234000,INSERVICE,UNREGISTERED,PLANNED
MRU2024002073,2024/2025,1,1,BED(S),1,Tuition,280000,INSERVICE,REGISTERED,PLANNED
MRU2024002073,2024/2025,1,1,BED(S),52,Functional,184000,INSERVICE,REGISTERED,PLANNED
MRU2024002073,2026/2027,1,3,BED(S),1,Tuition,280000,INSERVICE,UNREGISTERED,PLANNED
MRU2024002073,2026/2027,1,3,BED(S),52,Functional,154000,INSERVICE,UNREGISTERED,PLANNED
MRU2024002073,2026/2027,3,3,BED(S),1,Tuition,280000,INSERVICE,UNREGISTERED,PLANNED
MRU2024002073,2026/2027,3,3,BED(S),52,Functional,234000,INSERVICE,UNREGISTERED,PLANNED
MRU2024002078,2024/2025,1,1,BAED,1,Tuition,630000,DAY,UNREGISTERED,PLANNED
MRU2024002078,2024/2025,1,1,BAED,52,Functional,767000,DAY,UNREGISTERED,PLANNED
MRU2024002081,2024/2025,1,1,BEICT,1,Tuition,680000,DAY,UNREGISTERED,PLANNED
MRU2024002081,2024/2025,1,1,BEICT,52,Functional,767000,DAY,UNREGISTERED,PLANNED
MRU2024002211,2024/2025,1,1,DPE,1,Tuition,230000,INSERVICE,UNREGISTERED,PLANNED
MRU2024002211,2024/2025,1,1,DPE,52,Functional,184000,INSERVICE,UNREGISTERED,PLANNED
MRU2024002306,2025/2026,1,2,BED(P),1,Tuition,280000,INSERVICE,UNREGISTERED,PLANNED
MRU2024002306,2025/2026,1,2,BED(P),52,Functional,154000,INSERVICE,UNREGISTERED,PLANNED
MRU2024002361,2024/2025,1,1,DPE,1,Tuition,230000,INSERVICE,REGISTERED,PLANNED
MRU2024002361,2024/2025,1,1,DPE,52,Functional,184000,INSERVICE,REGISTERED,PLANNED
MRU2024002364,2024/2025,2,1,BED(P),1,Tuition,280000,INSERVICE,UNREGISTERED,PLANNED
MRU2024002364,2024/2025,2,1,BED(P),52,Functional,154000,INSERVICE,UNREGISTERED,PLANNED
MRU2024002371,2024/2025,1,1,decd,1,Tuition,430000,INSERVICE,UNREGISTERED,PLANNED
MRU2024002371,2024/2025,1,1,decd,52,Functional,767000,INSERVICE,UNREGISTERED,PLANNED
MRU2024002399,2025/2026,1,2,BED(P),1,Tuition,280000,INSERVICE,UNREGISTERED,PLANNED
MRU2024002399,2025/2026,1,2,BED(P),52,Functional,154000,INSERVICE,UNREGISTERED,PLANNED
MRU2025002170,2024/2025,1,1,DPE,1,Tuition,230000,INSERVICE,UNREGISTERED,PLANNED
MRU2025002170,2024/2025,1,1,DPE,52,Functional,184000,INSERVICE,UNREGISTERED,PLANNED
MRU2025002286,2025/2026,1,1,BIT,1,Tuition,780000,WEEKEND,REGISTERED,PLANNED
MRU2025002286,2025/2026,1,1,BIT,52,Functional,867000,WEEKEND,REGISTERED,PLANNED
MRU2025002357,2024/2025,1,1,BED(P),1,Tuition,280000,INSERVICE,REGISTERED,PLANNED
MRU2025002357,2024/2025,1,1,BED(P),52,Functional,184000,INSERVICE,REGISTERED,PLANNED
MRU2025002357,2024/2025,3,1,BED(P),1,Tuition,280000,INSERVICE,REGISTERED,PLANNED
MRU2025002357,2024/2025,3,1,BED(P),52,Functional,154000,INSERVICE,REGISTERED,PLANNED
MRU2025002357,2026/2027,1,3,BED(P),1,Tuition,280000,INSERVICE,UNREGISTERED,PLANNED
MRU2025002357,2026/2027,1,3,BED(P),52,Functional,154000,INSERVICE,UNREGISTERED,PLANNED
MRU2025002357,2026/2027,3,3,BED(P),1,Tuition,280000,INSERVICE,UNREGISTERED,PLANNED
MRU2025002357,2026/2027,3,3,BED(P),52,Functional,234000,INSERVICE,UNREGISTERED,PLANNED
MRU2025002996,2026/2027,2,1,DCE,1,Tuition,530000,DAY,UNREGISTERED,PLANNED
MRU2025002996,2026/2027,2,1,DCE,52,Functional,1094500,DAY,UNREGISTERED,PLANNED
MRU2025003198,2025/2026,2,1,BEE,1,Tuition,1455000,DAY,REGISTERED,PLANNED
MRU2025003198,2025/2026,2,1,BEE,52,Functional,1312000,DAY,REGISTERED,PLANNED
MRU2025003581,2026/2027,3,2,BED(P),1,Tuition,280000,INSERVICE,UNREGISTERED,PLANNED
MRU2025003581,2026/2027,3,2,BED(P),52,Functional,154000,INSERVICE,UNREGISTERED,PLANNED
MRU2025003659,2025/2026,1,1,decd,1,Tuition,430000,INSERVICE,CLEARED,PLANNED
MRU2025003659,2025/2026,1,1,decd,52,Functional,767000,INSERVICE,CLEARED,PLANNED
MRU2025003659,2026/2027,2,2,decd,1,Tuition,430000,INSERVICE,UNREGISTERED,PLANNED
MRU2025003659,2026/2027,2,2,decd,52,Functional,933000,INSERVICE,UNREGISTERED,PLANNED
MRU2025003741,2026/2027,3,2,DPE,1,Tuition,230000,INSERVICE,UNREGISTERED,PLANNED
MRU2025003741,2026/2027,3,2,DPE,52,Functional,344000,INSERVICE,UNREGISTERED,PLANNED
MRU2025003742,2025/2026,1,1,decd,1,Tuition,430000,INSERVICE,REGISTERED,PLANNED
MRU2025003742,2025/2026,1,1,decd,52,Functional,767000,INSERVICE,REGISTERED,PLANNED
MRU2025003742,2026/2027,2,2,decd,1,Tuition,430000,INSERVICE,REGISTERED,PLANNED
MRU2025003742,2026/2027,2,2,decd,52,Functional,933000,INSERVICE,REGISTERED,PLANNED
MRU2025003761,2026/2027,3,2,BED(P),1,Tuition,280000,INSERVICE,UNREGISTERED,PLANNED
MRU2025003761,2026/2027,3,2,BED(P),52,Functional,154000,INSERVICE,UNREGISTERED,PLANNED
MRU2025003770,2026/2027,3,2,BED(P),1,Tuition,280000,INSERVICE,UNREGISTERED,PLANNED
MRU2025003770,2026/2027,3,2,BED(P),52,Functional,154000,INSERVICE,UNREGISTERED,PLANNED
MRU2025003775,2026/2027,3,2,BED(P),1,Tuition,280000,INSERVICE,UNREGISTERED,PLANNED
MRU2025003775,2026/2027,3,2,BED(P),52,Functional,154000,INSERVICE,UNREGISTERED,PLANNED
MRU2025003806,2026/2027,3,2,BED(P),1,Tuition,280000,INSERVICE,UNREGISTERED,PLANNED
MRU2025003806,2026/2027,3,2,BED(P),52,Functional,154000,INSERVICE,UNREGISTERED,PLANNED
MRU2025003811,2026/2027,3,2,DPE,1,Tuition,230000,INSERVICE,UNREGISTERED,PLANNED
MRU2025003811,2026/2027,3,2,DPE,52,Functional,344000,INSERVICE,UNREGISTERED,PLANNED
MRU2025003812,2026/2027,3,2,BED(P),1,Tuition,280000,INSERVICE,UNREGISTERED,PLANNED
MRU2025003812,2026/2027,3,2,BED(P),52,Functional,154000,INSERVICE,UNREGISTERED,PLANNED
MRU2025003813,2026/2027,3,2,BED(P),1,Tuition,280000,INSERVICE,UNREGISTERED,PLANNED
MRU2025003813,2026/2027,3,2,BED(P),52,Functional,154000,INSERVICE,UNREGISTERED,PLANNED
MRU2025003834,2026/2027,3,2,BED(P),1,Tuition,280000,INSERVICE,UNREGISTERED,PLANNED
MRU2025003834,2026/2027,3,2,BED(P),52,Functional,154000,INSERVICE,UNREGISTERED,PLANNED
MRU2025003839,2025/2026,1,1,decd,1,Tuition,430000,INSERVICE,REGISTERED,PLANNED
MRU2025003839,2025/2026,1,1,decd,52,Functional,767000,INSERVICE,REGISTERED,PLANNED
MRU2025003839,2025/2026,2,1,decd,1,Tuition,430000,INSERVICE,CLEARED,PLANNED
MRU2025003839,2025/2026,2,1,decd,52,Functional,877000,INSERVICE,CLEARED,PLANNED
MRU2025003892,2025/2026,1,1,BIT,1,Tuition,780000,DAY,REGISTERED,PLANNED
MRU2025003892,2025/2026,1,1,BIT,52,Functional,867000,DAY,REGISTERED,PLANNED
MRU2025003909,2025/2026,1,1,BIT,1,Tuition,780000,WEEKEND,REGISTERED,PLANNED
MRU2025003909,2025/2026,1,1,BIT,52,Functional,867000,WEEKEND,REGISTERED,PLANNED
MRU2025003912,2025/2026,1,1,BAED,1,Tuition,630000,DAY,REGISTERED,PLANNED
MRU2025003912,2025/2026,1,1,BAED,52,Functional,767000,DAY,REGISTERED,PLANNED
MRU2025004069,2025/2026,1,1,DIT,1,Tuition,430000,DAY,REGISTERED,PLANNED
MRU2025004069,2025/2026,1,1,DIT,52,Functional,917000,DAY,REGISTERED,PLANNED
MRU2025004075,2025/2026,2,1,BMC,1,Tuition,780000,DAY,REGISTERED,PLANNED
MRU2025004075,2025/2026,2,1,BMC,52,Functional,797000,DAY,REGISTERED,PLANNED
MRU2025004101,2025/2026,1,1,BSAF,1,Tuition,630000,WEEKEND,REGISTERED,PLANNED
MRU2025004101,2025/2026,1,1,BSAF,52,Functional,767000,WEEKEND,REGISTERED,PLANNED
MRU2025004145,2025/2026,1,3,BCE,1,Tuition,1455000,WEEKEND,REGISTERED,PLANNED
MRU2025004145,2025/2026,1,3,BCE,52,Functional,1298000,WEEKEND,REGISTERED,PLANNED
MRU2025004184,2025/2026,1,1,BEICT,1,Tuition,680000,DAY,REGISTERED,PLANNED
MRU2025004184,2025/2026,1,1,BEICT,52,Functional,767000,DAY,REGISTERED,PLANNED
MRU2025004194,2025/2026,1,1,BBA,1,Tuition,630000,DAY,REGISTERED,PLANNED
MRU2025004194,2025/2026,1,1,BBA,52,Functional,767000,DAY,REGISTERED,PLANNED
MRU2025004195,2025/2026,1,1,BSAF,1,Tuition,630000,WEEKEND,REGISTERED,PLANNED
MRU2025004195,2025/2026,1,1,BSAF,52,Functional,767000,WEEKEND,REGISTERED,PLANNED
MRU2025004203,2025/2026,1,1,DIT,1,Tuition,430000,WEEKEND,UNREGISTERED,PLANNED
MRU2025004203,2025/2026,1,1,DIT,52,Functional,917000,WEEKEND,UNREGISTERED,PLANNED
MRU2025004232,2025/2026,1,1,BEICT,1,Tuition,680000,DAY,REGISTERED,PLANNED
MRU2025004232,2025/2026,1,1,BEICT,52,Functional,767000,DAY,REGISTERED,PLANNED
MRU2026000012,2025/2026,1,1,BED(P),1,Tuition,280000,INSERVICE,REGISTERED,PLANNED
MRU2026000012,2025/2026,1,1,BED(P),52,Functional,184000,INSERVICE,REGISTERED,PLANNED
MRU2026004240,2026/2027,1,1,BMC,1,Tuition,780000,DAY,UNREGISTERED,PLANNED
MRU2026004240,2026/2027,1,1,BMC,52,Functional,887000,DAY,UNREGISTERED,PLANNED
MRU2026004266,2026/2027,1,1,BED(P),1,Tuition,280000,INSERVICE,UNREGISTERED,PLANNED
MRU2026004266,2026/2027,1,1,BED(P),52,Functional,184000,INSERVICE,UNREGISTERED,PLANNED
MRU2026004284,2026/2027,1,1,HEC,1,Tuition,400000,DAY,UNREGISTERED,PLANNED
MRU2026004284,2026/2027,1,1,HEC,52,Functional,430000,DAY,UNREGISTERED,PLANNED
MRU2026004293,2026/2027,1,1,HEC,1,Tuition,400000,DAY,UNREGISTERED,PLANNED
MRU2026004293,2026/2027,1,1,HEC,52,Functional,430000,DAY,UNREGISTERED,PLANNED
MRU2026004296,2026/2027,1,1,DPE,1,Tuition,230000,INSERVICE,UNREGISTERED,PLANNED
MRU2026004296,2026/2027,1,1,DPE,52,Functional,184000,INSERVICE,UNREGISTERED,PLANNED
MRU2026004329,2026/2027,1,1,HEC,1,Tuition,400000,DAY,UNREGISTERED,PLANNED
MRU2026004329,2026/2027,1,1,HEC,52,Functional,430000,DAY,UNREGISTERED,PLANNED
MRU2026004375,2026/2027,1,1,HEC,1,Tuition,400000,DAY,UNREGISTERED,PLANNED
MRU2026004375,2026/2027,1,1,HEC,52,Functional,430000,DAY,UNREGISTERED,PLANNED
MRU2026004380,2026/2027,1,1,BED(P),1,Tuition,280000,INSERVICE,UNREGISTERED,PLANNED
MRU2026004380,2026/2027,1,1,BED(P),52,Functional,184000,INSERVICE,UNREGISTERED,PLANNED
MRU2026004437,2026/2027,1,1,BED(P),1,Tuition,280000,INSERVICE,UNREGISTERED,PLANNED
MRU2026004437,2026/2027,1,1,BED(P),52,Functional,184000,INSERVICE,UNREGISTERED,PLANNED
MRU2026004440,2026/2027,1,1,DPE,1,Tuition,230000,INSERVICE,UNREGISTERED,PLANNED
MRU2026004440,2026/2027,1,1,DPE,52,Functional,184000,INSERVICE,UNREGISTERED,PLANNED
MRU2026004458,2026/2027,1,1,DPE,1,Tuition,230000,INSERVICE,UNREGISTERED,PLANNED
MRU2026004458,2026/2027,1,1,DPE,52,Functional,184000,INSERVICE,UNREGISTERED,PLANNED
MRU2026004501,2026/2027,1,1,DPE,1,Tuition,230000,INSERVICE,UNREGISTERED,PLANNED
MRU2026004501,2026/2027,1,1,DPE,52,Functional,184000,INSERVICE,UNREGISTERED,PLANNED
MRU2026004506,2026/2027,1,1,DPE,1,Tuition,230000,INSERVICE,UNREGISTERED,PLANNED
MRU2026004506,2026/2027,1,1,DPE,52,Functional,184000,INSERVICE,UNREGISTERED,PLANNED
MRU2026004512,2026/2027,1,1,decd,1,Tuition,430000,INSERVICE,UNREGISTERED,PLANNED
MRU2026004512,2026/2027,1,1,decd,52,Functional,767000,INSERVICE,UNREGISTERED,PLANNED
MRU2026004512,2026/2027,2,1,decd,1,Tuition,430000,INSERVICE,REGISTERED,PLANNED
MRU2026004512,2026/2027,2,1,decd,52,Functional,877000,INSERVICE,REGISTERED,PLANNED
MRU2026004513,2026/2027,1,1,HEC,1,Tuition,400000,DAY,UNREGISTERED,PLANNED
MRU2026004513,2026/2027,1,1,HEC,52,Functional,430000,DAY,UNREGISTERED,PLANNED
MRU2026004516,2026/2027,1,1,BED(P),1,Tuition,280000,INSERVICE,UNREGISTERED,PLANNED
MRU2026004516,2026/2027,1,1,BED(P),52,Functional,184000,INSERVICE,UNREGISTERED,PLANNED
MRU2026004523,2026/2027,1,1,DPE,1,Tuition,230000,INSERVICE,UNREGISTERED,PLANNED
MRU2026004523,2026/2027,1,1,DPE,52,Functional,184000,INSERVICE,UNREGISTERED,PLANNED
MRU2026004525,2026/2027,1,1,BED(P),1,Tuition,280000,INSERVICE,UNREGISTERED,PLANNED
MRU2026004525,2026/2027,1,1,BED(P),52,Functional,184000,INSERVICE,UNREGISTERED,PLANNED
MRU2026004532,2026/2027,1,1,DPE,1,Tuition,230000,INSERVICE,UNREGISTERED,PLANNED
MRU2026004532,2026/2027,1,1,DPE,52,Functional,184000,INSERVICE,UNREGISTERED,PLANNED
MRU2026004535,2026/2027,1,1,BED(P),1,Tuition,280000,INSERVICE,UNREGISTERED,PLANNED
MRU2026004535,2026/2027,1,1,BED(P),52,Functional,184000,INSERVICE,UNREGISTERED,PLANNED
MRU2026004536,2026/2027,1,1,BED(P),1,Tuition,280000,INSERVICE,UNREGISTERED,PLANNED
MRU2026004536,2026/2027,1,1,BED(P),52,Functional,184000,INSERVICE,UNREGISTERED,PLANNED
MRU2026004540,2026/2027,1,1,BED(ECD),1,Tuition,280000,INSERVICE,UNREGISTERED,PLANNED
MRU2026004540,2026/2027,1,1,BED(ECD),52,Functional,184000,INSERVICE,UNREGISTERED,PLANNED
MRU2026004542,2026/2027,1,1,decd,1,Tuition,430000,INSERVICE,UNREGISTERED,PLANNED
MRU2026004542,2026/2027,1,1,decd,52,Functional,767000,INSERVICE,UNREGISTERED,PLANNED
MRU2026004542,2026/2027,2,1,decd,1,Tuition,430000,INSERVICE,REGISTERED,PLANNED
MRU2026004542,2026/2027,2,1,decd,52,Functional,877000,INSERVICE,REGISTERED,PLANNED
MRU2026004602,2026/2027,1,1,DPE,1,Tuition,230000,INSERVICE,UNREGISTERED,PLANNED
MRU2026004602,2026/2027,1,1,DPE,52,Functional,184000,INSERVICE,UNREGISTERED,PLANNED
MRU2026004603,2026/2027,1,1,DPE,1,Tuition,230000,INSERVICE,UNREGISTERED,PLANNED
MRU2026004603,2026/2027,1,1,DPE,52,Functional,184000,INSERVICE,UNREGISTERED,PLANNED
MRU2026004617,2026/2027,1,1,DPE,1,Tuition,230000,INSERVICE,UNREGISTERED,PLANNED
MRU2026004617,2026/2027,1,1,DPE,52,Functional,184000,INSERVICE,UNREGISTERED,PLANNED
MRU2026004621,2026/2027,1,1,HEC,1,Tuition,400000,DAY,UNREGISTERED,PLANNED
MRU2026004621,2026/2027,1,1,HEC,52,Functional,430000,DAY,UNREGISTERED,PLANNED
MRU2026004630,2026/2027,1,1,DPE,1,Tuition,230000,INSERVICE,UNREGISTERED,PLANNED
MRU2026004630,2026/2027,1,1,DPE,52,Functional,184000,INSERVICE,UNREGISTERED,PLANNED
MRU2026004647,2026/2027,1,1,HEC,1,Tuition,400000,DAY,UNREGISTERED,PLANNED
MRU2026004647,2026/2027,1,1,HEC,52,Functional,430000,DAY,UNREGISTERED,PLANNED
MRU2026004651,2026/2027,1,1,DPE,1,Tuition,230000,INSERVICE,UNREGISTERED,PLANNED
MRU2026004651,2026/2027,1,1,DPE,52,Functional,184000,INSERVICE,UNREGISTERED,PLANNED
MRU2026004770,2026/2027,1,1,HEC,1,Tuition,400000,DAY,UNREGISTERED,PLANNED
MRU2026004770,2026/2027,1,1,HEC,52,Functional,430000,DAY,UNREGISTERED,PLANNED
MRU2026004774,2026/2027,1,1,HEC,1,Tuition,400000,DAY,UNREGISTERED,PLANNED
MRU2026004774,2026/2027,1,1,HEC,52,Functional,430000,DAY,UNREGISTERED,PLANNED
